name	type	group	opc_item	writes	reads	description
Alarm16Level	Boolean	СилКорпус / Выходные переменные / Служебные	|var|PLC210 (Arm32bit + Linux ).Application.PLC_PRG.mo1DO32	Alarm,AlarmTest_OnClick,ManualStart	AlarmTest_OnClick	Выходное реле запуска звукового оповещения 16 этажа
Alarm1Level	Integer	СилКорпус / Выходные переменные / Служебные	|var|PLC210 (Arm32bit + Linux ).Application.PLC_PRG.mo1DO32	Alarm,AlarmTest_OnClick,ManualStart	AlarmTest_OnClick	Выходное реле запуска звукового оповещения первого этажа
AlarmStartTimer	Integer	СилКорпус / Таймеры / Служебные таймеры		Alarm	Alarm	Таймер контроля аварийного звукового оповещения
AlarmStatus	Boolean	СилКорпус / Служебные переменные		Alarm,MnemoControlN	Alarm	Статус запуска аварийного звукового оповещения
AlarmStatusN1	Boolean	СилКорпус / Статусы механизмов / Нории		AlarmDropButton_OnClick		Состояние аварии нории
AlarmStatusN10	Boolean	СилКорпус / Статусы механизмов / Нории				Состояние аварии нории
AlarmStatusN2	Boolean	СилКорпус / Статусы механизмов / Нории		AlarmDropButton_OnClick		Состояние аварии нории
AlarmStatusN3	Boolean	СилКорпус / Статусы механизмов / Нории		AlarmDropButton_OnClick		Состояние аварии нории
AlarmStatusN4	Boolean	СилКорпус / Статусы механизмов / Нории		AlarmDropButton_OnClick		Состояние аварии нории
AlarmStatusN5	Boolean	СилКорпус / Статусы механизмов / Нории		AlarmDropButton_OnClick		Состояние аварии нории
AlarmStatusN6	Boolean	СилКорпус / Статусы механизмов / Нории		AlarmDropButton_OnClick		Состояние аварии нории
AlarmStatusN7	Boolean	СилКорпус / Статусы механизмов / Нории		AlarmDropButton_OnClick		Состояние аварии нории
AlarmStatusN8	Boolean	СилКорпус / Статусы механизмов / Нории		AlarmDropButton_OnClick		Состояние аварии нории
AlarmStatusN9	Boolean	СилКорпус / Статусы механизмов / Нории		AlarmDropButton_OnClick		Состояние аварии нории
AlarmStatusT1	Boolean	СилКорпус / Статусы механизмов / Транспортеры		AlarmDropButton_OnClick		Состояние аварии транспортера
AlarmStatusT10	Boolean	СилКорпус / Статусы механизмов / Транспортеры		AlarmDropButton_OnClick		Состояние аварии транспортера
AlarmStatusT11	Boolean	СилКорпус / Статусы механизмов / Транспортеры		AlarmDropButton_OnClick		Состояние аварии транспортера
AlarmStatusT12	Boolean	СилКорпус / Статусы механизмов / Транспортеры		AlarmDropButton_OnClick		Состояние аварии транспортера
AlarmStatusT13	Boolean	СилКорпус / Статусы механизмов / Транспортеры		AlarmDropButton_OnClick		Состояние аварии транспортера
AlarmStatusT14	Boolean	СилКорпус / Статусы механизмов / Транспортеры		AlarmDropButton_OnClick		Состояние аварии транспортера
AlarmStatusT15	Boolean	СилКорпус / Статусы механизмов / Транспортеры		AlarmDropButton_OnClick		Состояние аварии транспортера
AlarmStatusT16	Boolean	СилКорпус / Статусы механизмов / Транспортеры		AlarmDropButton_OnClick		Состояние аварии транспортера
AlarmStatusT17	Boolean	СилКорпус / Статусы механизмов / Транспортеры		AlarmDropButton_OnClick		Состояние аварии транспортера
AlarmStatusT18	Boolean	СилКорпус / Статусы механизмов / Транспортеры		AlarmDropButton_OnClick		Состояние аварии транспортера
AlarmStatusT19	Boolean	СилКорпус / Статусы механизмов / Транспортеры				Состояние аварии транспортера
AlarmStatusT2	Boolean	СилКорпус / Статусы механизмов / Транспортеры		AlarmDropButton_OnClick		Состояние аварии транспортера
AlarmStatusT20	Boolean	СилКорпус / Статусы механизмов / Транспортеры				Состояние аварии транспортера
AlarmStatusT3	Boolean	СилКорпус / Статусы механизмов / Транспортеры		AlarmDropButton_OnClick		Состояние аварии транспортера
AlarmStatusT4	Boolean	СилКорпус / Статусы механизмов / Транспортеры		AlarmDropButton_OnClick		Состояние аварии транспортера
AlarmStatusT5	Boolean	СилКорпус / Статусы механизмов / Транспортеры		AlarmDropButton_OnClick		Состояние аварии транспортера
AlarmStatusT6	Boolean	СилКорпус / Статусы механизмов / Транспортеры		AlarmDropButton_OnClick		Состояние аварии транспортера
AlarmStatusT7	Boolean	СилКорпус / Статусы механизмов / Транспортеры		AlarmDropButton_OnClick		Состояние аварии транспортера
AlarmStatusT8	Boolean	СилКорпус / Статусы механизмов / Транспортеры		AlarmDropButton_OnClick		Состояние аварии транспортера
AlarmStatusT9	Boolean	СилКорпус / Статусы механизмов / Транспортеры		AlarmDropButton_OnClick		Состояние аварии транспортера
AlarmTimeN1	Integer	СилКорпус / Таймеры / Нории / Таймеры аварий		MnemoControlN	MnemoControlN	Таймер аварии нории
AlarmTimeN10	Integer	СилКорпус / Таймеры / Нории / Таймеры аварий				Таймер аварии нории
AlarmTimeN2	Integer	СилКорпус / Таймеры / Нории / Таймеры аварий		MnemoControlN	MnemoControlN	Таймер аварии нории
AlarmTimeN3	Integer	СилКорпус / Таймеры / Нории / Таймеры аварий		MnemoControlN	MnemoControlN	Таймер аварии нории
AlarmTimeN4	Integer	СилКорпус / Таймеры / Нории / Таймеры аварий		MnemoControlN	MnemoControlN	Таймер аварии нории
AlarmTimeN5	Integer	СилКорпус / Таймеры / Нории / Таймеры аварий		MnemoControlN	MnemoControlN	Таймер аварии нории
AlarmTimeN6	Integer	СилКорпус / Таймеры / Нории / Таймеры аварий		MnemoControlN	MnemoControlN	Таймер аварии нории
AlarmTimeN7	Integer	СилКорпус / Таймеры / Нории / Таймеры аварий		MnemoControlN	MnemoControlN	Таймер аварии нории
AlarmTimeN8	Integer	СилКорпус / Таймеры / Нории / Таймеры аварий		MnemoControlN	MnemoControlN	Таймер аварии нории
AlarmTimeN9	Integer	СилКорпус / Таймеры / Нории / Таймеры аварий		MnemoControlN	MnemoControlN	Таймер аварии нории
AlarmTimeT1	Integer	СилКорпус / Таймеры / Транспортеры / Таймеры аварий				Таймер аварии транспортера
AlarmTimeT10	Integer	СилКорпус / Таймеры / Транспортеры / Таймеры аварий				Таймер аварии транспортера
AlarmTimeT11	Integer	СилКорпус / Таймеры / Транспортеры / Таймеры аварий				Таймер аварии транспортера
AlarmTimeT12	Integer	СилКорпус / Таймеры / Транспортеры / Таймеры аварий				Таймер аварии транспортера
AlarmTimeT13	Integer	СилКорпус / Таймеры / Транспортеры / Таймеры аварий				Таймер аварии транспортера
AlarmTimeT14	Integer	СилКорпус / Таймеры / Транспортеры / Таймеры аварий				Таймер аварии транспортера
AlarmTimeT15	Integer	СилКорпус / Таймеры / Транспортеры / Таймеры аварий				Таймер аварии транспортера
AlarmTimeT16	Integer	СилКорпус / Таймеры / Транспортеры / Таймеры аварий				Таймер аварии транспортера
AlarmTimeT17	Integer	СилКорпус / Таймеры / Транспортеры / Таймеры аварий				Таймер аварии транспортера
AlarmTimeT18	Integer	СилКорпус / Таймеры / Транспортеры / Таймеры аварий				Таймер аварии транспортера
AlarmTimeT19	Integer	СилКорпус / Таймеры / Транспортеры / Таймеры аварий				Таймер аварии транспортера
AlarmTimeT2	Integer	СилКорпус / Таймеры / Транспортеры / Таймеры аварий				Таймер аварии транспортера
AlarmTimeT20	Integer	СилКорпус / Таймеры / Транспортеры / Таймеры аварий				Таймер аварии транспортера
AlarmTimeT3	Integer	СилКорпус / Таймеры / Транспортеры / Таймеры аварий				Таймер аварии транспортера
AlarmTimeT4	Integer	СилКорпус / Таймеры / Транспортеры / Таймеры аварий				Таймер аварии транспортера
AlarmTimeT5	Integer	СилКорпус / Таймеры / Транспортеры / Таймеры аварий				Таймер аварии транспортера
AlarmTimeT6	Integer	СилКорпус / Таймеры / Транспортеры / Таймеры аварий				Таймер аварии транспортера
AlarmTimeT7	Integer	СилКорпус / Таймеры / Транспортеры / Таймеры аварий				Таймер аварии транспортера
AlarmTimeT8	Integer	СилКорпус / Таймеры / Транспортеры / Таймеры аварий				Таймер аварии транспортера
AlarmTimeT9	Integer	СилКорпус / Таймеры / Транспортеры / Таймеры аварий				Таймер аварии транспортера
BlockControl	Boolean	СилКорпус / Служебные переменные		BlockControlButton_OnClick	BlockControlButton_OnClick,BlockControlMnemo	
CalculateCount	Double	СилКорпус / Переменные весового терминала		CalculateLocalCounter	CalculateLocalCounter	
Capacity	Double	СилКорпус / Переменные весового терминала		Prod,StartVesIndicators	ErrorCapacitControl	
ClearLocalCounter	Boolean	СилКорпус / Переменные весового терминала			ClearLocalCounterButton_OnClick	
Count	Double	СилКорпус / Переменные весового терминала		Prod	Prod	
L1_D1_C_C	Double	СилКорпус / Переменные весового терминала	L1_D1_C_C		Prod	
L1_D1_C_E	Double	СилКорпус / Переменные весового терминала	L1_D1_C_E		CalculateLocalCounter	
L1_D1_C_P	Double	СилКорпус / Переменные весового терминала	L1_D1_C_P			
L1_D1_C_d	Double	СилКорпус / Переменные весового терминала	L1_D1_C_d			
L1_D1_C_n	Double	СилКорпус / Переменные весового терминала	L1_D1_C_n			
L1_D1_C_t	Double	СилКорпус / Переменные весового терминала	L1_D1_C_t			
L1_D1_Cmd	Word	СилКорпус / Переменные весового терминала	L1_D1_Cmd	VesInWork_OnClick,VesRead_OnClick,VesStopCircle_OnClick,VesThrue_OnClick,VesWrite_OnClick		
L1_D1_D_In1	Word	СилКорпус / Переменные весового терминала	L1_D1_D_In1			
L1_D1_D_In2	Word	СилКорпус / Переменные весового терминала	L1_D1_D_In2			
L1_D1_D_Out1	Single	СилКорпус / Переменные весового терминала	L1_D1_D_Out1			
L1_D1_D_Out2	Single	СилКорпус / Переменные весового терминала	L1_D1_D_Out2			
L1_D1_Par_Capacity	Double	СилКорпус / Переменные весового терминала	L1_D1_Par_Capacity			
L1_D1_Par_OSigma	Double	СилКорпус / Переменные весового терминала	L1_D1_Par_OSigma			
L1_D1_Par_TDampers	Single	СилКорпус / Переменные весового терминала	L1_D1_Par_TDampers			
L1_D1_Par_TDel	Double	СилКорпус / Переменные весового терминала	L1_D1_Par_TDel			
L1_D1_Par_TankageLadel	Double	СилКорпус / Переменные весового терминала	L1_D1_Par_TankageLadel			
L1_D1_Par_WLadel	Double	СилКорпус / Переменные весового терминала	L1_D1_Par_WLadel			
L1_D1_S_Dose	Word	СилКорпус / Переменные весового терминала	L1_D1_S_Dose			
L1_D1_S_Error	Word	СилКорпус / Переменные весового терминала	L1_D1_S_Error	VesErrorOff_OnClick	Indicators,StartVesIndicators	
L1_D1_S_Load	Word	СилКорпус / Переменные весового терминала	L1_D1_S_Load			
L1_D1_S_Pause	Word	СилКорпус / Переменные весового терминала	L1_D1_S_Pause		Indicators,StartVesIndicators	
L1_D1_S_Start	Word	СилКорпус / Переменные весового терминала	L1_D1_S_Start	VesStartImage_OnClick	Indicators,StartVesIndicators	
L1_D1_S_Stop	Word	СилКорпус / Переменные весового терминала	L1_D1_S_Stop	VesStopImage_OnClick	Indicators,StartVesIndicators	
L1_D1_S_UnLoad	Word	СилКорпус / Переменные весового терминала	L1_D1_S_UnLoad			
L1_D1_Weight	Double	СилКорпус / Переменные весового терминала	L1_D1_Weight			
LatchBottomStatus	Boolean	СилКорпус / Переменные весового терминала			Indicators,StartVesIndicators	
LatchHighStatus	Boolean	СилКорпус / Переменные весового терминала			Indicators,StartVesIndicators	
LocalCounter	Double	СилКорпус / Переменные весового терминала		CalculateLocalCounter,ClearLocalCounterButton_OnClick	CalculateLocalCounter	
LocalCounterTimer	Integer	СилКорпус / Переменные весового терминала		CalculateLocalCounter	CalculateLocalCounter	
ManualStartStatus	Boolean	СилКорпус / Служебные переменные		ManualStart,StartButtonC10_OnClick,StartButtonC11_OnClick,StartButtonC12_OnClick,StartButtonC1_OnClick,StartButtonC1a_OnClick,StartButtonC2_OnClick,StartButtonC2a_OnClick,StartButtonC3_OnClick,StartButtonC4_OnClick,StartButtonC7_OnClick,StartButtonC8_OnClick,StartButtonC9_OnClick,StartButtonN11_OnClick,StartButtonN1_OnClick,StartButtonN1a_OnClick,StartButtonN2_OnClick,StartButtonN2a_OnClick,StartButtonN3_OnClick,StartButtonN4_OnClick,StartButtonN5_OnClick,StartButtonN6_OnClick,StartForwardButtonT10_OnClick,StartForwardButtonT11_OnClick,StartForwardButtonT17_OnClick,StartForwardButtonT17a_OnClick,StartForwardButtonT1_OnClick,StartForwardButtonT22_OnClick,StartForwardButtonT24_OnClick,StartForwardButtonT25_OnClick,StartForwardButtonT2_OnClick,StartForwardButtonT3_OnClick,StartForwardButtonT4_OnClick,StartForwardButtonT5_OnClick,StartForwardButtonT6_OnClick,StartForwardButtonT7_OnClick,StartForwardButtonT8_OnClick,StartForwardButtonT8a_OnClick,StartForwardButtonT9_OnClick,StartForwardButtonT9a_OnClick,StartReversButtonT10_OnClick,StartReversButtonT11_OnClick,StartReversButtonT17_OnClick,StartReversButtonT17a_OnClick,StartReversButtonT1_OnClick,StartReversButtonT22_OnClick,StartReversButtonT24_OnClick,StartReversButtonT25_OnClick,StartReversButtonT2_OnClick,StartReversButtonT3_OnClick,StartReversButtonT4_OnClick,StartReversButtonT5_OnClick,StartReversButtonT6_OnClick,StartReversButtonT7_OnClick,StartReversButtonT8_OnClick,StartReversButtonT8a_OnClick,StartReversButtonT9_OnClick,StartReversButtonT9a_OnClick	ManualStart	Статус запускающий алгоритм запуска оборудования
ManualTimer	Integer	СилКорпус / Таймеры / Служебные таймеры		ManualStart	ManualStart	Таймер контроля алгоритма пуска механизмов
ManualTimerAlarm	Integer	СилКорпус / Таймеры / Служебные таймеры		ManualStart	ManualStart	Таймер контроля алгоритма пуска механизмов
ManualTimerDelay	Integer	СилКорпус / Таймеры / Служебные таймеры		ManualStart	ManualStart	Таймер контроля алгоритма пуска механизмов
MembSensorAT1	Boolean	СилКорпус / Входные переменные / Транспортеры	|var|PLC210 (Arm32bit + Linux ).Application.PLC_PRG.t1DI21		MnemoControlT	Сигнал мембранного датчика транспортера
MembSensorAT2	Boolean	СилКорпус / Входные переменные / Транспортеры	|var|PLC210 (Arm32bit + Linux ).Application.PLC_PRG.t1DI22		MnemoControlT	Сигнал мембранного датчика транспортера
MembSensorAT3	Boolean	СилКорпус / Входные переменные / Транспортеры	|var|PLC210 (Arm32bit + Linux ).Application.PLC_PRG.t1DI22		MnemoControlT	Сигнал мембранного датчика транспортера
MembSensorAT4	Boolean	СилКорпус / Входные переменные / Транспортеры	|var|PLC210 (Arm32bit + Linux ).Application.PLC_PRG.t4DI21		MnemoControlT	Сигнал мембранного датчика транспортера
MembSensorAT5	Boolean	СилКорпус / Входные переменные / Транспортеры	|var|PLC210 (Arm32bit + Linux ).Application.PLC_PRG.t5DI21		MnemoControlT	Сигнал мембранного датчика транспортера
MembSensorAT6	Boolean	СилКорпус / Входные переменные / Транспортеры	|var|PLC210 (Arm32bit + Linux ).Application.PLC_PRG.t6DI32		MnemoControlT	Сигнал мембранного датчика транспортера
MembSensorAT7	Boolean	СилКорпус / Входные переменные / Транспортеры	|var|PLC210 (Arm32bit + Linux ).Application.PLC_PRG.t7DI32		MnemoControlT	Сигнал мембранного датчика транспортера
MembSensorBT1	Boolean	СилКорпус / Входные переменные / Транспортеры				Сигнал мембранного датчика транспортера
MembSensorBT2	Boolean	СилКорпус / Входные переменные / Транспортеры				Сигнал мембранного датчика транспортера
MembSensorBT3	Boolean	СилКорпус / Входные переменные / Транспортеры				Сигнал мембранного датчика транспортера
MembSensorBT4	Boolean	СилКорпус / Входные переменные / Транспортеры	|var|PLC210 (Arm32bit + Linux ).Application.PLC_PRG.t4DI22		MnemoControlT	Сигнал мембранного датчика транспортера
MembSensorBT5	Boolean	СилКорпус / Входные переменные / Транспортеры	|var|PLC210 (Arm32bit + Linux ).Application.PLC_PRG.t5DI22		MnemoControlT	Сигнал мембранного датчика транспортера
MembSensorBT6	Boolean	СилКорпус / Входные переменные / Транспортеры	|var|PLC210 (Arm32bit + Linux ).Application.PLC_PRG.t6DI1		MnemoControlT	Сигнал мембранного датчика транспортера
MembSensorBT7	Boolean	СилКорпус / Входные переменные / Транспортеры	|var|PLC210 (Arm32bit + Linux ).Application.PLC_PRG.t7DI1		MnemoControlT	Сигнал мембранного датчика транспортера
PingPLC16Flor	Boolean	СилКорпус / Служебные переменные		PingControl	MnemoControlC,MnemoControlN,MnemoControlT,StopButtonsControl	Переменная контроля состояни связи с контроллером
RPMTimerT1	Integer	СилКорпус / Таймеры / Транспортеры / Таймеры контроля оборотов валов				
RPMTimerT10	Integer	СилКорпус / Таймеры / Транспортеры / Таймеры контроля оборотов валов				
RPMTimerT11	Integer	СилКорпус / Таймеры / Транспортеры / Таймеры контроля оборотов валов				
RPMTimerT12	Integer	СилКорпус / Таймеры / Транспортеры / Таймеры контроля оборотов валов				
RPMTimerT13	Integer	СилКорпус / Таймеры / Транспортеры / Таймеры контроля оборотов валов				
RPMTimerT14	Integer	СилКорпус / Таймеры / Транспортеры / Таймеры контроля оборотов валов				
RPMTimerT15	Integer	СилКорпус / Таймеры / Транспортеры / Таймеры контроля оборотов валов				
RPMTimerT16	Integer	СилКорпус / Таймеры / Транспортеры / Таймеры контроля оборотов валов				
RPMTimerT17	Integer	СилКорпус / Таймеры / Транспортеры / Таймеры контроля оборотов валов				
RPMTimerT18	Integer	СилКорпус / Таймеры / Транспортеры / Таймеры контроля оборотов валов				
RPMTimerT2	Integer	СилКорпус / Таймеры / Транспортеры / Таймеры контроля оборотов валов				
RPMTimerT3	Integer	СилКорпус / Таймеры / Транспортеры / Таймеры контроля оборотов валов				
RPMTimerT4	Integer	СилКорпус / Таймеры / Транспортеры / Таймеры контроля оборотов валов				
RPMTimerT5	Integer	СилКорпус / Таймеры / Транспортеры / Таймеры контроля оборотов валов				
RPMTimerT6	Integer	СилКорпус / Таймеры / Транспортеры / Таймеры контроля оборотов валов				
RPMTimerT7	Integer	СилКорпус / Таймеры / Транспортеры / Таймеры контроля оборотов валов				
RPMTimerT8	Integer	СилКорпус / Таймеры / Транспортеры / Таймеры контроля оборотов валов				
RPMTimerT9	Integer	СилКорпус / Таймеры / Транспортеры / Таймеры контроля оборотов валов				
RelayAlarmN1	Boolean	СилКорпус / Входные переменные / Нории	|var|PLC210 (Arm32bit + Linux ).Application.PLC_PRG.mi3DI14		MnemoControlN	Входное реле аварии нории
RelayAlarmN10	Boolean	СилКорпус / Входные переменные / Нории				Входное реле аварии нории
RelayAlarmN2	Boolean	СилКорпус / Входные переменные / Нории			MnemoControlN	Входное реле аварии нории
RelayAlarmN3	Boolean	СилКорпус / Входные переменные / Нории			MnemoControlN	Входное реле аварии нории
RelayAlarmN4	Boolean	СилКорпус / Входные переменные / Нории	|var|PLC210 (Arm32bit + Linux ).Application.PLC_PRG.mi3DI13		MnemoControlN	Входное реле аварии нории
RelayAlarmN5	Boolean	СилКорпус / Входные переменные / Нории			MnemoControlN	Входное реле аварии нории
RelayAlarmN6	Boolean	СилКорпус / Входные переменные / Нории	|var|PLC210 (Arm32bit + Linux ).Application.PLC_PRG.mi3DI15		MnemoControlN	Входное реле аварии нории
RelayAlarmN7	Boolean	СилКорпус / Входные переменные / Нории			MnemoControlN	Входное реле аварии нории
RelayAlarmN8	Boolean	СилКорпус / Входные переменные / Нории			MnemoControlN	Входное реле аварии нории
RelayAlarmN9	Boolean	СилКорпус / Входные переменные / Нории			MnemoControlN	Входное реле аварии нории
RelayInC1	Boolean	СилКорпус / Входные переменные / Аспирация			MnemoControlC	Входное реле ответа пускателя аспирации
RelayInC10	Boolean	СилКорпус / Входные переменные / Аспирация			MnemoControlC	Входное реле ответа пускателя аспирации
RelayInC11	Boolean	СилКорпус / Входные переменные / Аспирация			MnemoControlC	Входное реле ответа пускателя аспирации
RelayInC12	Boolean	СилКорпус / Входные переменные / Аспирация			MnemoControlC	Входное реле ответа пускателя аспирации
RelayInC13	Boolean	СилКорпус / Входные переменные / Аспирация				Входное реле ответа пускателя аспирации
RelayInC14	Boolean	СилКорпус / Входные переменные / Аспирация				Входное реле ответа пускателя аспирации
RelayInC2	Boolean	СилКорпус / Входные переменные / Аспирация			MnemoControlC	Входное реле ответа пускателя аспирации
RelayInC3	Boolean	СилКорпус / Входные переменные / Аспирация			MnemoControlC	Входное реле ответа пускателя аспирации
RelayInC4	Boolean	СилКорпус / Входные переменные / Аспирация			MnemoControlC	Входное реле ответа пускателя аспирации
RelayInC5	Boolean	СилКорпус / Входные переменные / Аспирация			MnemoControlC	Входное реле ответа пускателя аспирации
RelayInC6	Boolean	СилКорпус / Входные переменные / Аспирация			MnemoControlC	Входное реле ответа пускателя аспирации
RelayInC7	Boolean	СилКорпус / Входные переменные / Аспирация			MnemoControlC	Входное реле ответа пускателя аспирации
RelayInC8	Boolean	СилКорпус / Входные переменные / Аспирация			MnemoControlC	Входное реле ответа пускателя аспирации
RelayInC9	Boolean	СилКорпус / Входные переменные / Аспирация			MnemoControlC	Входное реле ответа пускателя аспирации
RelayInForwardT1	Boolean	СилКорпус / Входные переменные / Транспортеры	|var|PLC210 (Arm32bit + Linux ).Application.PLC_PRG.mi1DI1		MnemoControlT	Входное реле ответа пускателя транспортера в прямом направлении
RelayInForwardT10	Boolean	СилКорпус / Входные переменные / Транспортеры			MnemoControlT	Входное реле ответа пускателя транспортера в прямом направлении
RelayInForwardT11	Boolean	СилКорпус / Входные переменные / Транспортеры			MnemoControlT	Входное реле ответа пускателя транспортера в прямом направлении
RelayInForwardT12	Boolean	СилКорпус / Входные переменные / Транспортеры			MnemoControlT	Входное реле ответа пускателя транспортера в прямом направлении
RelayInForwardT13	Boolean	СилКорпус / Входные переменные / Транспортеры			MnemoControlT	Входное реле ответа пускателя транспортера в прямом направлении
RelayInForwardT14	Boolean	СилКорпус / Входные переменные / Транспортеры			MnemoControlT	Входное реле ответа пускателя транспортера в прямом направлении
RelayInForwardT15	Boolean	СилКорпус / Входные переменные / Транспортеры			MnemoControlT	Входное реле ответа пускателя транспортера в прямом направлении
RelayInForwardT16	Boolean	СилКорпус / Входные переменные / Транспортеры			MnemoControlT	Входное реле ответа пускателя транспортера в прямом направлении
RelayInForwardT17	Boolean	СилКорпус / Входные переменные / Транспортеры			MnemoControlT	Входное реле ответа пускателя транспортера в прямом направлении
RelayInForwardT18	Boolean	СилКорпус / Входные переменные / Транспортеры			MnemoControlT	Входное реле ответа пускателя транспортера в прямом направлении
RelayInForwardT19	Boolean	СилКорпус / Входные переменные / Транспортеры				Входное реле ответа пускателя транспортера в прямом направлении
RelayInForwardT2	Boolean	СилКорпус / Входные переменные / Транспортеры	|var|PLC210 (Arm32bit + Linux ).Application.PLC_PRG.mi1DI11		MnemoControlT	Входное реле ответа пускателя транспортера в прямом направлении
RelayInForwardT20	Boolean	СилКорпус / Входные переменные / Транспортеры				Входное реле ответа пускателя транспортера в прямом направлении
RelayInForwardT3	Boolean	СилКорпус / Входные переменные / Транспортеры	|var|PLC210 (Arm32bit + Linux ).Application.PLC_PRG.mi1DI12		MnemoControlT	Входное реле ответа пускателя транспортера в прямом направлении
RelayInForwardT4	Boolean	СилКорпус / Входные переменные / Транспортеры	|var|PLC210 (Arm32bit + Linux ).Application.PLC_PRG.mi1DI3		MnemoControlT	Входное реле ответа пускателя транспортера в прямом направлении
RelayInForwardT5	Boolean	СилКорпус / Входные переменные / Транспортеры	|var|PLC210 (Arm32bit + Linux ).Application.PLC_PRG.mi1DI5		MnemoControlT	Входное реле ответа пускателя транспортера в прямом направлении
RelayInForwardT6	Boolean	СилКорпус / Входные переменные / Транспортеры	|var|PLC210 (Arm32bit + Linux ).Application.PLC_PRG.mi1DI7		MnemoControlT	Входное реле ответа пускателя транспортера в прямом направлении
RelayInForwardT7	Boolean	СилКорпус / Входные переменные / Транспортеры	|var|PLC210 (Arm32bit + Linux ).Application.PLC_PRG.mi1DI9		MnemoControlT	Входное реле ответа пускателя транспортера в прямом направлении
RelayInForwardT8	Boolean	СилКорпус / Входные переменные / Транспортеры			MnemoControlT	Входное реле ответа пускателя транспортера в прямом направлении
RelayInForwardT9	Boolean	СилКорпус / Входные переменные / Транспортеры			MnemoControlT	Входное реле ответа пускателя транспортера в прямом направлении
RelayInN1	Boolean	СилКорпус / Входные переменные / Нории	|var|PLC210 (Arm32bit + Linux ).Application.PLC_PRG.mi1DI17		MnemoControlN	Входное реле ответа пускателя нории
RelayInN10	Boolean	СилКорпус / Входные переменные / Нории				Входное реле ответа пускателя нории
RelayInN2	Boolean	СилКорпус / Входные переменные / Нории	|var|PLC210 (Arm32bit + Linux ).Application.PLC_PRG.mi1DI18		MnemoControlN	Входное реле ответа пускателя нории
RelayInN3	Boolean	СилКорпус / Входные переменные / Нории	|var|PLC210 (Arm32bit + Linux ).Application.PLC_PRG.mi1DI19		MnemoControlN	Входное реле ответа пускателя нории
RelayInN4	Boolean	СилКорпус / Входные переменные / Нории	|var|PLC210 (Arm32bit + Linux ).Application.PLC_PRG.mi1DI20		MnemoControlN	Входное реле ответа пускателя нории
RelayInN5	Boolean	СилКорпус / Входные переменные / Нории	|var|PLC210 (Arm32bit + Linux ).Application.PLC_PRG.mi1DI21		MnemoControlN	Входное реле ответа пускателя нории
RelayInN6	Boolean	СилКорпус / Входные переменные / Нории	|var|PLC210 (Arm32bit + Linux ).Application.PLC_PRG.mi1DI22		MnemoControlN	Входное реле ответа пускателя нории
RelayInN7	Boolean	СилКорпус / Входные переменные / Нории			MnemoControlN	Входное реле ответа пускателя нории
RelayInN8	Boolean	СилКорпус / Входные переменные / Нории			MnemoControlN	Входное реле ответа пускателя нории
RelayInN9	Boolean	СилКорпус / Входные переменные / Нории			MnemoControlN	Входное реле ответа пускателя нории
RelayInReversT1	Boolean	СилКорпус / Входные переменные / Транспортеры	|var|PLC210 (Arm32bit + Linux ).Application.PLC_PRG.mi1DI2		MnemoControlT	Входное реле ответа пускателя транспортера в обратном направлении
RelayInReversT10	Boolean	СилКорпус / Входные переменные / Транспортеры			MnemoControlT	Входное реле ответа пускателя транспортера в обратном направлении
RelayInReversT11	Boolean	СилКорпус / Входные переменные / Транспортеры			MnemoControlT	Входное реле ответа пускателя транспортера в обратном направлении
RelayInReversT12	Boolean	СилКорпус / Входные переменные / Транспортеры			MnemoControlT	Входное реле ответа пускателя транспортера в обратном направлении
RelayInReversT13	Boolean	СилКорпус / Входные переменные / Транспортеры			MnemoControlT	Входное реле ответа пускателя транспортера в обратном направлении
RelayInReversT14	Boolean	СилКорпус / Входные переменные / Транспортеры			MnemoControlT	Входное реле ответа пускателя транспортера в обратном направлении
RelayInReversT15	Boolean	СилКорпус / Входные переменные / Транспортеры			MnemoControlT	Входное реле ответа пускателя транспортера в обратном направлении
RelayInReversT16	Boolean	СилКорпус / Входные переменные / Транспортеры			MnemoControlT	Входное реле ответа пускателя транспортера в обратном направлении
RelayInReversT17	Boolean	СилКорпус / Входные переменные / Транспортеры			MnemoControlT	Входное реле ответа пускателя транспортера в обратном направлении
RelayInReversT18	Boolean	СилКорпус / Входные переменные / Транспортеры			MnemoControlT	Входное реле ответа пускателя транспортера в обратном направлении
RelayInReversT19	Boolean	СилКорпус / Входные переменные / Транспортеры				Входное реле ответа пускателя транспортера в обратном направлении
RelayInReversT2	Boolean	СилКорпус / Входные переменные / Транспортеры	|var|PLC210 (Arm32bit + Linux ).Application.PLC_PRG.mi1DI4		MnemoControlT	Входное реле ответа пускателя транспортера в обратном направлении
RelayInReversT20	Boolean	СилКорпус / Входные переменные / Транспортеры				Входное реле ответа пускателя транспортера в обратном направлении
RelayInReversT3	Boolean	СилКорпус / Входные переменные / Транспортеры	|var|PLC210 (Arm32bit + Linux ).Application.PLC_PRG.mi1DI6		MnemoControlT	Входное реле ответа пускателя транспортера в обратном направлении
RelayInReversT4	Boolean	СилКорпус / Входные переменные / Транспортеры	|var|PLC210 (Arm32bit + Linux ).Application.PLC_PRG.mi3DI4		MnemoControlT	Входное реле ответа пускателя транспортера в обратном направлении
RelayInReversT5	Boolean	СилКорпус / Входные переменные / Транспортеры	|var|PLC210 (Arm32bit + Linux ).Application.PLC_PRG.mi1DI6		MnemoControlT	Входное реле ответа пускателя транспортера в обратном направлении
RelayInReversT6	Boolean	СилКорпус / Входные переменные / Транспортеры	|var|PLC210 (Arm32bit + Linux ).Application.PLC_PRG.mi1DI8		MnemoControlT	Входное реле ответа пускателя транспортера в обратном направлении
RelayInReversT7	Boolean	СилКорпус / Входные переменные / Транспортеры	|var|PLC210 (Arm32bit + Linux ).Application.PLC_PRG.mi1DI10		MnemoControlT	Входное реле ответа пускателя транспортера в обратном направлении
RelayInReversT8	Boolean	СилКорпус / Входные переменные / Транспортеры			MnemoControlT	Входное реле ответа пускателя транспортера в обратном направлении
RelayInReversT9	Boolean	СилКорпус / Входные переменные / Транспортеры			MnemoControlT	Входное реле ответа пускателя транспортера в обратном направлении
RelayOutC1	Boolean	СилКорпус / Выходные переменные / Аспирация		AlarmStopButton_OnClick,ManualStart,MnemoControlC,StopButtonC1_OnClick,StopButtonsControl	MnemoControlC,StartButtonC1_OnClick,StopButtonC1_OnClick	Выходное реле управления аспирации
RelayOutC10	Boolean	СилКорпус / Выходные переменные / Аспирация		AlarmStopButton_OnClick,ManualStart,MnemoControlC,StopButtonC10_OnClick,StopButtonsControl	MnemoControlC,StartButtonC10_OnClick,StopButtonC10_OnClick	Выходное реле управления аспирации
RelayOutC11	Boolean	СилКорпус / Выходные переменные / Аспирация		AlarmStopButton_OnClick,ManualStart,MnemoControlC,StopButtonC11_OnClick,StopButtonsControl	MnemoControlC,StartButtonC11_OnClick,StopButtonC11_OnClick	Выходное реле управления аспирации
RelayOutC12	Boolean	СилКорпус / Выходные переменные / Аспирация		AlarmStopButton_OnClick,ManualStart,MnemoControlC,StopButtonC12_OnClick,StopButtonsControl	MnemoControlC,StartButtonC12_OnClick,StopButtonC12_OnClick	Выходное реле управления аспирации
RelayOutC13	Boolean	СилКорпус / Выходные переменные / Аспирация				Выходное реле управления аспирации
RelayOutC14	Boolean	СилКорпус / Выходные переменные / Аспирация				Выходное реле управления аспирации
RelayOutC2	Boolean	СилКорпус / Выходные переменные / Аспирация		AlarmStopButton_OnClick,ManualStart,MnemoControlC,StopButtonC2_OnClick,StopButtonsControl	MnemoControlC,StartButtonC2_OnClick,StopButtonC2_OnClick	Выходное реле управления аспирации
RelayOutC3	Boolean	СилКорпус / Выходные переменные / Аспирация		AlarmStopButton_OnClick,ManualStart,MnemoControlC,StopButtonC3_OnClick,StopButtonsControl	MnemoControlC,StartButtonC3_OnClick,StopButtonC3_OnClick	Выходное реле управления аспирации
RelayOutC4	Boolean	СилКорпус / Выходные переменные / Аспирация		AlarmStopButton_OnClick,ManualStart,MnemoControlC,StopButtonC4_OnClick,StopButtonsControl	MnemoControlC,StartButtonC4_OnClick,StopButtonC4_OnClick	Выходное реле управления аспирации
RelayOutC5	Boolean	СилКорпус / Выходные переменные / Аспирация		AlarmStopButton_OnClick,ManualStart,MnemoControlC,StopButtonC1a_OnClick,StopButtonsControl	MnemoControlC,StartButtonC1a_OnClick,StopButtonC1a_OnClick	Выходное реле управления аспирации
RelayOutC6	Boolean	СилКорпус / Выходные переменные / Аспирация		AlarmStopButton_OnClick,ManualStart,MnemoControlC,StopButtonC2a_OnClick,StopButtonsControl	MnemoControlC,StartButtonC2a_OnClick,StopButtonC2a_OnClick	Выходное реле управления аспирации
RelayOutC7	Boolean	СилКорпус / Выходные переменные / Аспирация		AlarmStopButton_OnClick,ManualStart,MnemoControlC,StopButtonC7_OnClick,StopButtonsControl	MnemoControlC,StartButtonC7_OnClick,StopButtonC7_OnClick	Выходное реле управления аспирации
RelayOutC8	Boolean	СилКорпус / Выходные переменные / Аспирация		AlarmStopButton_OnClick,ManualStart,MnemoControlC,StopButtonC8_OnClick,StopButtonsControl	MnemoControlC,StartButtonC8_OnClick,StopButtonC8_OnClick	Выходное реле управления аспирации
RelayOutC9	Boolean	СилКорпус / Выходные переменные / Аспирация		AlarmStopButton_OnClick,ManualStart,MnemoControlC,StopButtonC9_OnClick,StopButtonsControl	MnemoControlC,StartButtonC9_OnClick,StopButtonC9_OnClick	Выходное реле управления аспирации
RelayOutForwardT1	Boolean	СилКорпус / Выходные переменные / Транспортеры	|var|PLC210 (Arm32bit + Linux ).Application.PLC_PRG.mo1DO1	AlarmStopButton_OnClick,ManualStart,MnemoControlT,StopButtonT1_OnClick,StopButtonsControl	MnemoControlT,StartForwardButtonT1_OnClick,StartReversButtonT1_OnClick,StopButtonT1_OnClick	Выходное реле управления транспортера в прямом направлении
RelayOutForwardT10	Boolean	СилКорпус / Выходные переменные / Транспортеры		AlarmStopButton_OnClick,ManualStart,MnemoControlT,StopButtonT10_OnClick,StopButtonsControl	MnemoControlT,StartForwardButtonT10_OnClick,StartReversButtonT10_OnClick,StopButtonT10_OnClick	Выходное реле управления транспортера в прямом направлении
RelayOutForwardT11	Boolean	СилКорпус / Выходные переменные / Транспортеры		AlarmStopButton_OnClick,ManualStart,MnemoControlT,StopButtonT11_OnClick,StopButtonsControl	MnemoControlT,StartForwardButtonT11_OnClick,StartReversButtonT11_OnClick,StopButtonT11_OnClick	Выходное реле управления транспортера в прямом направлении
RelayOutForwardT12	Boolean	СилКорпус / Выходные переменные / Транспортеры		AlarmStopButton_OnClick,ManualStart,MnemoControlT,StopButtonT8a_OnClick,StopButtonsControl	MnemoControlT,StartForwardButtonT8a_OnClick,StartReversButtonT8a_OnClick,StopButtonT8a_OnClick	Выходное реле управления транспортера в прямом направлении
RelayOutForwardT13	Boolean	СилКорпус / Выходные переменные / Транспортеры		AlarmStopButton_OnClick,ManualStart,MnemoControlT,StopButtonT17_OnClick,StopButtonsControl	MnemoControlT,StartForwardButtonT17_OnClick,StartReversButtonT17_OnClick,StopButtonT17_OnClick	Выходное реле управления транспортера в прямом направлении
RelayOutForwardT14	Boolean	СилКорпус / Выходные переменные / Транспортеры		AlarmStopButton_OnClick,ManualStart,MnemoControlT,StopButtonT9a_OnClick,StopButtonsControl	MnemoControlT,StartForwardButtonT9a_OnClick,StartReversButtonT9a_OnClick,StopButtonT9a_OnClick	Выходное реле управления транспортера в прямом направлении
RelayOutForwardT15	Boolean	СилКорпус / Выходные переменные / Транспортеры		AlarmStopButton_OnClick,ManualStart,MnemoControlT,StopButtonT17a_OnClick,StopButtonsControl	MnemoControlT,StartForwardButtonT17a_OnClick,StartReversButtonT17a_OnClick,StopButtonT17a_OnClick	Выходное реле управления транспортера в прямом направлении
RelayOutForwardT16	Boolean	СилКорпус / Выходные переменные / Транспортеры		AlarmStopButton_OnClick,ManualStart,MnemoControlT,StopButtonT25_OnClick,StopButtonsControl	MnemoControlT,StartForwardButtonT25_OnClick,StartReversButtonT25_OnClick,StopButtonT25_OnClick	Выходное реле управления транспортера в прямом направлении
RelayOutForwardT17	Boolean	СилКорпус / Выходные переменные / Транспортеры		AlarmStopButton_OnClick,ManualStart,MnemoControlT,StopButtonT24_OnClick,StopButtonsControl	MnemoControlT,StartForwardButtonT24_OnClick,StartReversButtonT24_OnClick,StopButtonT24_OnClick	Выходное реле управления транспортера в прямом направлении
RelayOutForwardT18	Boolean	СилКорпус / Выходные переменные / Транспортеры		AlarmStopButton_OnClick,ManualStart,MnemoControlT,StopButtonT22_OnClick,StopButtonsControl	MnemoControlT,StartForwardButtonT22_OnClick,StartReversButtonT22_OnClick,StopButtonT22_OnClick	Выходное реле управления транспортера в прямом направлении
RelayOutForwardT19	Boolean	СилКорпус / Выходные переменные / Транспортеры				Выходное реле управления транспортера в прямом направлении
RelayOutForwardT2	Boolean	СилКорпус / Выходные переменные / Транспортеры	|var|PLC210 (Arm32bit + Linux ).Application.PLC_PRG.mo1DO11	AlarmStopButton_OnClick,ManualStart,MnemoControlT,StopButtonT2_OnClick,StopButtonsControl	MnemoControlT,StartForwardButtonT2_OnClick,StartReversButtonT2_OnClick,StopButtonT2_OnClick	Выходное реле управления транспортера в прямом направлении
RelayOutForwardT20	Boolean	СилКорпус / Выходные переменные / Транспортеры				Выходное реле управления транспортера в прямом направлении
RelayOutForwardT3	Boolean	СилКорпус / Выходные переменные / Транспортеры	|var|PLC210 (Arm32bit + Linux ).Application.PLC_PRG.mo1DO12	AlarmStopButton_OnClick,ManualStart,MnemoControlT,StopButtonT3_OnClick,StopButtonsControl	MnemoControlT,StartForwardButtonT3_OnClick,StartReversButtonT3_OnClick,StopButtonT3_OnClick	Выходное реле управления транспортера в прямом направлении
RelayOutForwardT4	Boolean	СилКорпус / Выходные переменные / Транспортеры	|var|PLC210 (Arm32bit + Linux ).Application.PLC_PRG.mo1DO3	AlarmStopButton_OnClick,ManualStart,MnemoControlT,StopButtonT4_OnClick,StopButtonsControl	MnemoControlT,StartForwardButtonT4_OnClick,StartReversButtonT4_OnClick,StopButtonT4_OnClick	Выходное реле управления транспортера в прямом направлении
RelayOutForwardT5	Boolean	СилКорпус / Выходные переменные / Транспортеры	|var|PLC210 (Arm32bit + Linux ).Application.PLC_PRG.mo1DO5	AlarmStopButton_OnClick,ManualStart,MnemoControlT,StopButtonT5_OnClick,StopButtonsControl	MnemoControlT,StartForwardButtonT5_OnClick,StartReversButtonT5_OnClick,StopButtonT5_OnClick	Выходное реле управления транспортера в прямом направлении
RelayOutForwardT6	Boolean	СилКорпус / Выходные переменные / Транспортеры	|var|PLC210 (Arm32bit + Linux ).Application.PLC_PRG.mo1DO7	AlarmStopButton_OnClick,ManualStart,MnemoControlT,StopButtonT6_OnClick,StopButtonsControl	MnemoControlT,StartForwardButtonT6_OnClick,StartReversButtonT6_OnClick,StopButtonT6_OnClick	Выходное реле управления транспортера в прямом направлении
RelayOutForwardT7	Boolean	СилКорпус / Выходные переменные / Транспортеры	|var|PLC210 (Arm32bit + Linux ).Application.PLC_PRG.mo1DO9	AlarmStopButton_OnClick,ManualStart,MnemoControlT,StopButtonT7_OnClick,StopButtonsControl	MnemoControlT,StartForwardButtonT7_OnClick,StartReversButtonT7_OnClick,StopButtonT7_OnClick	Выходное реле управления транспортера в прямом направлении
RelayOutForwardT8	Boolean	СилКорпус / Выходные переменные / Транспортеры		AlarmStopButton_OnClick,ManualStart,MnemoControlT,StopButtonT8_OnClick,StopButtonsControl	MnemoControlT,StartForwardButtonT8_OnClick,StartReversButtonT8_OnClick,StopButtonT8_OnClick	Выходное реле управления транспортера в прямом направлении
RelayOutForwardT9	Boolean	СилКорпус / Выходные переменные / Транспортеры		AlarmStopButton_OnClick,ManualStart,MnemoControlT,StopButtonT9_OnClick,StopButtonsControl	MnemoControlT,StartForwardButtonT9_OnClick,StartReversButtonT9_OnClick,StopButtonT9_OnClick	Выходное реле управления транспортера в прямом направлении
RelayOutN1	Boolean	СилКорпус / Выходные переменные / Нории	|var|PLC210 (Arm32bit + Linux ).Application.PLC_PRG.mo1DO17	AlarmStopButton_OnClick,ManualStart,MnemoControlN,StopButtonN1_OnClick,StopButtonsControl	MnemoControlN,StartButtonN1_OnClick,StopButtonN1_OnClick	Выходное реле управления нории
RelayOutN10	Boolean	СилКорпус / Выходные переменные / Нории				Выходное реле управления нории
RelayOutN2	Boolean	СилКорпус / Выходные переменные / Нории	|var|PLC210 (Arm32bit + Linux ).Application.PLC_PRG.mo1DO18	AlarmStopButton_OnClick,ManualStart,MnemoControlN,StopButtonN2_OnClick,StopButtonsControl	MnemoControlN,StartButtonN2_OnClick,StopButtonN2_OnClick	Выходное реле управления нории
RelayOutN3	Boolean	СилКорпус / Выходные переменные / Нории	|var|PLC210 (Arm32bit + Linux ).Application.PLC_PRG.mo1DO19	AlarmStopButton_OnClick,ManualStart,MnemoControlN,StopButtonN3_OnClick,StopButtonsControl	MnemoControlN,StartButtonN3_OnClick,StopButtonN3_OnClick	Выходное реле управления нории
RelayOutN4	Boolean	СилКорпус / Выходные переменные / Нории	|var|PLC210 (Arm32bit + Linux ).Application.PLC_PRG.mo1DO20	AlarmStopButton_OnClick,ManualStart,MnemoControlN,StopButtonN4_OnClick,StopButtonsControl	MnemoControlN,StartButtonN4_OnClick,StopButtonN4_OnClick	Выходное реле управления нории
RelayOutN5	Boolean	СилКорпус / Выходные переменные / Нории	|var|PLC210 (Arm32bit + Linux ).Application.PLC_PRG.mo1DO21	AlarmStopButton_OnClick,ManualStart,MnemoControlN,StopButtonN5_OnClick,StopButtonsControl	MnemoControlN,StartButtonN5_OnClick,StopButtonN5_OnClick	Выходное реле управления нории
RelayOutN6	Boolean	СилКорпус / Выходные переменные / Нории	|var|PLC210 (Arm32bit + Linux ).Application.PLC_PRG.mo1DO22	AlarmStopButton_OnClick,ManualStart,MnemoControlN,StopButtonN6_OnClick,StopButtonsControl	MnemoControlN,StartButtonN6_OnClick,StopButtonN6_OnClick	Выходное реле управления нории
RelayOutN7	Boolean	СилКорпус / Выходные переменные / Нории		AlarmStopButton_OnClick,ManualStart,MnemoControlN,StopButtonN1a_OnClick,StopButtonsControl	MnemoControlN,StartButtonN1a_OnClick,StopButtonN1a_OnClick	Выходное реле управления нории
RelayOutN8	Boolean	СилКорпус / Выходные переменные / Нории		AlarmStopButton_OnClick,ManualStart,MnemoControlN,StopButtonN2a_OnClick,StopButtonsControl	MnemoControlN,StartButtonN2a_OnClick,StopButtonN2a_OnClick	Выходное реле управления нории
RelayOutN9	Boolean	СилКорпус / Выходные переменные / Нории		AlarmStopButton_OnClick,ManualStart,MnemoControlN,StopButtonN11_OnClick,StopButtonsControl	MnemoControlN,StartButtonN11_OnClick,StopButtonN11_OnClick	Выходное реле управления нории
RelayOutReversT1	Boolean	СилКорпус / Выходные переменные / Транспортеры	|var|PLC210 (Arm32bit + Linux ).Application.PLC_PRG.mo1DO2	AlarmStopButton_OnClick,ManualStart,MnemoControlT,StopButtonT1_OnClick,StopButtonsControl	MnemoControlT,StartForwardButtonT1_OnClick,StartReversButtonT1_OnClick,StopButtonT1_OnClick	Выходное реле управления транспортера в обратном направлении
RelayOutReversT10	Boolean	СилКорпус / Выходные переменные / Транспортеры		AlarmStopButton_OnClick,ManualStart,MnemoControlT,StopButtonT10_OnClick,StopButtonsControl	MnemoControlT,StartForwardButtonT10_OnClick,StartReversButtonT10_OnClick,StopButtonT10_OnClick	Выходное реле управления транспортера в обратном направлении
RelayOutReversT11	Boolean	СилКорпус / Выходные переменные / Транспортеры		AlarmStopButton_OnClick,ManualStart,MnemoControlT,StopButtonT11_OnClick,StopButtonsControl	MnemoControlT,StartForwardButtonT11_OnClick,StartReversButtonT11_OnClick,StopButtonT11_OnClick	Выходное реле управления транспортера в обратном направлении
RelayOutReversT12	Boolean	СилКорпус / Выходные переменные / Транспортеры		AlarmStopButton_OnClick,ManualStart,MnemoControlT,StopButtonT8a_OnClick,StopButtonsControl	MnemoControlT,StartForwardButtonT8a_OnClick,StartReversButtonT8a_OnClick,StopButtonT8a_OnClick	Выходное реле управления транспортера в обратном направлении
RelayOutReversT13	Boolean	СилКорпус / Выходные переменные / Транспортеры		AlarmStopButton_OnClick,ManualStart,MnemoControlT,StopButtonT17_OnClick,StopButtonsControl	MnemoControlT,StartForwardButtonT17_OnClick,StartReversButtonT17_OnClick,StopButtonT17_OnClick	Выходное реле управления транспортера в обратном направлении
RelayOutReversT14	Boolean	СилКорпус / Выходные переменные / Транспортеры		AlarmStopButton_OnClick,ManualStart,MnemoControlT,StopButtonT9a_OnClick,StopButtonsControl	MnemoControlT,StartForwardButtonT9a_OnClick,StartReversButtonT9a_OnClick,StopButtonT9a_OnClick	Выходное реле управления транспортера в обратном направлении
RelayOutReversT15	Boolean	СилКорпус / Выходные переменные / Транспортеры		AlarmStopButton_OnClick,ManualStart,MnemoControlT,StopButtonT17a_OnClick,StopButtonsControl	MnemoControlT,StartForwardButtonT17a_OnClick,StartReversButtonT17a_OnClick,StopButtonT17a_OnClick	Выходное реле управления транспортера в обратном направлении
RelayOutReversT16	Boolean	СилКорпус / Выходные переменные / Транспортеры		AlarmStopButton_OnClick,ManualStart,MnemoControlT,StopButtonT25_OnClick,StopButtonsControl	MnemoControlT,StartForwardButtonT25_OnClick,StartReversButtonT25_OnClick,StopButtonT25_OnClick	Выходное реле управления транспортера в обратном направлении
RelayOutReversT17	Boolean	СилКорпус / Выходные переменные / Транспортеры		AlarmStopButton_OnClick,ManualStart,MnemoControlT,StopButtonT24_OnClick,StopButtonsControl	MnemoControlT,StartForwardButtonT24_OnClick,StartReversButtonT24_OnClick,StopButtonT24_OnClick	Выходное реле управления транспортера в обратном направлении
RelayOutReversT18	Boolean	СилКорпус / Выходные переменные / Транспортеры		AlarmStopButton_OnClick,ManualStart,MnemoControlT,StopButtonT22_OnClick,StopButtonsControl	MnemoControlT,StartForwardButtonT22_OnClick,StartReversButtonT22_OnClick,StopButtonT22_OnClick	Выходное реле управления транспортера в обратном направлении
RelayOutReversT19	Boolean	СилКорпус / Выходные переменные / Транспортеры				Выходное реле управления транспортера в обратном направлении
RelayOutReversT2	Boolean	СилКорпус / Выходные переменные / Транспортеры		AlarmStopButton_OnClick,ManualStart,MnemoControlT,StopButtonT2_OnClick,StopButtonsControl	MnemoControlT,StartForwardButtonT2_OnClick,StartReversButtonT2_OnClick,StopButtonT2_OnClick	Выходное реле управления транспортера в обратном направлении
RelayOutReversT20	Boolean	СилКорпус / Выходные переменные / Транспортеры				Выходное реле управления транспортера в обратном направлении
RelayOutReversT3	Boolean	СилКорпус / Выходные переменные / Транспортеры		AlarmStopButton_OnClick,ManualStart,MnemoControlT,StopButtonT3_OnClick,StopButtonsControl	MnemoControlT,StartForwardButtonT3_OnClick,StartReversButtonT3_OnClick,StopButtonT3_OnClick	Выходное реле управления транспортера в обратном направлении
RelayOutReversT4	Boolean	СилКорпус / Выходные переменные / Транспортеры	|var|PLC210 (Arm32bit + Linux ).Application.PLC_PRG.mo1DO4	AlarmStopButton_OnClick,ManualStart,MnemoControlT,StopButtonT4_OnClick,StopButtonsControl	MnemoControlT,StartForwardButtonT4_OnClick,StartReversButtonT4_OnClick,StopButtonT4_OnClick	Выходное реле управления транспортера в обратном направлении
RelayOutReversT5	Boolean	СилКорпус / Выходные переменные / Транспортеры	|var|PLC210 (Arm32bit + Linux ).Application.PLC_PRG.mo1DO6	AlarmStopButton_OnClick,ManualStart,MnemoControlT,StopButtonT5_OnClick,StopButtonsControl	MnemoControlT,StartForwardButtonT5_OnClick,StartReversButtonT5_OnClick,StopButtonT5_OnClick	Выходное реле управления транспортера в обратном направлении
RelayOutReversT6	Boolean	СилКорпус / Выходные переменные / Транспортеры	|var|PLC210 (Arm32bit + Linux ).Application.PLC_PRG.mo1DO8	AlarmStopButton_OnClick,ManualStart,MnemoControlT,StopButtonT6_OnClick,StopButtonsControl	MnemoControlT,StartForwardButtonT6_OnClick,StartReversButtonT6_OnClick,StopButtonT6_OnClick	Выходное реле управления транспортера в обратном направлении
RelayOutReversT7	Boolean	СилКорпус / Выходные переменные / Транспортеры	|var|PLC210 (Arm32bit + Linux ).Application.PLC_PRG.mo1DO10	AlarmStopButton_OnClick,ManualStart,MnemoControlT,StopButtonT7_OnClick,StopButtonsControl	MnemoControlT,StartForwardButtonT7_OnClick,StartReversButtonT7_OnClick,StopButtonT7_OnClick	Выходное реле управления транспортера в обратном направлении
RelayOutReversT8	Boolean	СилКорпус / Выходные переменные / Транспортеры		AlarmStopButton_OnClick,ManualStart,MnemoControlT,StopButtonT8_OnClick,StopButtonsControl	MnemoControlT,StartForwardButtonT8_OnClick,StartReversButtonT8_OnClick,StopButtonT8_OnClick	Выходное реле управления транспортера в обратном направлении
RelayOutReversT9	Boolean	СилКорпус / Выходные переменные / Транспортеры		AlarmStopButton_OnClick,ManualStart,MnemoControlT,StopButtonT9_OnClick,StopButtonsControl	MnemoControlT,StartForwardButtonT9_OnClick,StartReversButtonT9_OnClick,StopButtonT9_OnClick	Выходное реле управления транспортера в обратном направлении
RelayStopInC1	Boolean	СилКорпус / Входные переменные / Аспирация			StopButtonsControl	Входное реле стоповой кнопки пускателя
RelayStopInC10	Boolean	СилКорпус / Входные переменные / Аспирация			StopButtonsControl	Входное реле стоповой кнопки пускателя
RelayStopInC11	Boolean	СилКорпус / Входные переменные / Аспирация			StopButtonsControl	Входное реле стоповой кнопки пускателя
RelayStopInC12	Boolean	СилКорпус / Входные переменные / Аспирация			StopButtonsControl	Входное реле стоповой кнопки пускателя
RelayStopInC13	Boolean	СилКорпус / Входные переменные / Аспирация				Входное реле стоповой кнопки пускателя
RelayStopInC14	Boolean	СилКорпус / Входные переменные / Аспирация				Входное реле стоповой кнопки пускателя
RelayStopInC2	Boolean	СилКорпус / Входные переменные / Аспирация			StopButtonsControl	Входное реле стоповой кнопки пускателя
RelayStopInC3	Boolean	СилКорпус / Входные переменные / Аспирация			StopButtonsControl	Входное реле стоповой кнопки пускателя
RelayStopInC4	Boolean	СилКорпус / Входные переменные / Аспирация			StopButtonsControl	Входное реле стоповой кнопки пускателя
RelayStopInC5	Boolean	СилКорпус / Входные переменные / Аспирация			StopButtonsControl	Входное реле стоповой кнопки пускателя
RelayStopInC6	Boolean	СилКорпус / Входные переменные / Аспирация			StopButtonsControl	Входное реле стоповой кнопки пускателя
RelayStopInC7	Boolean	СилКорпус / Входные переменные / Аспирация			StopButtonsControl	Входное реле стоповой кнопки пускателя
RelayStopInC8	Boolean	СилКорпус / Входные переменные / Аспирация			StopButtonsControl	Входное реле стоповой кнопки пускателя
RelayStopInC9	Boolean	СилКорпус / Входные переменные / Аспирация			StopButtonsControl	Входное реле стоповой кнопки пускателя
RelayStopInN1	Boolean	СилКорпус / Входные переменные / Нории	|var|PLC210 (Arm32bit + Linux ).Application.PLC_PRG.mi1DI30		StopButtonsControl	Входное реле стоповой кнопки пускателя
RelayStopInN10	Boolean	СилКорпус / Входные переменные / Нории				Входное реле стоповой кнопки пускателя
RelayStopInN2	Boolean	СилКорпус / Входные переменные / Нории	|var|PLC210 (Arm32bit + Linux ).Application.PLC_PRG.mi1DI31		StopButtonsControl	Входное реле стоповой кнопки пускателя
RelayStopInN3	Boolean	СилКорпус / Входные переменные / Нории	|var|PLC210 (Arm32bit + Linux ).Application.PLC_PRG.mi1DI32		StopButtonsControl	Входное реле стоповой кнопки пускателя
RelayStopInN4	Boolean	СилКорпус / Входные переменные / Нории	|var|PLC210 (Arm32bit + Linux ).Application.PLC_PRG.mi3DI2		StopButtonsControl	Входное реле стоповой кнопки пускателя
RelayStopInN5	Boolean	СилКорпус / Входные переменные / Нории	|var|PLC210 (Arm32bit + Linux ).Application.PLC_PRG.mi3DI3		StopButtonsControl	Входное реле стоповой кнопки пускателя
RelayStopInN6	Boolean	СилКорпус / Входные переменные / Нории	|var|PLC210 (Arm32bit + Linux ).Application.PLC_PRG.mi3DI1		StopButtonsControl	Входное реле стоповой кнопки пускателя
RelayStopInN7	Boolean	СилКорпус / Входные переменные / Нории			StopButtonsControl	Входное реле стоповой кнопки пускателя
RelayStopInN8	Boolean	СилКорпус / Входные переменные / Нории			StopButtonsControl	Входное реле стоповой кнопки пускателя
RelayStopInN9	Boolean	СилКорпус / Входные переменные / Нории			StopButtonsControl	Входное реле стоповой кнопки пускателя
RelayStopInT1	Boolean	СилКорпус / Входные переменные / Транспортеры	|var|PLC210 (Arm32bit + Linux ).Application.PLC_PRG.mi1DI23		StopButtonsControl	Входное реле стоповой кнопки пускателя
RelayStopInT10	Boolean	СилКорпус / Входные переменные / Транспортеры			StopButtonsControl	Входное реле стоповой кнопки пускателя
RelayStopInT11	Boolean	СилКорпус / Входные переменные / Транспортеры			StopButtonsControl	Входное реле стоповой кнопки пускателя
RelayStopInT12	Boolean	СилКорпус / Входные переменные / Транспортеры			StopButtonsControl	Входное реле стоповой кнопки пускателя
RelayStopInT13	Boolean	СилКорпус / Входные переменные / Транспортеры			StopButtonsControl	Входное реле стоповой кнопки пускателя
RelayStopInT14	Boolean	СилКорпус / Входные переменные / Транспортеры			StopButtonsControl	Входное реле стоповой кнопки пускателя
RelayStopInT15	Boolean	СилКорпус / Входные переменные / Транспортеры			StopButtonsControl	Входное реле стоповой кнопки пускателя
RelayStopInT16	Boolean	СилКорпус / Входные переменные / Транспортеры			StopButtonsControl	Входное реле стоповой кнопки пускателя
RelayStopInT17	Boolean	СилКорпус / Входные переменные / Транспортеры			StopButtonsControl	Входное реле стоповой кнопки пускателя
RelayStopInT18	Boolean	СилКорпус / Входные переменные / Транспортеры			StopButtonsControl	Входное реле стоповой кнопки пускателя
RelayStopInT19	Boolean	СилКорпус / Входные переменные / Транспортеры				Входное реле стоповой кнопки пускателя
RelayStopInT2	Boolean	СилКорпус / Входные переменные / Транспортеры	|var|PLC210 (Arm32bit + Linux ).Application.PLC_PRG.mi1DI28		StopButtonsControl	Входное реле стоповой кнопки пускателя
RelayStopInT20	Boolean	СилКорпус / Входные переменные / Транспортеры				Входное реле стоповой кнопки пускателя
RelayStopInT3	Boolean	СилКорпус / Входные переменные / Транспортеры	|var|PLC210 (Arm32bit + Linux ).Application.PLC_PRG.mi1DI29		StopButtonsControl	Входное реле стоповой кнопки пускателя
RelayStopInT4	Boolean	СилКорпус / Входные переменные / Транспортеры	|var|PLC210 (Arm32bit + Linux ).Application.PLC_PRG.mi1DI24		StopButtonsControl	Входное реле стоповой кнопки пускателя
RelayStopInT5	Boolean	СилКорпус / Входные переменные / Транспортеры	|var|PLC210 (Arm32bit + Linux ).Application.PLC_PRG.mi1DI25		StopButtonsControl	Входное реле стоповой кнопки пускателя
RelayStopInT6	Boolean	СилКорпус / Входные переменные / Транспортеры	|var|PLC210 (Arm32bit + Linux ).Application.PLC_PRG.mi1DI26		StopButtonsControl	Входное реле стоповой кнопки пускателя
RelayStopInT7	Boolean	СилКорпус / Входные переменные / Транспортеры	|var|PLC210 (Arm32bit + Linux ).Application.PLC_PRG.mi1DI27		StopButtonsControl	Входное реле стоповой кнопки пускателя
RelayStopInT8	Boolean	СилКорпус / Входные переменные / Транспортеры			StopButtonsControl	Входное реле стоповой кнопки пускателя
RelayStopInT9	Boolean	СилКорпус / Входные переменные / Транспортеры			StopButtonsControl	Входное реле стоповой кнопки пускателя
StartTimeC1	Integer	СилКорпус / Таймеры / Аспирация / Таймеры старта		MnemoControlC	MnemoControlC,MnemoControlT	Таймер старта аспирации
StartTimeC10	Integer	СилКорпус / Таймеры / Аспирация / Таймеры старта		MnemoControlC	MnemoControlC	Таймер старта аспирации
StartTimeC11	Integer	СилКорпус / Таймеры / Аспирация / Таймеры старта		MnemoControlC	MnemoControlC	Таймер старта аспирации
StartTimeC12	Integer	СилКорпус / Таймеры / Аспирация / Таймеры старта		MnemoControlC	MnemoControlC	Таймер старта аспирации
StartTimeC13	Integer	СилКорпус / Таймеры / Аспирация / Таймеры старта				Таймер старта аспирации
StartTimeC14	Integer	СилКорпус / Таймеры / Аспирация / Таймеры старта				Таймер старта аспирации
StartTimeC2	Integer	СилКорпус / Таймеры / Аспирация / Таймеры старта		MnemoControlC	MnemoControlC	Таймер старта аспирации
StartTimeC3	Integer	СилКорпус / Таймеры / Аспирация / Таймеры старта		MnemoControlC	MnemoControlC	Таймер старта аспирации
StartTimeC4	Integer	СилКорпус / Таймеры / Аспирация / Таймеры старта		MnemoControlC	MnemoControlC	Таймер старта аспирации
StartTimeC5	Integer	СилКорпус / Таймеры / Аспирация / Таймеры старта		MnemoControlC	MnemoControlC	Таймер старта аспирации
StartTimeC6	Integer	СилКорпус / Таймеры / Аспирация / Таймеры старта		MnemoControlC	MnemoControlC	Таймер старта аспирации
StartTimeC7	Integer	СилКорпус / Таймеры / Аспирация / Таймеры старта		MnemoControlC	MnemoControlC	Таймер старта аспирации
StartTimeC8	Integer	СилКорпус / Таймеры / Аспирация / Таймеры старта		MnemoControlC	MnemoControlC	Таймер старта аспирации
StartTimeC9	Integer	СилКорпус / Таймеры / Аспирация / Таймеры старта		MnemoControlC	MnemoControlC	Таймер старта аспирации
StartTimeN1	Integer	СилКорпус / Таймеры / Нории / Таймеры старта		MnemoControlN	MnemoControlN	Таймер старта нории
StartTimeN10	Integer	СилКорпус / Таймеры / Нории / Таймеры старта				Таймер старта нории
StartTimeN2	Integer	СилКорпус / Таймеры / Нории / Таймеры старта		MnemoControlN	MnemoControlN	Таймер старта нории
StartTimeN3	Integer	СилКорпус / Таймеры / Нории / Таймеры старта		MnemoControlN	MnemoControlN	Таймер старта нории
StartTimeN4	Integer	СилКорпус / Таймеры / Нории / Таймеры старта		MnemoControlN	MnemoControlN	Таймер старта нории
StartTimeN5	Integer	СилКорпус / Таймеры / Нории / Таймеры старта		MnemoControlN	MnemoControlN	Таймер старта нории
StartTimeN6	Integer	СилКорпус / Таймеры / Нории / Таймеры старта		MnemoControlN	MnemoControlN	Таймер старта нории
StartTimeN7	Integer	СилКорпус / Таймеры / Нории / Таймеры старта		MnemoControlN	MnemoControlN	Таймер старта нории
StartTimeN8	Integer	СилКорпус / Таймеры / Нории / Таймеры старта		MnemoControlN	MnemoControlN	Таймер старта нории
StartTimeN9	Integer	СилКорпус / Таймеры / Нории / Таймеры старта		MnemoControlN	MnemoControlN	Таймер старта нории
StartTimeT1	Integer	СилКорпус / Таймеры / Транспортеры / Таймеры старта		MnemoControlT	MnemoControlT	Таймер старта транспортера
StartTimeT10	Integer	СилКорпус / Таймеры / Транспортеры / Таймеры старта		MnemoControlT	MnemoControlT	Таймер старта транспортера
StartTimeT11	Integer	СилКорпус / Таймеры / Транспортеры / Таймеры старта		MnemoControlT	MnemoControlT	Таймер старта транспортера
StartTimeT12	Integer	СилКорпус / Таймеры / Транспортеры / Таймеры старта		MnemoControlT	MnemoControlT	Таймер старта транспортера
StartTimeT13	Integer	СилКорпус / Таймеры / Транспортеры / Таймеры старта		MnemoControlT	MnemoControlT	Таймер старта транспортера
StartTimeT14	Integer	СилКорпус / Таймеры / Транспортеры / Таймеры старта		MnemoControlT	MnemoControlT	Таймер старта транспортера
StartTimeT15	Integer	СилКорпус / Таймеры / Транспортеры / Таймеры старта		MnemoControlT	MnemoControlT	Таймер старта транспортера
StartTimeT16	Integer	СилКорпус / Таймеры / Транспортеры / Таймеры старта		MnemoControlT	MnemoControlT	Таймер старта транспортера
StartTimeT17	Integer	СилКорпус / Таймеры / Транспортеры / Таймеры старта		MnemoControlT	MnemoControlT	Таймер старта транспортера
StartTimeT18	Integer	СилКорпус / Таймеры / Транспортеры / Таймеры старта		MnemoControlT	MnemoControlT	Таймер старта транспортера
StartTimeT19	Integer	СилКорпус / Таймеры / Транспортеры / Таймеры старта				Таймер старта транспортера
StartTimeT2	Integer	СилКорпус / Таймеры / Транспортеры / Таймеры старта		MnemoControlT	MnemoControlT	Таймер старта транспортера
StartTimeT20	Integer	СилКорпус / Таймеры / Транспортеры / Таймеры старта				Таймер старта транспортера
StartTimeT3	Integer	СилКорпус / Таймеры / Транспортеры / Таймеры старта		MnemoControlT	MnemoControlT	Таймер старта транспортера
StartTimeT4	Integer	СилКорпус / Таймеры / Транспортеры / Таймеры старта		MnemoControlT	MnemoControlT	Таймер старта транспортера
StartTimeT5	Integer	СилКорпус / Таймеры / Транспортеры / Таймеры старта		MnemoControlT	MnemoControlT	Таймер старта транспортера
StartTimeT6	Integer	СилКорпус / Таймеры / Транспортеры / Таймеры старта		MnemoControlT	MnemoControlT	Таймер старта транспортера
StartTimeT7	Integer	СилКорпус / Таймеры / Транспортеры / Таймеры старта		MnemoControlT	MnemoControlT	Таймер старта транспортера
StartTimeT8	Integer	СилКорпус / Таймеры / Транспортеры / Таймеры старта		MnemoControlT	MnemoControlT	Таймер старта транспортера
StartTimeT9	Integer	СилКорпус / Таймеры / Транспортеры / Таймеры старта		MnemoControlT	MnemoControlT	Таймер старта транспортера
StatusAlarmN1	Boolean	СилКорпус / Таймеры / Нории / Таймеры аварий		MnemoControlN	MnemoControlN	Служебный статус для контроля аварии нории
StatusAlarmN10	Boolean	СилКорпус / Таймеры / Нории / Таймеры аварий				Служебный статус для контроля аварии нории
StatusAlarmN2	Boolean	СилКорпус / Таймеры / Нории / Таймеры аварий		MnemoControlN	MnemoControlN	Служебный статус для контроля аварии нории
StatusAlarmN3	Boolean	СилКорпус / Таймеры / Нории / Таймеры аварий		MnemoControlN	MnemoControlN	Служебный статус для контроля аварии нории
StatusAlarmN4	Boolean	СилКорпус / Таймеры / Нории / Таймеры аварий		MnemoControlN	MnemoControlN	Служебный статус для контроля аварии нории
StatusAlarmN5	Boolean	СилКорпус / Таймеры / Нории / Таймеры аварий		MnemoControlN	MnemoControlN	Служебный статус для контроля аварии нории
StatusAlarmN6	Boolean	СилКорпус / Таймеры / Нории / Таймеры аварий		MnemoControlN	MnemoControlN	Служебный статус для контроля аварии нории
StatusAlarmN7	Boolean	СилКорпус / Таймеры / Нории / Таймеры аварий		MnemoControlN	MnemoControlN	Служебный статус для контроля аварии нории
StatusAlarmN8	Boolean	СилКорпус / Таймеры / Нории / Таймеры аварий		MnemoControlN	MnemoControlN	Служебный статус для контроля аварии нории
StatusAlarmN9	Boolean	СилКорпус / Таймеры / Нории / Таймеры аварий		MnemoControlN	MnemoControlN	Служебный статус для контроля аварии нории
StatusAlarmT1	Boolean	СилКорпус / Таймеры / Транспортеры / Таймеры аварий			MnemoControlT	Служебный статус для контроля аварии транспортера
StatusAlarmT10	Boolean	СилКорпус / Таймеры / Транспортеры / Таймеры аварий			MnemoControlT	Служебный статус для контроля аварии транспортера
StatusAlarmT11	Boolean	СилКорпус / Таймеры / Транспортеры / Таймеры аварий			MnemoControlT	Служебный статус для контроля аварии транспортера
StatusAlarmT12	Boolean	СилКорпус / Таймеры / Транспортеры / Таймеры аварий			MnemoControlT	Служебный статус для контроля аварии транспортера
StatusAlarmT13	Boolean	СилКорпус / Таймеры / Транспортеры / Таймеры аварий			MnemoControlT	Служебный статус для контроля аварии транспортера
StatusAlarmT14	Boolean	СилКорпус / Таймеры / Транспортеры / Таймеры аварий			MnemoControlT	Служебный статус для контроля аварии транспортера
StatusAlarmT15	Boolean	СилКорпус / Таймеры / Транспортеры / Таймеры аварий			MnemoControlT	Служебный статус для контроля аварии транспортера
StatusAlarmT16	Boolean	СилКорпус / Таймеры / Транспортеры / Таймеры аварий			MnemoControlT	Служебный статус для контроля аварии транспортера
StatusAlarmT17	Boolean	СилКорпус / Таймеры / Транспортеры / Таймеры аварий			MnemoControlT	Служебный статус для контроля аварии транспортера
StatusAlarmT18	Boolean	СилКорпус / Таймеры / Транспортеры / Таймеры аварий			MnemoControlT	Служебный статус для контроля аварии транспортера
StatusAlarmT19	Boolean	СилКорпус / Таймеры / Транспортеры / Таймеры аварий				Служебный статус для контроля аварии транспортера
StatusAlarmT2	Boolean	СилКорпус / Таймеры / Транспортеры / Таймеры аварий			MnemoControlT	Служебный статус для контроля аварии транспортера
StatusAlarmT20	Boolean	СилКорпус / Таймеры / Транспортеры / Таймеры аварий				Служебный статус для контроля аварии транспортера
StatusAlarmT3	Boolean	СилКорпус / Таймеры / Транспортеры / Таймеры аварий			MnemoControlT	Служебный статус для контроля аварии транспортера
StatusAlarmT4	Boolean	СилКорпус / Таймеры / Транспортеры / Таймеры аварий			MnemoControlT	Служебный статус для контроля аварии транспортера
StatusAlarmT5	Boolean	СилКорпус / Таймеры / Транспортеры / Таймеры аварий			MnemoControlT	Служебный статус для контроля аварии транспортера
StatusAlarmT6	Boolean	СилКорпус / Таймеры / Транспортеры / Таймеры аварий			MnemoControlT	Служебный статус для контроля аварии транспортера
StatusAlarmT7	Boolean	СилКорпус / Таймеры / Транспортеры / Таймеры аварий			MnemoControlT	Служебный статус для контроля аварии транспортера
StatusAlarmT8	Boolean	СилКорпус / Таймеры / Транспортеры / Таймеры аварий			MnemoControlT	Служебный статус для контроля аварии транспортера
StatusAlarmT9	Boolean	СилКорпус / Таймеры / Транспортеры / Таймеры аварий			MnemoControlT	Служебный статус для контроля аварии транспортера
StatusC1	Byte	СилКорпус / Статусы механизмов / Аспирация		MnemoControlC	StartButtonC1_OnClick,StopButtonsControl,TextStatusC1_OnDataChange	Контроль состояния аспирации во время работы
StatusC10	Byte	СилКорпус / Статусы механизмов / Аспирация		MnemoControlC	StartButtonC10_OnClick,StopButtonsControl,TextStatusC10_OnDataChange	Контроль состояния аспирации во время работы
StatusC11	Byte	СилКорпус / Статусы механизмов / Аспирация		MnemoControlC	StartButtonC11_OnClick,StopButtonsControl,TextStatusC11_OnDataChange	Контроль состояния аспирации во время работы
StatusC12	Byte	СилКорпус / Статусы механизмов / Аспирация		MnemoControlC	StartButtonC12_OnClick,StopButtonsControl,TextStatusC12_OnDataChange	Контроль состояния аспирации во время работы
StatusC13	Byte	СилКорпус / Статусы механизмов / Аспирация				Контроль состояния аспирации во время работы
StatusC14	Byte	СилКорпус / Статусы механизмов / Аспирация				Контроль состояния аспирации во время работы
StatusC2	Byte	СилКорпус / Статусы механизмов / Аспирация		MnemoControlC	StartButtonC2_OnClick,StopButtonsControl,TextStatusC2_OnDataChange	Контроль состояния аспирации во время работы
StatusC3	Byte	СилКорпус / Статусы механизмов / Аспирация		MnemoControlC	StartButtonC3_OnClick,StopButtonsControl,TextStatusC3_OnDataChange	Контроль состояния аспирации во время работы
StatusC4	Byte	СилКорпус / Статусы механизмов / Аспирация		MnemoControlC	StartButtonC4_OnClick,StopButtonsControl,TextStatusC4_OnDataChange	Контроль состояния аспирации во время работы
StatusC5	Byte	СилКорпус / Статусы механизмов / Аспирация		MnemoControlC	StartButtonC1a_OnClick,StopButtonsControl,TextStatusC5_OnDataChange	Контроль состояния аспирации во время работы
StatusC6	Byte	СилКорпус / Статусы механизмов / Аспирация		MnemoControlC	StartButtonC2a_OnClick,StopButtonsControl,TextStatusC6_OnDataChange	Контроль состояния аспирации во время работы
StatusC7	Byte	СилКорпус / Статусы механизмов / Аспирация		MnemoControlC	StartButtonC7_OnClick,StopButtonsControl,TextStatusC7_OnDataChange	Контроль состояния аспирации во время работы
StatusC8	Byte	СилКорпус / Статусы механизмов / Аспирация		MnemoControlC	StartButtonC8_OnClick,StopButtonsControl,TextStatusC8_OnDataChange	Контроль состояния аспирации во время работы
StatusC9	Byte	СилКорпус / Статусы механизмов / Аспирация		MnemoControlC	StartButtonC9_OnClick,StopButtonsControl,TextStatusC9_OnDataChange	Контроль состояния аспирации во время работы
StatusN1	Byte	СилКорпус / Статусы механизмов / Нории		AlarmDropButton_OnClick,MnemoControlN	StartButtonN1_OnClick,StopButtonsControl,TextStatusN1_OnDataChange	Контроль состояния нории во время работы
StatusN10	Byte	СилКорпус / Статусы механизмов / Нории				Контроль состояния нории во время работы
StatusN2	Byte	СилКорпус / Статусы механизмов / Нории		AlarmDropButton_OnClick,MnemoControlN	StartButtonN2_OnClick,StopButtonsControl,TextStatusN2_OnDataChange	Контроль состояния нории во время работы
StatusN3	Byte	СилКорпус / Статусы механизмов / Нории		AlarmDropButton_OnClick,MnemoControlN	StartButtonN3_OnClick,StopButtonsControl,TextStatusN3_OnDataChange	Контроль состояния нории во время работы
StatusN4	Byte	СилКорпус / Статусы механизмов / Нории		AlarmDropButton_OnClick,MnemoControlN	StartButtonN4_OnClick,StopButtonsControl,TextStatusN4_OnDataChange	Контроль состояния нории во время работы
StatusN5	Byte	СилКорпус / Статусы механизмов / Нории		AlarmDropButton_OnClick,MnemoControlN	StartButtonN5_OnClick,StopButtonsControl,TextStatusN5_OnDataChange	Контроль состояния нории во время работы
StatusN6	Byte	СилКорпус / Статусы механизмов / Нории		AlarmDropButton_OnClick,MnemoControlN	StartButtonN6_OnClick,StopButtonsControl,TextStatusN6_OnDataChange	Контроль состояния нории во время работы
StatusN7	Byte	СилКорпус / Статусы механизмов / Нории		AlarmDropButton_OnClick,MnemoControlN	StartButtonN1a_OnClick,StopButtonsControl,TextStatusN7_OnDataChange	Контроль состояния нории во время работы
StatusN8	Byte	СилКорпус / Статусы механизмов / Нории		AlarmDropButton_OnClick,MnemoControlN	StartButtonN2a_OnClick,StopButtonsControl,TextStatusN8_OnDataChange	Контроль состояния нории во время работы
StatusN9	Byte	СилКорпус / Статусы механизмов / Нории		AlarmDropButton_OnClick,MnemoControlN	StartButtonN11_OnClick,StopButtonsControl,TextStatusN9_OnDataChange	Контроль состояния нории во время работы
StatusStartC1	Byte	СилКорпус / Статусы механизмов / Аспирация		AlarmStopButton_OnClick,ManualStart,MnemoControlC,StartButtonC1_OnClick,StopButtonC1_OnClick,StopButtonsControl	ManualStart,StartButtonC1_OnClick,StopButtonC1_OnClick	Контроль алгоритма запуска аспирации
StatusStartC10	Byte	СилКорпус / Статусы механизмов / Аспирация		AlarmStopButton_OnClick,ManualStart,MnemoControlC,StartButtonC10_OnClick,StopButtonC10_OnClick,StopButtonsControl	ManualStart,StartButtonC10_OnClick,StopButtonC10_OnClick	Контроль алгоритма запуска аспирации
StatusStartC11	Byte	СилКорпус / Статусы механизмов / Аспирация		AlarmStopButton_OnClick,ManualStart,MnemoControlC,StartButtonC11_OnClick,StopButtonC11_OnClick,StopButtonsControl	ManualStart,StartButtonC11_OnClick,StopButtonC11_OnClick	Контроль алгоритма запуска аспирации
StatusStartC12	Byte	СилКорпус / Статусы механизмов / Аспирация		AlarmStopButton_OnClick,ManualStart,MnemoControlC,StartButtonC12_OnClick,StopButtonC12_OnClick,StopButtonsControl	ManualStart,StartButtonC12_OnClick,StopButtonC12_OnClick	Контроль алгоритма запуска аспирации
StatusStartC13	Byte	СилКорпус / Статусы механизмов / Аспирация				Контроль алгоритма запуска аспирации
StatusStartC14	Byte	СилКорпус / Статусы механизмов / Аспирация				Контроль алгоритма запуска аспирации
StatusStartC2	Byte	СилКорпус / Статусы механизмов / Аспирация		AlarmStopButton_OnClick,ManualStart,MnemoControlC,StartButtonC2_OnClick,StopButtonC2_OnClick,StopButtonsControl	ManualStart,StartButtonC2_OnClick,StopButtonC2_OnClick	Контроль алгоритма запуска аспирации
StatusStartC3	Byte	СилКорпус / Статусы механизмов / Аспирация		AlarmStopButton_OnClick,ManualStart,MnemoControlC,StartButtonC3_OnClick,StopButtonC3_OnClick,StopButtonsControl	ManualStart,StartButtonC3_OnClick,StopButtonC3_OnClick	Контроль алгоритма запуска аспирации
StatusStartC4	Byte	СилКорпус / Статусы механизмов / Аспирация		AlarmStopButton_OnClick,ManualStart,MnemoControlC,StartButtonC4_OnClick,StopButtonC4_OnClick,StopButtonsControl	ManualStart,StartButtonC4_OnClick,StopButtonC4_OnClick	Контроль алгоритма запуска аспирации
StatusStartC5	Byte	СилКорпус / Статусы механизмов / Аспирация		AlarmStopButton_OnClick,ManualStart,MnemoControlC,StartButtonC1a_OnClick,StopButtonC1a_OnClick,StopButtonsControl	ManualStart,StartButtonC1a_OnClick,StopButtonC1a_OnClick	Контроль алгоритма запуска аспирации
StatusStartC6	Byte	СилКорпус / Статусы механизмов / Аспирация		AlarmStopButton_OnClick,ManualStart,MnemoControlC,StartButtonC2a_OnClick,StopButtonC2a_OnClick,StopButtonsControl	ManualStart,StartButtonC2a_OnClick,StopButtonC2a_OnClick	Контроль алгоритма запуска аспирации
StatusStartC7	Byte	СилКорпус / Статусы механизмов / Аспирация		AlarmStopButton_OnClick,ManualStart,MnemoControlC,StartButtonC7_OnClick,StopButtonC7_OnClick,StopButtonsControl	ManualStart,StartButtonC7_OnClick,StopButtonC7_OnClick	Контроль алгоритма запуска аспирации
StatusStartC8	Byte	СилКорпус / Статусы механизмов / Аспирация		AlarmStopButton_OnClick,ManualStart,MnemoControlC,StartButtonC8_OnClick,StopButtonC8_OnClick,StopButtonsControl	ManualStart,StartButtonC8_OnClick,StopButtonC8_OnClick	Контроль алгоритма запуска аспирации
StatusStartC9	Byte	СилКорпус / Статусы механизмов / Аспирация		AlarmStopButton_OnClick,ManualStart,MnemoControlC,StartButtonC9_OnClick,StopButtonC9_OnClick,StopButtonsControl	ManualStart,StartButtonC9_OnClick,StopButtonC9_OnClick	Контроль алгоритма запуска аспирации
StatusStartForwardT1	Byte	СилКорпус / Статусы механизмов / Транспортеры		AlarmDropButton_OnClick,AlarmStopButton_OnClick,ManualStart,MnemoControlT,StartForwardButtonT1_OnClick,StopButtonT1_OnClick,StopButtonsControl	ManualStart,StartReversButtonT1_OnClick,StopButtonT1_OnClick	Контроль алгоритма запуска транспортера
StatusStartForwardT10	Byte	СилКорпус / Статусы механизмов / Транспортеры		AlarmDropButton_OnClick,AlarmStopButton_OnClick,ManualStart,MnemoControlT,StartForwardButtonT10_OnClick,StopButtonT10_OnClick,StopButtonsControl	ManualStart,StartReversButtonT10_OnClick,StopButtonT10_OnClick	Контроль алгоритма запуска транспортера
StatusStartForwardT11	Byte	СилКорпус / Статусы механизмов / Транспортеры		AlarmDropButton_OnClick,AlarmStopButton_OnClick,ManualStart,MnemoControlT,StartForwardButtonT11_OnClick,StopButtonT11_OnClick,StopButtonsControl	ManualStart,StartReversButtonT11_OnClick,StopButtonT11_OnClick	Контроль алгоритма запуска транспортера
StatusStartForwardT12	Byte	СилКорпус / Статусы механизмов / Транспортеры		AlarmDropButton_OnClick,AlarmStopButton_OnClick,ManualStart,MnemoControlT,StartForwardButtonT8a_OnClick,StopButtonT8a_OnClick,StopButtonsControl	ManualStart,StartReversButtonT8a_OnClick,StopButtonT8a_OnClick	Контроль алгоритма запуска транспортера
StatusStartForwardT13	Byte	СилКорпус / Статусы механизмов / Транспортеры		AlarmDropButton_OnClick,AlarmStopButton_OnClick,ManualStart,MnemoControlT,StartForwardButtonT17_OnClick,StopButtonT17_OnClick,StopButtonsControl	ManualStart,StartReversButtonT17_OnClick,StopButtonT17_OnClick	Контроль алгоритма запуска транспортера
StatusStartForwardT14	Byte	СилКорпус / Статусы механизмов / Транспортеры		AlarmDropButton_OnClick,AlarmStopButton_OnClick,ManualStart,MnemoControlT,StartForwardButtonT9a_OnClick,StopButtonT9a_OnClick,StopButtonsControl	ManualStart,StartReversButtonT9a_OnClick,StopButtonT9a_OnClick	Контроль алгоритма запуска транспортера
StatusStartForwardT15	Byte	СилКорпус / Статусы механизмов / Транспортеры		AlarmDropButton_OnClick,AlarmStopButton_OnClick,ManualStart,MnemoControlT,StartForwardButtonT17a_OnClick,StopButtonT17a_OnClick,StopButtonsControl	ManualStart,StartReversButtonT17a_OnClick,StopButtonT17a_OnClick	Контроль алгоритма запуска транспортера
StatusStartForwardT16	Byte	СилКорпус / Статусы механизмов / Транспортеры		AlarmDropButton_OnClick,AlarmStopButton_OnClick,ManualStart,MnemoControlT,StartForwardButtonT25_OnClick,StopButtonT25_OnClick,StopButtonsControl	ManualStart,StartReversButtonT25_OnClick,StopButtonT25_OnClick	Контроль алгоритма запуска транспортера
StatusStartForwardT17	Byte	СилКорпус / Статусы механизмов / Транспортеры		AlarmDropButton_OnClick,AlarmStopButton_OnClick,ManualStart,MnemoControlT,StartForwardButtonT24_OnClick,StopButtonT24_OnClick,StopButtonsControl	ManualStart,StartReversButtonT24_OnClick,StopButtonT24_OnClick	Контроль алгоритма запуска транспортера
StatusStartForwardT18	Byte	СилКорпус / Статусы механизмов / Транспортеры		AlarmDropButton_OnClick,AlarmStopButton_OnClick,ManualStart,MnemoControlT,StartForwardButtonT22_OnClick,StopButtonT22_OnClick,StopButtonsControl	ManualStart,StartReversButtonT22_OnClick,StopButtonT22_OnClick	Контроль алгоритма запуска транспортера
StatusStartForwardT19	Byte	СилКорпус / Статусы механизмов / Транспортеры				Контроль алгоритма запуска транспортера
StatusStartForwardT2	Byte	СилКорпус / Статусы механизмов / Транспортеры		AlarmDropButton_OnClick,AlarmStopButton_OnClick,ManualStart,MnemoControlT,StartForwardButtonT2_OnClick,StopButtonT2_OnClick,StopButtonsControl	ManualStart,StartReversButtonT2_OnClick,StopButtonT2_OnClick	Контроль алгоритма запуска транспортера
StatusStartForwardT20	Byte	СилКорпус / Статусы механизмов / Транспортеры				Контроль алгоритма запуска транспортера
StatusStartForwardT3	Byte	СилКорпус / Статусы механизмов / Транспортеры		AlarmDropButton_OnClick,AlarmStopButton_OnClick,ManualStart,MnemoControlT,StartForwardButtonT3_OnClick,StopButtonT3_OnClick,StopButtonsControl	ManualStart,StartReversButtonT3_OnClick,StopButtonT3_OnClick	Контроль алгоритма запуска транспортера
StatusStartForwardT4	Byte	СилКорпус / Статусы механизмов / Транспортеры		AlarmDropButton_OnClick,AlarmStopButton_OnClick,ManualStart,MnemoControlT,StartForwardButtonT4_OnClick,StopButtonT4_OnClick,StopButtonsControl	ManualStart,StartReversButtonT4_OnClick,StopButtonT4_OnClick	Контроль алгоритма запуска транспортера
StatusStartForwardT5	Byte	СилКорпус / Статусы механизмов / Транспортеры		AlarmDropButton_OnClick,AlarmStopButton_OnClick,ManualStart,MnemoControlT,StartForwardButtonT5_OnClick,StopButtonT5_OnClick,StopButtonsControl	ManualStart,StartReversButtonT5_OnClick,StopButtonT5_OnClick	Контроль алгоритма запуска транспортера
StatusStartForwardT6	Byte	СилКорпус / Статусы механизмов / Транспортеры		AlarmDropButton_OnClick,AlarmStopButton_OnClick,ManualStart,MnemoControlT,StartForwardButtonT6_OnClick,StopButtonT6_OnClick,StopButtonsControl	ManualStart,StartReversButtonT6_OnClick,StopButtonT6_OnClick	Контроль алгоритма запуска транспортера
StatusStartForwardT7	Byte	СилКорпус / Статусы механизмов / Транспортеры		AlarmDropButton_OnClick,AlarmStopButton_OnClick,ManualStart,MnemoControlT,StartForwardButtonT7_OnClick,StopButtonT7_OnClick,StopButtonsControl	ManualStart,StartReversButtonT7_OnClick,StopButtonT7_OnClick	Контроль алгоритма запуска транспортера
StatusStartForwardT8	Byte	СилКорпус / Статусы механизмов / Транспортеры		AlarmDropButton_OnClick,AlarmStopButton_OnClick,ManualStart,MnemoControlT,StartForwardButtonT8_OnClick,StopButtonT8_OnClick,StopButtonsControl	ManualStart,StartReversButtonT8_OnClick,StopButtonT8_OnClick	Контроль алгоритма запуска транспортера
StatusStartForwardT9	Byte	СилКорпус / Статусы механизмов / Транспортеры		AlarmDropButton_OnClick,AlarmStopButton_OnClick,ManualStart,MnemoControlT,StartForwardButtonT9_OnClick,StopButtonT9_OnClick,StopButtonsControl	ManualStart,StartReversButtonT9_OnClick,StopButtonT9_OnClick	Контроль алгоритма запуска транспортера
StatusStartN1	Byte	СилКорпус / Статусы механизмов / Нории		AlarmDropButton_OnClick,AlarmStopButton_OnClick,ManualStart,MnemoControlN,StartButtonN1_OnClick,StopButtonN1_OnClick,StopButtonsControl	ManualStart,StartButtonN1_OnClick,StopButtonN1_OnClick	Контроль алгоритма запуска нории
StatusStartN10	Byte	СилКорпус / Статусы механизмов / Нории				Контроль алгоритма запуска нории
StatusStartN2	Byte	СилКорпус / Статусы механизмов / Нории		AlarmDropButton_OnClick,AlarmStopButton_OnClick,ManualStart,MnemoControlN,StartButtonN2_OnClick,StopButtonN2_OnClick,StopButtonsControl	ManualStart,StartButtonN2_OnClick,StopButtonN2_OnClick	Контроль алгоритма запуска нории
StatusStartN3	Byte	СилКорпус / Статусы механизмов / Нории		AlarmDropButton_OnClick,AlarmStopButton_OnClick,ManualStart,MnemoControlN,StartButtonN3_OnClick,StopButtonN3_OnClick,StopButtonsControl	ManualStart,StartButtonN3_OnClick,StopButtonN3_OnClick	Контроль алгоритма запуска нории
StatusStartN4	Byte	СилКорпус / Статусы механизмов / Нории		AlarmDropButton_OnClick,AlarmStopButton_OnClick,ManualStart,MnemoControlN,StartButtonN4_OnClick,StopButtonN4_OnClick,StopButtonsControl	ManualStart,StartButtonN4_OnClick,StopButtonN4_OnClick	Контроль алгоритма запуска нории
StatusStartN5	Byte	СилКорпус / Статусы механизмов / Нории		AlarmDropButton_OnClick,AlarmStopButton_OnClick,ManualStart,MnemoControlN,StartButtonN5_OnClick,StopButtonN5_OnClick,StopButtonsControl	ManualStart,StartButtonN5_OnClick,StopButtonN5_OnClick	Контроль алгоритма запуска нории
StatusStartN6	Byte	СилКорпус / Статусы механизмов / Нории		AlarmDropButton_OnClick,AlarmStopButton_OnClick,ManualStart,MnemoControlN,StartButtonN6_OnClick,StopButtonN6_OnClick,StopButtonsControl	ManualStart,StartButtonN6_OnClick,StopButtonN6_OnClick	Контроль алгоритма запуска нории
StatusStartN7	Byte	СилКорпус / Статусы механизмов / Нории		AlarmDropButton_OnClick,AlarmStopButton_OnClick,ManualStart,MnemoControlN,StartButtonN1a_OnClick,StopButtonN1a_OnClick,StopButtonsControl	ManualStart,StartButtonN1a_OnClick,StopButtonN1a_OnClick	Контроль алгоритма запуска нории
StatusStartN8	Byte	СилКорпус / Статусы механизмов / Нории		AlarmDropButton_OnClick,AlarmStopButton_OnClick,ManualStart,MnemoControlN,StartButtonN2a_OnClick,StopButtonN2a_OnClick,StopButtonsControl	ManualStart,StartButtonN2a_OnClick,StopButtonN2a_OnClick	Контроль алгоритма запуска нории
StatusStartN9	Byte	СилКорпус / Статусы механизмов / Нории		AlarmDropButton_OnClick,AlarmStopButton_OnClick,ManualStart,MnemoControlN,StartButtonN11_OnClick,StopButtonN11_OnClick,StopButtonsControl	ManualStart,StartButtonN11_OnClick,StopButtonN11_OnClick	Контроль алгоритма запуска нории
StatusStartReversT1	Byte	СилКорпус / Статусы механизмов / Транспортеры		AlarmDropButton_OnClick,AlarmStopButton_OnClick,ManualStart,StartReversButtonT1_OnClick,StopButtonT1_OnClick,StopButtonsControl	ManualStart,StartForwardButtonT1_OnClick,StopButtonT1_OnClick	Контроль алгоритма запуска транспортера
StatusStartReversT10	Byte	СилКорпус / Статусы механизмов / Транспортеры		AlarmDropButton_OnClick,AlarmStopButton_OnClick,ManualStart,StartReversButtonT10_OnClick,StopButtonT10_OnClick,StopButtonsControl	ManualStart,StartForwardButtonT10_OnClick,StopButtonT10_OnClick	Контроль алгоритма запуска транспортера
StatusStartReversT11	Byte	СилКорпус / Статусы механизмов / Транспортеры		AlarmDropButton_OnClick,AlarmStopButton_OnClick,ManualStart,StartReversButtonT11_OnClick,StopButtonT11_OnClick,StopButtonsControl	ManualStart,StartForwardButtonT11_OnClick,StopButtonT11_OnClick	Контроль алгоритма запуска транспортера
StatusStartReversT12	Byte	СилКорпус / Статусы механизмов / Транспортеры		AlarmDropButton_OnClick,AlarmStopButton_OnClick,ManualStart,StartReversButtonT8a_OnClick,StopButtonT8a_OnClick,StopButtonsControl	ManualStart,StartForwardButtonT8a_OnClick,StopButtonT8a_OnClick	Контроль алгоритма запуска транспортера
StatusStartReversT13	Byte	СилКорпус / Статусы механизмов / Транспортеры		AlarmDropButton_OnClick,AlarmStopButton_OnClick,ManualStart,StartReversButtonT17_OnClick,StopButtonT17_OnClick,StopButtonsControl	ManualStart,StartForwardButtonT17_OnClick,StopButtonT17_OnClick	Контроль алгоритма запуска транспортера
StatusStartReversT14	Byte	СилКорпус / Статусы механизмов / Транспортеры		AlarmDropButton_OnClick,AlarmStopButton_OnClick,ManualStart,StartReversButtonT9a_OnClick,StopButtonT9a_OnClick,StopButtonsControl	ManualStart,StartForwardButtonT9a_OnClick,StopButtonT9a_OnClick	Контроль алгоритма запуска транспортера
StatusStartReversT15	Byte	СилКорпус / Статусы механизмов / Транспортеры		AlarmDropButton_OnClick,AlarmStopButton_OnClick,ManualStart,StartReversButtonT17a_OnClick,StopButtonT17a_OnClick,StopButtonsControl	ManualStart,StartForwardButtonT17a_OnClick,StopButtonT17a_OnClick	Контроль алгоритма запуска транспортера
StatusStartReversT16	Byte	СилКорпус / Статусы механизмов / Транспортеры		AlarmDropButton_OnClick,AlarmStopButton_OnClick,ManualStart,StartReversButtonT25_OnClick,StopButtonT25_OnClick,StopButtonsControl	ManualStart,StartForwardButtonT25_OnClick,StopButtonT25_OnClick	Контроль алгоритма запуска транспортера
StatusStartReversT17	Byte	СилКорпус / Статусы механизмов / Транспортеры		AlarmDropButton_OnClick,AlarmStopButton_OnClick,ManualStart,StartReversButtonT24_OnClick,StopButtonT24_OnClick,StopButtonsControl	ManualStart,StartForwardButtonT24_OnClick,StopButtonT24_OnClick	Контроль алгоритма запуска транспортера
StatusStartReversT18	Byte	СилКорпус / Статусы механизмов / Транспортеры		AlarmDropButton_OnClick,AlarmStopButton_OnClick,ManualStart,StartReversButtonT22_OnClick,StopButtonT22_OnClick,StopButtonsControl	ManualStart,StartForwardButtonT22_OnClick,StopButtonT22_OnClick	Контроль алгоритма запуска транспортера
StatusStartReversT19	Byte	СилКорпус / Статусы механизмов / Транспортеры				Контроль алгоритма запуска транспортера
StatusStartReversT2	Byte	СилКорпус / Статусы механизмов / Транспортеры		AlarmDropButton_OnClick,AlarmStopButton_OnClick,ManualStart,StartReversButtonT2_OnClick,StopButtonT2_OnClick,StopButtonsControl	ManualStart,StartForwardButtonT2_OnClick,StopButtonT2_OnClick	Контроль алгоритма запуска транспортера
StatusStartReversT20	Byte	СилКорпус / Статусы механизмов / Транспортеры				Контроль алгоритма запуска транспортера
StatusStartReversT3	Byte	СилКорпус / Статусы механизмов / Транспортеры		AlarmDropButton_OnClick,AlarmStopButton_OnClick,ManualStart,StartReversButtonT3_OnClick,StopButtonT3_OnClick,StopButtonsControl	ManualStart,StartForwardButtonT3_OnClick,StopButtonT3_OnClick	Контроль алгоритма запуска транспортера
StatusStartReversT4	Byte	СилКорпус / Статусы механизмов / Транспортеры		AlarmDropButton_OnClick,AlarmStopButton_OnClick,ManualStart,StartReversButtonT4_OnClick,StopButtonT4_OnClick,StopButtonsControl	ManualStart,StartForwardButtonT4_OnClick,StopButtonT4_OnClick	Контроль алгоритма запуска транспортера
StatusStartReversT5	Byte	СилКорпус / Статусы механизмов / Транспортеры		AlarmDropButton_OnClick,AlarmStopButton_OnClick,ManualStart,StartReversButtonT5_OnClick,StopButtonT5_OnClick,StopButtonsControl	ManualStart,StartForwardButtonT5_OnClick,StopButtonT5_OnClick	Контроль алгоритма запуска транспортера
StatusStartReversT6	Byte	СилКорпус / Статусы механизмов / Транспортеры		AlarmDropButton_OnClick,AlarmStopButton_OnClick,ManualStart,StartReversButtonT6_OnClick,StopButtonT6_OnClick,StopButtonsControl	ManualStart,StartForwardButtonT6_OnClick,StopButtonT6_OnClick	Контроль алгоритма запуска транспортера
StatusStartReversT7	Byte	СилКорпус / Статусы механизмов / Транспортеры		AlarmDropButton_OnClick,AlarmStopButton_OnClick,ManualStart,StartReversButtonT7_OnClick,StopButtonT7_OnClick,StopButtonsControl	ManualStart,StartForwardButtonT7_OnClick,StopButtonT7_OnClick	Контроль алгоритма запуска транспортера
StatusStartReversT8	Byte	СилКорпус / Статусы механизмов / Транспортеры		AlarmDropButton_OnClick,AlarmStopButton_OnClick,ManualStart,StartReversButtonT8_OnClick,StopButtonT8_OnClick,StopButtonsControl	ManualStart,StartForwardButtonT8_OnClick,StopButtonT8_OnClick	Контроль алгоритма запуска транспортера
StatusStartReversT9	Byte	СилКорпус / Статусы механизмов / Транспортеры		AlarmDropButton_OnClick,AlarmStopButton_OnClick,ManualStart,StartReversButtonT9_OnClick,StopButtonT9_OnClick,StopButtonsControl	ManualStart,StartForwardButtonT9_OnClick,StopButtonT9_OnClick	Контроль алгоритма запуска транспортера
StatusT1	Byte	СилКорпус / Статусы механизмов / Транспортеры		AlarmDropButton_OnClick,MnemoControlT	StartForwardButtonT1_OnClick,StartReversButtonT1_OnClick,TextStatusT1_OnDataChange	Контроль состояния транспортера во время работы
StatusT10	Byte	СилКорпус / Статусы механизмов / Транспортеры		AlarmDropButton_OnClick,MnemoControlT	StartForwardButtonT10_OnClick,StartReversButtonT10_OnClick,TextStatusT10_OnDataChange	Контроль состояния транспортера во время работы
StatusT11	Byte	СилКорпус / Статусы механизмов / Транспортеры		AlarmDropButton_OnClick,MnemoControlT	StartForwardButtonT11_OnClick,StartReversButtonT11_OnClick,TextStatusT11_OnDataChange	Контроль состояния транспортера во время работы
StatusT12	Byte	СилКорпус / Статусы механизмов / Транспортеры		AlarmDropButton_OnClick,MnemoControlT	StartForwardButtonT8a_OnClick,StartReversButtonT8a_OnClick,TextStatusT12_OnDataChange	Контроль состояния транспортера во время работы
StatusT13	Byte	СилКорпус / Статусы механизмов / Транспортеры		AlarmDropButton_OnClick,MnemoControlT	StartForwardButtonT17_OnClick,StartReversButtonT17_OnClick,TextStatusT13_OnDataChange	Контроль состояния транспортера во время работы
StatusT14	Byte	СилКорпус / Статусы механизмов / Транспортеры		AlarmDropButton_OnClick,MnemoControlT	StartForwardButtonT9a_OnClick,StartReversButtonT9a_OnClick,TextStatusT14_OnDataChange	Контроль состояния транспортера во время работы
StatusT15	Byte	СилКорпус / Статусы механизмов / Транспортеры		AlarmDropButton_OnClick,MnemoControlT	StartForwardButtonT17a_OnClick,StartReversButtonT17a_OnClick,TextStatusT15_OnDataChange	Контроль состояния транспортера во время работы
StatusT16	Byte	СилКорпус / Статусы механизмов / Транспортеры		AlarmDropButton_OnClick,MnemoControlT	StartForwardButtonT25_OnClick,StartReversButtonT25_OnClick,TextStatusT16_OnDataChange	Контроль состояния транспортера во время работы
StatusT17	Byte	СилКорпус / Статусы механизмов / Транспортеры		AlarmDropButton_OnClick,MnemoControlT	StartForwardButtonT24_OnClick,StartReversButtonT24_OnClick,TextStatusT17_OnDataChange	Контроль состояния транспортера во время работы
StatusT18	Byte	СилКорпус / Статусы механизмов / Транспортеры		AlarmDropButton_OnClick,MnemoControlT	StartForwardButtonT22_OnClick,StartReversButtonT22_OnClick,TextStatusT18_OnDataChange	Контроль состояния транспортера во время работы
StatusT19	Byte	СилКорпус / Статусы механизмов / Транспортеры				Контроль состояния транспортера во время работы
StatusT2	Byte	СилКорпус / Статусы механизмов / Транспортеры		AlarmDropButton_OnClick,MnemoControlT	StartForwardButtonT2_OnClick,StartReversButtonT2_OnClick,TextStatusT2_OnDataChange	Контроль состояния транспортера во время работы
StatusT20	Byte	СилКорпус / Статусы механизмов / Транспортеры				Контроль состояния транспортера во время работы
StatusT3	Byte	СилКорпус / Статусы механизмов / Транспортеры		AlarmDropButton_OnClick,MnemoControlT	StartForwardButtonT3_OnClick,StartReversButtonT3_OnClick,TextStatusT3_OnDataChange	Контроль состояния транспортера во время работы
StatusT4	Byte	СилКорпус / Статусы механизмов / Транспортеры		AlarmDropButton_OnClick,MnemoControlT	StartForwardButtonT4_OnClick,StartReversButtonT4_OnClick,TextStatusT4_OnDataChange	Контроль состояния транспортера во время работы
StatusT5	Byte	СилКорпус / Статусы механизмов / Транспортеры		AlarmDropButton_OnClick,MnemoControlT	StartForwardButtonT5_OnClick,StartReversButtonT5_OnClick,TextStatusT5_OnDataChange	Контроль состояния транспортера во время работы
StatusT6	Byte	СилКорпус / Статусы механизмов / Транспортеры		AlarmDropButton_OnClick,MnemoControlT	StartForwardButtonT6_OnClick,StartReversButtonT6_OnClick,TextStatusT6_OnDataChange	Контроль состояния транспортера во время работы
StatusT7	Byte	СилКорпус / Статусы механизмов / Транспортеры		AlarmDropButton_OnClick,MnemoControlT	StartForwardButtonT7_OnClick,StartReversButtonT7_OnClick,TextStatusT7_OnDataChange	Контроль состояния транспортера во время работы
StatusT8	Byte	СилКорпус / Статусы механизмов / Транспортеры		AlarmDropButton_OnClick,MnemoControlT	StartForwardButtonT8_OnClick,StartReversButtonT8_OnClick,TextStatusT8_OnDataChange	Контроль состояния транспортера во время работы
StatusT9	Byte	СилКорпус / Статусы механизмов / Транспортеры		AlarmDropButton_OnClick,MnemoControlT	StartForwardButtonT9_OnClick,StartReversButtonT9_OnClick,TextStatusT9_OnDataChange	Контроль состояния транспортера во время работы
SysClientsCount	Integer	Системные переменные				Количество клиентов, которые сейчас подключены к серверу.
SysCurrentTime	DateTime	Системные переменные				Текущее время
SysDatabaseName	Word	Системные переменные				Имя БД в которую сейчас выполняется архивация
SysDatabaseState	Integer	Системные переменные				Состояние БД. 1 если БД подключена и 0 в ином случае
SysDatabaseType	Integer	Системные переменные				0 если в качестве СУБД используется MySQL, 1 если используется Microsoft SQL Server, 2 для PostgreSQL.
SysDayName	Word	Системные переменные				Название дня недели, например: Вторник
SysDayNameShort	Word	Системные переменные				Сокращённое название дня недели, например: ВТ
SysIsMaster	Boolean	Системные переменные				True если проект запущен на основном сервере, False в ином случае
SysKeyID	Double	Системные переменные				Уникальный идентификатор HASP-USB ключа.
SysLicenseType	Integer	Системные переменные				Код версии Simple-Scada. 0 - демо с ограничением на 64 тега; 1 - демо с ограничением по времени; 2 - minimal; 3 - standard; 4 - professional
SysMasterState	Boolean	Системные переменные				True если основной сервер запущен и готов к подключению клиентов, False в ином случае
SysProjectEditTimestamp	DateTime	Системные переменные				Время последнего редактирования проекта
SysProjectStartTimestamp	DateTime	Системные переменные				Время запуска проекта
SysProjectVersionAsInt	Double	Системные переменные				Номер версии Simple-Scada (в которой был создан проект) в виде целого числа. Например, если проект был создан в версии 2.6.12.3, то возвращаемое значение будет равно 2612003 (последнее число в версии представлено тремя знаками, а предпоследнее - двумя).
SysProjectVersionAsStr	Word	Системные переменные				Номер версии Simple-Scada (в которой был создан проект) в виде строки. Например: 2.6.12.3
SysRamCurrentUsage	Double	Системные переменные				Текущий объем оперативной памяти, используемый основным процессом SCADA-сервера (Кб)
SysRamMaxUsage	Double	Системные переменные				Максимальный объем оперативной памяти, использованный основным процессом SCADA-сервера (Кб)
SysServerStartTimestamp	DateTime	Системные переменные				Время запуска сервера Simple-Scada
SysSlaveState	Boolean	Системные переменные				True если резервный сервер запущен и готов к подключению клиентов, False в ином случае
SysTagLimit	Integer	Системные переменные				Ограничение по количеству тегов. -1, если количество тегов не ограничено.
T1BlockSelectStatus	Boolean	СилКорпус / Переменные управления заслонками / Заслонки транспортера номер 1-3		T1BlockOffButton_OnClick,T1CalButton1_OnClick,T1CalButton2_OnClick,T1CalButton3_OnClick,T1CalButton4_OnClick,T1CalButton5_OnClick,T1CalButton6_OnClick,T1CalButton7_OnClick,T1CalButton8_OnClick,T1CalButton9_OnClick,T1CalScript1,T1CalScript2,T1CalScript3,T1CalScript4,T1CalScript5,T1CalScript6,T1CalScript7,T1CalScript8,T1CalScript9,T1CloseButton1_OnClick,T1CloseButton2_OnClick,T1CloseButton3_OnClick,T1CloseButton4_OnClick,T1CloseButton5_OnClick,T1CloseButton6_OnClick,T1CloseButton7_OnClick,T1CloseButton8_OnClick,T1CloseButton9_OnClick,T1CloseScript1,T1CloseScript2,T1CloseScript3,T1CloseScript4,T1CloseScript5,T1CloseScript6,T1CloseScript7,T1CloseScript8,T1CloseScript9,T1OpenButton1_OnClick,T1OpenButton2_OnClick,T1OpenButton3_OnClick,T1OpenButton4_OnClick,T1OpenButton5_OnClick,T1OpenButton6_OnClick,T1OpenButton7_OnClick,T1OpenButton8_OnClick,T1OpenButton9_OnClick,T1OpenScript1,T1OpenScript2,T1OpenScript3,T1OpenScript4,T1OpenScript5,T1OpenScript6,T1OpenScript7,T1OpenScript8,T1OpenScript9	T1CalButton1_OnClick,T1CalButton2_OnClick,T1CalButton3_OnClick,T1CalButton4_OnClick,T1CalButton5_OnClick,T1CalButton6_OnClick,T1CalButton7_OnClick,T1CalButton8_OnClick,T1CalButton9_OnClick,T1CloseButton1_OnClick,T1CloseButton2_OnClick,T1CloseButton3_OnClick,T1CloseButton4_OnClick,T1CloseButton5_OnClick,T1CloseButton6_OnClick,T1CloseButton7_OnClick,T1CloseButton8_OnClick,T1CloseButton9_OnClick,T1LatchMnemo,T1OpenButton1_OnClick,T1OpenButton2_OnClick,T1OpenButton3_OnClick,T1OpenButton4_OnClick,T1OpenButton5_OnClick,T1OpenButton6_OnClick,T1OpenButton7_OnClick,T1OpenButton8_OnClick,T1OpenButton9_OnClick	Переменная для блокировки управления заслонками транспортера
T1CalStatus1	Boolean	СилКорпус / Переменные управления заслонками / Заслонки транспортера номер 1-3		T1BlockOffButton_OnClick,T1CalButton1_OnClick,T1CalScript1	T1CalScript1	Переменная для пуска алгоритма калибровки заслонки
T1CalStatus2	Boolean	СилКорпус / Переменные управления заслонками / Заслонки транспортера номер 1-3		T1BlockOffButton_OnClick,T1CalButton2_OnClick,T1CalScript2	T1CalScript2	Переменная для пуска алгоритма калибровки заслонки
T1CalStatus3	Boolean	СилКорпус / Переменные управления заслонками / Заслонки транспортера номер 1-3		T1BlockOffButton_OnClick,T1CalButton3_OnClick,T1CalScript3	T1CalScript3	Переменная для пуска алгоритма калибровки заслонки
T1CalStatus4	Boolean	СилКорпус / Переменные управления заслонками / Заслонки транспортера номер 1-3		T1BlockOffButton_OnClick,T1CalButton4_OnClick,T1CalScript4	T1CalScript4	Переменная для пуска алгоритма калибровки заслонки
T1CalStatus5	Boolean	СилКорпус / Переменные управления заслонками / Заслонки транспортера номер 1-3		T1BlockOffButton_OnClick,T1CalButton5_OnClick,T1CalScript5	T1CalScript5	Переменная для пуска алгоритма калибровки заслонки
T1CalStatus6	Boolean	СилКорпус / Переменные управления заслонками / Заслонки транспортера номер 1-3		T1BlockOffButton_OnClick,T1CalButton6_OnClick,T1CalScript6	T1CalScript6	Переменная для пуска алгоритма калибровки заслонки
T1CalStatus7	Boolean	СилКорпус / Переменные управления заслонками / Заслонки транспортера номер 1-3		T1BlockOffButton_OnClick,T1CalButton7_OnClick,T1CalScript7	T1CalScript7	Переменная для пуска алгоритма калибровки заслонки
T1CalStatus8	Boolean	СилКорпус / Переменные управления заслонками / Заслонки транспортера номер 1-3		T1BlockOffButton_OnClick,T1CalButton8_OnClick,T1CalScript8	T1CalScript8	Переменная для пуска алгоритма калибровки заслонки
T1CalStatus9	Boolean	СилКорпус / Переменные управления заслонками / Заслонки транспортера номер 1-3		T1BlockOffButton_OnClick,T1CalButton9_OnClick,T1CalScript9	T1CalScript9	Переменная для пуска алгоритма калибровки заслонки
T1CalTimer1	Integer	СилКорпус / Таймеры / Заслонки транспортера номер 1-3		T1BlockOffButton_OnClick,T1CalScript1	T1CalScript1	Таймер алгоритма калибровки заслонки
T1CalTimer2	Integer	СилКорпус / Таймеры / Заслонки транспортера номер 1-3		T1BlockOffButton_OnClick,T1CalScript2	T1CalScript2	Таймер алгоритма калибровки заслонки
T1CalTimer3	Integer	СилКорпус / Таймеры / Заслонки транспортера номер 1-3		T1BlockOffButton_OnClick,T1CalScript3	T1CalScript3	Таймер алгоритма калибровки заслонки
T1CalTimer4	Integer	СилКорпус / Таймеры / Заслонки транспортера номер 1-3		T1BlockOffButton_OnClick,T1CalScript4	T1CalScript4	Таймер алгоритма калибровки заслонки
T1CalTimer5	Integer	СилКорпус / Таймеры / Заслонки транспортера номер 1-3		T1BlockOffButton_OnClick,T1CalScript5	T1CalScript5	Таймер алгоритма калибровки заслонки
T1CalTimer6	Integer	СилКорпус / Таймеры / Заслонки транспортера номер 1-3		T1BlockOffButton_OnClick,T1CalScript6	T1CalScript6	Таймер алгоритма калибровки заслонки
T1CalTimer7	Integer	СилКорпус / Таймеры / Заслонки транспортера номер 1-3		T1BlockOffButton_OnClick,T1CalScript7	T1CalScript7	Таймер алгоритма калибровки заслонки
T1CalTimer8	Integer	СилКорпус / Таймеры / Заслонки транспортера номер 1-3		T1BlockOffButton_OnClick,T1CalScript8	T1CalScript8	Таймер алгоритма калибровки заслонки
T1CalTimer9	Integer	СилКорпус / Таймеры / Заслонки транспортера номер 1-3		T1BlockOffButton_OnClick,T1CalScript9	T1CalScript9	Таймер алгоритма калибровки заслонки
T1CloseStatus1	Boolean	СилКорпус / Переменные управления заслонками / Заслонки транспортера номер 1-3		T1BlockOffButton_OnClick,T1CalScript1,T1CloseButton1_OnClick,T1CloseScript1	T1CloseScript1	Переменная для пуска алгоритма закрытия заслонки
T1CloseStatus2	Boolean	СилКорпус / Переменные управления заслонками / Заслонки транспортера номер 1-3		T1BlockOffButton_OnClick,T1CalScript2,T1CloseButton2_OnClick,T1CloseScript2	T1CloseScript2	Переменная для пуска алгоритма закрытия заслонки
T1CloseStatus3	Boolean	СилКорпус / Переменные управления заслонками / Заслонки транспортера номер 1-3		T1BlockOffButton_OnClick,T1CalScript3,T1CloseButton3_OnClick,T1CloseScript3	T1CloseScript3	Переменная для пуска алгоритма закрытия заслонки
T1CloseStatus4	Boolean	СилКорпус / Переменные управления заслонками / Заслонки транспортера номер 1-3		T1BlockOffButton_OnClick,T1CalScript4,T1CloseButton4_OnClick,T1CloseScript4	T1CloseScript4	Переменная для пуска алгоритма закрытия заслонки
T1CloseStatus5	Boolean	СилКорпус / Переменные управления заслонками / Заслонки транспортера номер 1-3		T1BlockOffButton_OnClick,T1CalScript5,T1CloseButton5_OnClick,T1CloseScript5	T1CloseScript5	Переменная для пуска алгоритма закрытия заслонки
T1CloseStatus6	Boolean	СилКорпус / Переменные управления заслонками / Заслонки транспортера номер 1-3		T1BlockOffButton_OnClick,T1CalScript6,T1CloseButton6_OnClick,T1CloseScript6	T1CloseScript6	Переменная для пуска алгоритма закрытия заслонки
T1CloseStatus7	Boolean	СилКорпус / Переменные управления заслонками / Заслонки транспортера номер 1-3		T1BlockOffButton_OnClick,T1CalScript7,T1CloseButton7_OnClick,T1CloseScript7	T1CloseScript7	Переменная для пуска алгоритма закрытия заслонки
T1CloseStatus8	Boolean	СилКорпус / Переменные управления заслонками / Заслонки транспортера номер 1-3		T1BlockOffButton_OnClick,T1CalScript8,T1CloseButton8_OnClick,T1CloseScript8	T1CloseScript8	Переменная для пуска алгоритма закрытия заслонки
T1CloseStatus9	Boolean	СилКорпус / Переменные управления заслонками / Заслонки транспортера номер 1-3		T1BlockOffButton_OnClick,T1CalScript9,T1CloseButton9_OnClick,T1CloseScript9	T1CloseScript9	Переменная для пуска алгоритма закрытия заслонки
T1CloseTimer1	Integer	СилКорпус / Таймеры / Заслонки транспортера номер 1-3		T1BlockOffButton_OnClick,T1CloseScript1	T1CloseScript1	Таймер алгоритма закрытия заслонки
T1CloseTimer2	Integer	СилКорпус / Таймеры / Заслонки транспортера номер 1-3		T1BlockOffButton_OnClick,T1CloseScript2	T1CloseScript2	Таймер алгоритма закрытия заслонки
T1CloseTimer3	Integer	СилКорпус / Таймеры / Заслонки транспортера номер 1-3		T1BlockOffButton_OnClick,T1CloseScript3	T1CloseScript3	Таймер алгоритма закрытия заслонки
T1CloseTimer4	Integer	СилКорпус / Таймеры / Заслонки транспортера номер 1-3		T1BlockOffButton_OnClick,T1CloseScript4	T1CloseScript4	Таймер алгоритма закрытия заслонки
T1CloseTimer5	Integer	СилКорпус / Таймеры / Заслонки транспортера номер 1-3		T1BlockOffButton_OnClick,T1CloseScript5	T1CloseScript5	Таймер алгоритма закрытия заслонки
T1CloseTimer6	Integer	СилКорпус / Таймеры / Заслонки транспортера номер 1-3		T1BlockOffButton_OnClick,T1CloseScript6	T1CloseScript6	Таймер алгоритма закрытия заслонки
T1CloseTimer7	Integer	СилКорпус / Таймеры / Заслонки транспортера номер 1-3		T1BlockOffButton_OnClick,T1CloseScript7	T1CloseScript7	Таймер алгоритма закрытия заслонки
T1CloseTimer8	Integer	СилКорпус / Таймеры / Заслонки транспортера номер 1-3		T1BlockOffButton_OnClick,T1CloseScript8	T1CloseScript8	Таймер алгоритма закрытия заслонки
T1CloseTimer9	Integer	СилКорпус / Таймеры / Заслонки транспортера номер 1-3		T1BlockOffButton_OnClick,T1CloseScript9	T1CloseScript9	Таймер алгоритма закрытия заслонки
T1Freq	Single	СилКорпус / Входные переменные / Переменные телеметрии Частотных преобразователей	|var|PLC210 (Arm32bit + Linux ).Application.PLC_PRG.t1FreqMonitoring			Задание частоты для частотного преобразователя транспортера
T1FreqToPLC	Single	СилКорпус / Выходные переменные / Задание частоты ЧП транспортеров	|var|PLC210 (Arm32bit + Linux ).Application.PLC_PRG.t1Freq	T1FreqTarget,T1toT7StartFreq		
T1LatchCalCloseTime1	Integer	СилКорпус / Калибровки хода заслонок / Заслонки транспортера номер 1-3		T1CalScript1	T1CalScript1,T1CalValueBar,T1CloseButton1_OnClick,T1CloseScript1	Время хода задвижки от открытого состояния к закрытому
T1LatchCalCloseTime2	Integer	СилКорпус / Калибровки хода заслонок / Заслонки транспортера номер 1-3		T1CalScript2	T1CalScript2,T1CalValueBar,T1CloseButton2_OnClick,T1CloseScript2	Время хода задвижки от открытого состояния к закрытому
T1LatchCalCloseTime3	Integer	СилКорпус / Калибровки хода заслонок / Заслонки транспортера номер 1-3		T1CalScript3	T1CalScript3,T1CalValueBar,T1CloseButton3_OnClick,T1CloseScript3	Время хода задвижки от открытого состояния к закрытому
T1LatchCalCloseTime4	Integer	СилКорпус / Калибровки хода заслонок / Заслонки транспортера номер 1-3		T1CalScript4	T1CalScript4,T1CalValueBar,T1CloseButton4_OnClick,T1CloseScript4	Время хода задвижки от открытого состояния к закрытому
T1LatchCalCloseTime5	Integer	СилКорпус / Калибровки хода заслонок / Заслонки транспортера номер 1-3		T1CalScript5	T1CalScript5,T1CalValueBar,T1CloseButton5_OnClick,T1CloseScript5	Время хода задвижки от открытого состояния к закрытому
T1LatchCalCloseTime6	Integer	СилКорпус / Калибровки хода заслонок / Заслонки транспортера номер 1-3		T1CalScript6	T1CalScript6,T1CalValueBar,T1CloseButton6_OnClick,T1CloseScript6	Время хода задвижки от открытого состояния к закрытому
T1LatchCalCloseTime7	Integer	СилКорпус / Калибровки хода заслонок / Заслонки транспортера номер 1-3		T1CalScript7	T1CalScript7,T1CalValueBar,T1CloseButton7_OnClick,T1CloseScript7	Время хода задвижки от открытого состояния к закрытому
T1LatchCalCloseTime8	Integer	СилКорпус / Калибровки хода заслонок / Заслонки транспортера номер 1-3		T1CalScript8	T1CalScript8,T1CalValueBar,T1CloseButton8_OnClick,T1CloseScript8	Время хода задвижки от открытого состояния к закрытому
T1LatchCalCloseTime9	Integer	СилКорпус / Калибровки хода заслонок / Заслонки транспортера номер 1-3		T1CalScript9	T1CalScript9,T1CalValueBar,T1CloseButton9_OnClick,T1CloseScript9	Время хода задвижки от открытого состояния к закрытому
T1LatchCalOpenTime1	Integer	СилКорпус / Калибровки хода заслонок / Заслонки транспортера номер 1-3		T1CalScript1	T1CalScript1,T1CalValueBar,T1OpenButton1_OnClick,T1OpenScript1	Время хода задвижки от закрытого состояния к открытому
T1LatchCalOpenTime2	Integer	СилКорпус / Калибровки хода заслонок / Заслонки транспортера номер 1-3		T1CalScript2	T1CalScript2,T1CalValueBar,T1OpenButton2_OnClick,T1OpenScript2	Время хода задвижки от закрытого состояния к открытому
T1LatchCalOpenTime3	Integer	СилКорпус / Калибровки хода заслонок / Заслонки транспортера номер 1-3		T1CalScript3	T1CalScript3,T1CalValueBar,T1OpenButton3_OnClick,T1OpenScript3	Время хода задвижки от закрытого состояния к открытому
T1LatchCalOpenTime4	Integer	СилКорпус / Калибровки хода заслонок / Заслонки транспортера номер 1-3		T1CalScript4	T1CalScript4,T1CalValueBar,T1OpenButton4_OnClick,T1OpenScript4	Время хода задвижки от закрытого состояния к открытому
T1LatchCalOpenTime5	Integer	СилКорпус / Калибровки хода заслонок / Заслонки транспортера номер 1-3		T1CalScript5	T1CalScript5,T1CalValueBar,T1OpenButton5_OnClick,T1OpenScript5	Время хода задвижки от закрытого состояния к открытому
T1LatchCalOpenTime6	Integer	СилКорпус / Калибровки хода заслонок / Заслонки транспортера номер 1-3		T1CalScript6	T1CalScript6,T1CalValueBar,T1OpenButton6_OnClick,T1OpenScript6	Время хода задвижки от закрытого состояния к открытому
T1LatchCalOpenTime7	Integer	СилКорпус / Калибровки хода заслонок / Заслонки транспортера номер 1-3		T1CalScript7	T1CalScript7,T1CalValueBar,T1OpenButton7_OnClick,T1OpenScript7	Время хода задвижки от закрытого состояния к открытому
T1LatchCalOpenTime8	Integer	СилКорпус / Калибровки хода заслонок / Заслонки транспортера номер 1-3		T1CalScript8	T1CalScript8,T1CalValueBar,T1OpenButton8_OnClick,T1OpenScript8	Время хода задвижки от закрытого состояния к открытому
T1LatchCalOpenTime9	Integer	СилКорпус / Калибровки хода заслонок / Заслонки транспортера номер 1-3		T1CalScript9	T1CalScript9,T1CalValueBar,T1OpenButton9_OnClick,T1OpenScript9	Время хода задвижки от закрытого состояния к открытому
T1LatchClose1	Boolean	СилКорпус / Входные переменные / Заслонки транспортера номер 1-3	|var|PLC210 (Arm32bit + Linux ).Application.PLC_PRG.t1DI2		T1CalScript1,T1CloseScript1,T1LatchMnemo	Входое реле концевика закрытого состояния задвижки
T1LatchClose2	Boolean	СилКорпус / Входные переменные / Заслонки транспортера номер 1-3	|var|PLC210 (Arm32bit + Linux ).Application.PLC_PRG.t1DI4		T1CalScript2,T1CloseScript2,T1LatchMnemo	Входое реле концевика закрытого состояния задвижки
T1LatchClose3	Boolean	СилКорпус / Входные переменные / Заслонки транспортера номер 1-3	|var|PLC210 (Arm32bit + Linux ).Application.PLC_PRG.t1DI6		T1CalScript3,T1CloseScript3,T1LatchMnemo	Входое реле концевика закрытого состояния задвижки
T1LatchClose4	Boolean	СилКорпус / Входные переменные / Заслонки транспортера номер 1-3	|var|PLC210 (Arm32bit + Linux ).Application.PLC_PRG.t1DI8		T1CalScript4,T1CloseScript4,T1LatchMnemo	Входое реле концевика закрытого состояния задвижки
T1LatchClose5	Boolean	СилКорпус / Входные переменные / Заслонки транспортера номер 1-3	|var|PLC210 (Arm32bit + Linux ).Application.PLC_PRG.t1DI10		T1CalScript5,T1CloseScript5,T1LatchMnemo	Входое реле концевика закрытого состояния задвижки
T1LatchClose6	Boolean	СилКорпус / Входные переменные / Заслонки транспортера номер 1-3	|var|PLC210 (Arm32bit + Linux ).Application.PLC_PRG.t1DI12		T1CalScript6,T1CloseScript6,T1LatchMnemo	Входое реле концевика закрытого состояния задвижки
T1LatchClose7	Boolean	СилКорпус / Входные переменные / Заслонки транспортера номер 1-3	|var|PLC210 (Arm32bit + Linux ).Application.PLC_PRG.t1DI14		T1CalScript7,T1CloseScript7,T1LatchMnemo	Входое реле концевика закрытого состояния задвижки
T1LatchClose8	Boolean	СилКорпус / Входные переменные / Заслонки транспортера номер 1-3	|var|PLC210 (Arm32bit + Linux ).Application.PLC_PRG.t1DI16		T1CalScript8,T1CloseScript8,T1LatchMnemo	Входое реле концевика закрытого состояния задвижки
T1LatchClose9	Boolean	СилКорпус / Входные переменные / Заслонки транспортера номер 1-3	|var|PLC210 (Arm32bit + Linux ).Application.PLC_PRG.t1DI18		T1CalScript9,T1CloseScript9,T1LatchMnemo	Входое реле концевика закрытого состояния задвижки
T1LatchOpen1	Boolean	СилКорпус / Входные переменные / Заслонки транспортера номер 1-3	|var|PLC210 (Arm32bit + Linux ).Application.PLC_PRG.t1DI1		T1CalScript1,T1LatchMnemo,T1OpenScript1	Входое реле концевика открытого состояния задвижки
T1LatchOpen2	Boolean	СилКорпус / Входные переменные / Заслонки транспортера номер 1-3	|var|PLC210 (Arm32bit + Linux ).Application.PLC_PRG.t1DI3		T1CalScript2,T1LatchMnemo,T1OpenScript2	Входое реле концевика открытого состояния задвижки
T1LatchOpen3	Boolean	СилКорпус / Входные переменные / Заслонки транспортера номер 1-3	|var|PLC210 (Arm32bit + Linux ).Application.PLC_PRG.t1DI5		T1CalScript3,T1LatchMnemo,T1OpenScript3	Входое реле концевика открытого состояния задвижки
T1LatchOpen4	Boolean	СилКорпус / Входные переменные / Заслонки транспортера номер 1-3	|var|PLC210 (Arm32bit + Linux ).Application.PLC_PRG.t1DI7		T1CalScript4,T1LatchMnemo,T1OpenScript4	Входое реле концевика открытого состояния задвижки
T1LatchOpen5	Boolean	СилКорпус / Входные переменные / Заслонки транспортера номер 1-3	|var|PLC210 (Arm32bit + Linux ).Application.PLC_PRG.t1DI9		T1CalScript5,T1LatchMnemo,T1OpenScript5	Входое реле концевика открытого состояния задвижки
T1LatchOpen6	Boolean	СилКорпус / Входные переменные / Заслонки транспортера номер 1-3	|var|PLC210 (Arm32bit + Linux ).Application.PLC_PRG.t1DI11		T1CalScript6,T1LatchMnemo,T1OpenScript6	Входое реле концевика открытого состояния задвижки
T1LatchOpen7	Boolean	СилКорпус / Входные переменные / Заслонки транспортера номер 1-3	|var|PLC210 (Arm32bit + Linux ).Application.PLC_PRG.t1DI13		T1CalScript7,T1LatchMnemo,T1OpenScript7	Входое реле концевика открытого состояния задвижки
T1LatchOpen8	Boolean	СилКорпус / Входные переменные / Заслонки транспортера номер 1-3	|var|PLC210 (Arm32bit + Linux ).Application.PLC_PRG.t1DI15		T1CalScript8,T1LatchMnemo,T1OpenScript8	Входое реле концевика открытого состояния задвижки
T1LatchOpen9	Boolean	СилКорпус / Входные переменные / Заслонки транспортера номер 1-3	|var|PLC210 (Arm32bit + Linux ).Application.PLC_PRG.t1DI17		T1CalScript9,T1LatchMnemo,T1OpenScript9	Входое реле концевика открытого состояния задвижки
T1LatchRunClose	Boolean	СилКорпус / Выходные переменные / Заслонки транспортера номер 1-3	|var|PLC210 (Arm32bit + Linux ).Application.PLC_PRG.t1DO12	T1BlockOffButton_OnClick,T1CalScript1,T1CalScript2,T1CalScript3,T1CalScript4,T1CalScript5,T1CalScript6,T1CalScript7,T1CalScript8,T1CalScript9,T1CloseScript1,T1CloseScript2,T1CloseScript3,T1CloseScript4,T1CloseScript5,T1CloseScript6,T1CloseScript7,T1CloseScript8,T1CloseScript9	T1CalScript1,T1CalScript2,T1CalScript3,T1CalScript4,T1CalScript5,T1CalScript6,T1CalScript7,T1CalScript8,T1CalScript9,T1LightControl	Выходное реле для закрытия выбранной заслонки
T1LatchRunOpen	Boolean	СилКорпус / Выходные переменные / Заслонки транспортера номер 1-3	|var|PLC210 (Arm32bit + Linux ).Application.PLC_PRG.t1DO11	T1BlockOffButton_OnClick,T1CalScript1,T1CalScript2,T1CalScript3,T1CalScript4,T1CalScript5,T1CalScript6,T1CalScript7,T1CalScript8,T1CalScript9,T1OpenScript1,T1OpenScript2,T1OpenScript3,T1OpenScript4,T1OpenScript5,T1OpenScript6,T1OpenScript7,T1OpenScript8,T1OpenScript9	T1CalScript1,T1CalScript2,T1CalScript3,T1CalScript4,T1CalScript5,T1CalScript6,T1CalScript7,T1CalScript8,T1CalScript9,T1LightControl	Выходное реле для открытия выбранной заслонки
T1LatchSelect1	Boolean	СилКорпус / Выходные переменные / Заслонки транспортера номер 1-3	|var|PLC210 (Arm32bit + Linux ).Application.PLC_PRG.t1DO1	T1BlockOffButton_OnClick,T1CalScript1,T1CloseScript1,T1OpenScript1	T1LightControl	Выходное реле выбора заслонки для управления
T1LatchSelect2	Boolean	СилКорпус / Выходные переменные / Заслонки транспортера номер 1-3	|var|PLC210 (Arm32bit + Linux ).Application.PLC_PRG.t1DO2	T1BlockOffButton_OnClick,T1CalScript2,T1CloseScript2,T1OpenScript2	T1LightControl	Выходное реле выбора заслонки для управления
T1LatchSelect3	Boolean	СилКорпус / Выходные переменные / Заслонки транспортера номер 1-3	|var|PLC210 (Arm32bit + Linux ).Application.PLC_PRG.t1DO3	T1BlockOffButton_OnClick,T1CalScript3,T1CloseScript3,T1OpenScript3	T1LightControl	Выходное реле выбора заслонки для управления
T1LatchSelect4	Boolean	СилКорпус / Выходные переменные / Заслонки транспортера номер 1-3	|var|PLC210 (Arm32bit + Linux ).Application.PLC_PRG.t1DO4	T1BlockOffButton_OnClick,T1CalScript4,T1CloseScript4,T1OpenScript4	T1LightControl	Выходное реле выбора заслонки для управления
T1LatchSelect5	Boolean	СилКорпус / Выходные переменные / Заслонки транспортера номер 1-3	|var|PLC210 (Arm32bit + Linux ).Application.PLC_PRG.t1DO5	T1BlockOffButton_OnClick,T1CalScript5,T1CloseScript5,T1OpenScript5	T1LightControl	Выходное реле выбора заслонки для управления
T1LatchSelect6	Boolean	СилКорпус / Выходные переменные / Заслонки транспортера номер 1-3	|var|PLC210 (Arm32bit + Linux ).Application.PLC_PRG.t1DO6	T1BlockOffButton_OnClick,T1CalScript6,T1CloseScript6,T1OpenScript6	T1LightControl	Выходное реле выбора заслонки для управления
T1LatchSelect7	Boolean	СилКорпус / Выходные переменные / Заслонки транспортера номер 1-3	|var|PLC210 (Arm32bit + Linux ).Application.PLC_PRG.t1DO7	T1BlockOffButton_OnClick,T1CalScript7,T1CloseScript7,T1OpenScript7	T1LightControl	Выходное реле выбора заслонки для управления
T1LatchSelect8	Boolean	СилКорпус / Выходные переменные / Заслонки транспортера номер 1-3	|var|PLC210 (Arm32bit + Linux ).Application.PLC_PRG.t1DO8	T1BlockOffButton_OnClick,T1CalScript8,T1CloseScript8,T1OpenScript8	T1LightControl	Выходное реле выбора заслонки для управления
T1LatchSelect9	Boolean	СилКорпус / Выходные переменные / Заслонки транспортера номер 1-3	|var|PLC210 (Arm32bit + Linux ).Application.PLC_PRG.t1DO9	T1BlockOffButton_OnClick,T1CalScript9,T1CloseScript9,T1OpenScript9	T1LightControl	Выходное реле выбора заслонки для управления
T1LatchStatus1	Word	СилКорпус / Статусы механизмов / Заслонки транспортера номер 1-3				Статус заслонки транспортера
T1LatchStatus2	Word	СилКорпус / Статусы механизмов / Заслонки транспортера номер 1-3				Статус заслонки транспортера
T1LatchStatus3	Word	СилКорпус / Статусы механизмов / Заслонки транспортера номер 1-3				Статус заслонки транспортера
T1LatchStatus4	Word	СилКорпус / Статусы механизмов / Заслонки транспортера номер 1-3				Статус заслонки транспортера
T1LatchStatus5	Word	СилКорпус / Статусы механизмов / Заслонки транспортера номер 1-3				Статус заслонки транспортера
T1LatchStatus6	Word	СилКорпус / Статусы механизмов / Заслонки транспортера номер 1-3				Статус заслонки транспортера
T1LatchStatus7	Word	СилКорпус / Статусы механизмов / Заслонки транспортера номер 1-3				Статус заслонки транспортера
T1LatchStatus8	Word	СилКорпус / Статусы механизмов / Заслонки транспортера номер 1-3				Статус заслонки транспортера
T1LatchStatus9	Word	СилКорпус / Статусы механизмов / Заслонки транспортера номер 1-3				Статус заслонки транспортера
T1LatchStatusByte1	Byte	СилКорпус / Статусы механизмов / Заслонки транспортера номер 1-3		T1CalScript1,T1CloseScript1,T1ErrorOffButton_OnClick,T1LatchMnemo,T1OpenScript1	T1CalButton1_OnClick,T1CalScript1,T1CloseButton1_OnClick,T1LatchStatusBar,T1OpenButton1_OnClick	Статус заслонки транспортера в битах для формирования сообщений
T1LatchStatusByte2	Byte	СилКорпус / Статусы механизмов / Заслонки транспортера номер 1-3		T1CalScript2,T1CloseScript2,T1ErrorOffButton_OnClick,T1LatchMnemo,T1OpenScript2	T1CalButton2_OnClick,T1CalScript2,T1CloseButton2_OnClick,T1LatchStatusBar,T1OpenButton2_OnClick	Статус заслонки транспортера в битах для формирования сообщений
T1LatchStatusByte3	Byte	СилКорпус / Статусы механизмов / Заслонки транспортера номер 1-3		T1CalScript3,T1CloseScript3,T1ErrorOffButton_OnClick,T1LatchMnemo,T1OpenScript3	T1CalButton3_OnClick,T1CalScript3,T1CloseButton3_OnClick,T1LatchStatusBar,T1OpenButton3_OnClick	Статус заслонки транспортера в битах для формирования сообщений
T1LatchStatusByte4	Byte	СилКорпус / Статусы механизмов / Заслонки транспортера номер 1-3		T1CalScript4,T1CloseScript4,T1ErrorOffButton_OnClick,T1LatchMnemo,T1OpenScript4	T1CalButton4_OnClick,T1CalScript4,T1CloseButton4_OnClick,T1LatchStatusBar,T1OpenButton4_OnClick	Статус заслонки транспортера в битах для формирования сообщений
T1LatchStatusByte5	Byte	СилКорпус / Статусы механизмов / Заслонки транспортера номер 1-3		T1CalScript5,T1CloseScript5,T1ErrorOffButton_OnClick,T1LatchMnemo,T1OpenScript5	T1CalButton5_OnClick,T1CalScript5,T1CloseButton5_OnClick,T1LatchStatusBar,T1OpenButton5_OnClick	Статус заслонки транспортера в битах для формирования сообщений
T1LatchStatusByte6	Byte	СилКорпус / Статусы механизмов / Заслонки транспортера номер 1-3		T1CalScript6,T1CloseScript6,T1ErrorOffButton_OnClick,T1LatchMnemo,T1OpenScript6	T1CalButton6_OnClick,T1CalScript6,T1CloseButton6_OnClick,T1LatchStatusBar,T1OpenButton6_OnClick	Статус заслонки транспортера в битах для формирования сообщений
T1LatchStatusByte7	Byte	СилКорпус / Статусы механизмов / Заслонки транспортера номер 1-3		T1CalScript7,T1CloseScript7,T1ErrorOffButton_OnClick,T1LatchMnemo,T1OpenScript7	T1CalButton7_OnClick,T1CalScript7,T1CloseButton7_OnClick,T1LatchStatusBar,T1OpenButton7_OnClick	Статус заслонки транспортера в битах для формирования сообщений
T1LatchStatusByte8	Byte	СилКорпус / Статусы механизмов / Заслонки транспортера номер 1-3		T1CalScript8,T1CloseScript8,T1ErrorOffButton_OnClick,T1LatchMnemo,T1OpenScript8	T1CalButton8_OnClick,T1CalScript8,T1CloseButton8_OnClick,T1LatchStatusBar,T1OpenButton8_OnClick	Статус заслонки транспортера в битах для формирования сообщений
T1LatchStatusByte9	Byte	СилКорпус / Статусы механизмов / Заслонки транспортера номер 1-3		T1CalScript9,T1CloseScript9,T1ErrorOffButton_OnClick,T1LatchMnemo,T1OpenScript9	T1CalButton9_OnClick,T1CalScript9,T1CloseButton9_OnClick,T1LatchStatusBar,T1OpenButton9_OnClick	Статус заслонки транспортера в битах для формирования сообщений
T1OpenStatus1	Boolean	СилКорпус / Переменные управления заслонками / Заслонки транспортера номер 1-3		T1BlockOffButton_OnClick,T1OpenButton1_OnClick,T1OpenScript1	T1OpenScript1	Переменная для пуска алгоритма открытия заслонки
T1OpenStatus2	Boolean	СилКорпус / Переменные управления заслонками / Заслонки транспортера номер 1-3		T1BlockOffButton_OnClick,T1OpenButton2_OnClick,T1OpenScript2	T1OpenScript2	Переменная для пуска алгоритма открытия заслонки
T1OpenStatus3	Boolean	СилКорпус / Переменные управления заслонками / Заслонки транспортера номер 1-3		T1BlockOffButton_OnClick,T1OpenButton3_OnClick,T1OpenScript3	T1OpenScript3	Переменная для пуска алгоритма открытия заслонки
T1OpenStatus4	Boolean	СилКорпус / Переменные управления заслонками / Заслонки транспортера номер 1-3		T1BlockOffButton_OnClick,T1OpenButton4_OnClick,T1OpenScript4	T1OpenScript4	Переменная для пуска алгоритма открытия заслонки
T1OpenStatus5	Boolean	СилКорпус / Переменные управления заслонками / Заслонки транспортера номер 1-3		T1BlockOffButton_OnClick,T1OpenButton5_OnClick,T1OpenScript5	T1OpenScript5	Переменная для пуска алгоритма открытия заслонки
T1OpenStatus6	Boolean	СилКорпус / Переменные управления заслонками / Заслонки транспортера номер 1-3		T1BlockOffButton_OnClick,T1OpenButton6_OnClick,T1OpenScript6	T1OpenScript6	Переменная для пуска алгоритма открытия заслонки
T1OpenStatus7	Boolean	СилКорпус / Переменные управления заслонками / Заслонки транспортера номер 1-3		T1BlockOffButton_OnClick,T1OpenButton7_OnClick,T1OpenScript7	T1OpenScript7	Переменная для пуска алгоритма открытия заслонки
T1OpenStatus8	Boolean	СилКорпус / Переменные управления заслонками / Заслонки транспортера номер 1-3		T1BlockOffButton_OnClick,T1OpenButton8_OnClick,T1OpenScript8	T1OpenScript8	Переменная для пуска алгоритма открытия заслонки
T1OpenStatus9	Boolean	СилКорпус / Переменные управления заслонками / Заслонки транспортера номер 1-3		T1BlockOffButton_OnClick,T1OpenButton9_OnClick,T1OpenScript9	T1OpenScript9	Переменная для пуска алгоритма открытия заслонки
T1OpenTimer1	Integer	СилКорпус / Таймеры / Заслонки транспортера номер 1-3		T1BlockOffButton_OnClick,T1OpenScript1	T1OpenScript1	Таймер алгоритма открытия заслонки
T1OpenTimer2	Integer	СилКорпус / Таймеры / Заслонки транспортера номер 1-3		T1BlockOffButton_OnClick,T1OpenScript2	T1OpenScript2	Таймер алгоритма открытия заслонки
T1OpenTimer3	Integer	СилКорпус / Таймеры / Заслонки транспортера номер 1-3		T1BlockOffButton_OnClick,T1OpenScript3	T1OpenScript3	Таймер алгоритма открытия заслонки
T1OpenTimer4	Integer	СилКорпус / Таймеры / Заслонки транспортера номер 1-3		T1BlockOffButton_OnClick,T1OpenScript4	T1OpenScript4	Таймер алгоритма открытия заслонки
T1OpenTimer5	Integer	СилКорпус / Таймеры / Заслонки транспортера номер 1-3		T1BlockOffButton_OnClick,T1OpenScript5	T1OpenScript5	Таймер алгоритма открытия заслонки
T1OpenTimer6	Integer	СилКорпус / Таймеры / Заслонки транспортера номер 1-3		T1BlockOffButton_OnClick,T1OpenScript6	T1OpenScript6	Таймер алгоритма открытия заслонки
T1OpenTimer7	Integer	СилКорпус / Таймеры / Заслонки транспортера номер 1-3		T1BlockOffButton_OnClick,T1OpenScript7	T1OpenScript7	Таймер алгоритма открытия заслонки
T1OpenTimer8	Integer	СилКорпус / Таймеры / Заслонки транспортера номер 1-3		T1BlockOffButton_OnClick,T1OpenScript8	T1OpenScript8	Таймер алгоритма открытия заслонки
T1OpenTimer9	Integer	СилКорпус / Таймеры / Заслонки транспортера номер 1-3		T1BlockOffButton_OnClick,T1OpenScript9	T1OpenScript9	Таймер алгоритма открытия заслонки
T1Power	Single	СилКорпус / Входные переменные / Переменные телеметрии Частотных преобразователей	|var|PLC210 (Arm32bit + Linux ).Application.PLC_PRG.t1Power			Значение потребляемой мощности транспортера
T1TargerFreq	Single	СилКорпус / Выходные переменные / Задание частоты ЧП транспортеров		T1toT7StartFreq	T1FreqTarget	
T2Freq	Single	СилКорпус / Входные переменные / Переменные телеметрии Частотных преобразователей	|var|PLC210 (Arm32bit + Linux ).Application.PLC_PRG.t2FreqMonitoring			Задание частоты для частотного преобразователя транспортера
T2FreqToPLC	Single	СилКорпус / Выходные переменные / Задание частоты ЧП транспортеров	|var|PLC210 (Arm32bit + Linux ).Application.PLC_PRG.t2Freq	T1toT7StartFreq,T2FreqTarget		
T2Power	Single	СилКорпус / Входные переменные / Переменные телеметрии Частотных преобразователей	|var|PLC210 (Arm32bit + Linux ).Application.PLC_PRG.t2Power			Значение потребляемой мощности транспортера
T2TargerFreq	Single	СилКорпус / Выходные переменные / Задание частоты ЧП транспортеров		T1toT7StartFreq	T2FreqTarget	
T3Freq	Single	СилКорпус / Входные переменные / Переменные телеметрии Частотных преобразователей	|var|PLC210 (Arm32bit + Linux ).Application.PLC_PRG.t3FreqMonitoring			Задание частоты для частотного преобразователя транспортера
T3FreqToPLC	Single	СилКорпус / Выходные переменные / Задание частоты ЧП транспортеров	|var|PLC210 (Arm32bit + Linux ).Application.PLC_PRG.t3Freq	T1toT7StartFreq,T3FreqTarget		
T3Power	Single	СилКорпус / Входные переменные / Переменные телеметрии Частотных преобразователей	|var|PLC210 (Arm32bit + Linux ).Application.PLC_PRG.t3Power			Значение потребляемой мощности транспортера
T3TargerFreq	Single	СилКорпус / Выходные переменные / Задание частоты ЧП транспортеров		T1toT7StartFreq	T3FreqTarget	
T4BlockSelectStatus	Boolean	СилКорпус / Переменные управления заслонками / Заслонки транспортера номер 4		T4BlockOffButton_OnClick,T4CalButton10_OnClick,T4CalButton1_OnClick,T4CalButton2_OnClick,T4CalButton3_OnClick,T4CalButton4_OnClick,T4CalButton5_OnClick,T4CalButton6_OnClick,T4CalButton7_OnClick,T4CalButton8_OnClick,T4CalButton9_OnClick,T4CalScript1,T4CalScript10,T4CalScript2,T4CalScript3,T4CalScript4,T4CalScript5,T4CalScript6,T4CalScript7,T4CalScript8,T4CalScript9,T4CloseButton10_OnClick,T4CloseButton1_OnClick,T4CloseButton2_OnClick,T4CloseButton3_OnClick,T4CloseButton4_OnClick,T4CloseButton5_OnClick,T4CloseButton6_OnClick,T4CloseButton7_OnClick,T4CloseButton8_OnClick,T4CloseButton9_OnClick,T4CloseScript1,T4CloseScript10,T4CloseScript2,T4CloseScript3,T4CloseScript4,T4CloseScript5,T4CloseScript6,T4CloseScript7,T4CloseScript8,T4CloseScript9,T4OpenButton10_OnClick,T4OpenButton1_OnClick,T4OpenButton2_OnClick,T4OpenButton3_OnClick,T4OpenButton4_OnClick,T4OpenButton5_OnClick,T4OpenButton6_OnClick,T4OpenButton7_OnClick,T4OpenButton8_OnClick,T4OpenButton9_OnClick,T4OpenScript1,T4OpenScript10,T4OpenScript2,T4OpenScript3,T4OpenScript4,T4OpenScript5,T4OpenScript6,T4OpenScript7,T4OpenScript8,T4OpenScript9,T5CloseButton3_OnClick	T1CloseButton3_OnClick,T4CalButton10_OnClick,T4CalButton1_OnClick,T4CalButton2_OnClick,T4CalButton3_OnClick,T4CalButton4_OnClick,T4CalButton5_OnClick,T4CalButton6_OnClick,T4CalButton7_OnClick,T4CalButton8_OnClick,T4CalButton9_OnClick,T4CloseButton10_OnClick,T4CloseButton1_OnClick,T4CloseButton2_OnClick,T4CloseButton3_OnClick,T4CloseButton4_OnClick,T4CloseButton5_OnClick,T4CloseButton6_OnClick,T4CloseButton7_OnClick,T4CloseButton8_OnClick,T4CloseButton9_OnClick,T4LatchMnemo,T4OpenButton10_OnClick,T4OpenButton1_OnClick,T4OpenButton2_OnClick,T4OpenButton3_OnClick,T4OpenButton4_OnClick,T4OpenButton5_OnClick,T4OpenButton6_OnClick,T4OpenButton7_OnClick,T4OpenButton8_OnClick,T4OpenButton9_OnClick,T5CloseButton3_OnClick	Переменная для блокировки управления заслонками транспортера
T4CalStatus1	Boolean	СилКорпус / Переменные управления заслонками / Заслонки транспортера номер 4		T4BlockOffButton_OnClick,T4CalButton1_OnClick,T4CalScript1	T4CalScript1	Переменная для пуска алгоритма калибровки заслонки
T4CalStatus10	Boolean	СилКорпус / Переменные управления заслонками / Заслонки транспортера номер 4		T4BlockOffButton_OnClick,T4CalButton10_OnClick,T4CalScript10	T4CalScript10	Переменная для пуска алгоритма калибровки заслонки
T4CalStatus2	Boolean	СилКорпус / Переменные управления заслонками / Заслонки транспортера номер 4		T4BlockOffButton_OnClick,T4CalButton2_OnClick,T4CalScript2	T4CalScript2	Переменная для пуска алгоритма калибровки заслонки
T4CalStatus3	Boolean	СилКорпус / Переменные управления заслонками / Заслонки транспортера номер 4		T4BlockOffButton_OnClick,T4CalButton3_OnClick,T4CalScript3	T4CalScript3	Переменная для пуска алгоритма калибровки заслонки
T4CalStatus4	Boolean	СилКорпус / Переменные управления заслонками / Заслонки транспортера номер 4		T4BlockOffButton_OnClick,T4CalButton4_OnClick,T4CalScript4	T4CalScript4	Переменная для пуска алгоритма калибровки заслонки
T4CalStatus5	Boolean	СилКорпус / Переменные управления заслонками / Заслонки транспортера номер 4		T4BlockOffButton_OnClick,T4CalButton5_OnClick,T4CalScript5	T4CalScript5	Переменная для пуска алгоритма калибровки заслонки
T4CalStatus6	Boolean	СилКорпус / Переменные управления заслонками / Заслонки транспортера номер 4		T4BlockOffButton_OnClick,T4CalButton6_OnClick,T4CalScript6	T4CalScript6	Переменная для пуска алгоритма калибровки заслонки
T4CalStatus7	Boolean	СилКорпус / Переменные управления заслонками / Заслонки транспортера номер 4		T4BlockOffButton_OnClick,T4CalButton7_OnClick,T4CalScript7	T4CalScript7	Переменная для пуска алгоритма калибровки заслонки
T4CalStatus8	Boolean	СилКорпус / Переменные управления заслонками / Заслонки транспортера номер 4		T4BlockOffButton_OnClick,T4CalButton8_OnClick,T4CalScript8	T4CalScript8	Переменная для пуска алгоритма калибровки заслонки
T4CalStatus9	Boolean	СилКорпус / Переменные управления заслонками / Заслонки транспортера номер 4		T4BlockOffButton_OnClick,T4CalButton9_OnClick,T4CalScript9	T4CalScript9	Переменная для пуска алгоритма калибровки заслонки
T4CalTimer1	Integer	СилКорпус / Таймеры / Заслонки транспортера номер 4		T4BlockOffButton_OnClick,T4CalScript1	T4CalScript1	Таймер алгоритма калибровки заслонки
T4CalTimer10	Integer	СилКорпус / Таймеры / Заслонки транспортера номер 4		T4BlockOffButton_OnClick,T4CalScript10	T4CalScript10	Таймер алгоритма калибровки заслонки
T4CalTimer2	Integer	СилКорпус / Таймеры / Заслонки транспортера номер 4		T4BlockOffButton_OnClick,T4CalScript2	T4CalScript2	Таймер алгоритма калибровки заслонки
T4CalTimer3	Integer	СилКорпус / Таймеры / Заслонки транспортера номер 4		T4BlockOffButton_OnClick,T4CalScript3	T4CalScript3	Таймер алгоритма калибровки заслонки
T4CalTimer4	Integer	СилКорпус / Таймеры / Заслонки транспортера номер 4		T4BlockOffButton_OnClick,T4CalScript4	T4CalScript4	Таймер алгоритма калибровки заслонки
T4CalTimer5	Integer	СилКорпус / Таймеры / Заслонки транспортера номер 4		T4BlockOffButton_OnClick,T4CalScript5	T4CalScript5	Таймер алгоритма калибровки заслонки
T4CalTimer6	Integer	СилКорпус / Таймеры / Заслонки транспортера номер 4		T4BlockOffButton_OnClick,T4CalScript6	T4CalScript6	Таймер алгоритма калибровки заслонки
T4CalTimer7	Integer	СилКорпус / Таймеры / Заслонки транспортера номер 4		T4BlockOffButton_OnClick,T4CalScript7	T4CalScript7	Таймер алгоритма калибровки заслонки
T4CalTimer8	Integer	СилКорпус / Таймеры / Заслонки транспортера номер 4		T4BlockOffButton_OnClick,T4CalScript8	T4CalScript8	Таймер алгоритма калибровки заслонки
T4CalTimer9	Integer	СилКорпус / Таймеры / Заслонки транспортера номер 4		T4BlockOffButton_OnClick,T4CalScript9	T4CalScript9	Таймер алгоритма калибровки заслонки
T4ClapBlockSelectStatus	Boolean	СилКорпус / Переменные управления заслонками / Заслонки транспортера номер 4		T4ClapBlockOffButton_OnClick,T4ClapCalButton10_OnClick,T4ClapCalButton1_OnClick,T4ClapCalButton2_OnClick,T4ClapCalButton3_OnClick,T4ClapCalButton4_OnClick,T4ClapCalButton5_OnClick,T4ClapCalButton6_OnClick,T4ClapCalButton7_OnClick,T4ClapCalButton8_OnClick,T4ClapCalButton9_OnClick,T4ClapCalScript1,T4ClapCalScript10,T4ClapCalScript2,T4ClapCalScript3,T4ClapCalScript4,T4ClapCalScript5,T4ClapCalScript6,T4ClapCalScript7,T4ClapCalScript8,T4ClapCalScript9,T4ClapCloseButton10_OnClick,T4ClapCloseButton1_OnClick,T4ClapCloseButton2_OnClick,T4ClapCloseButton3_OnClick,T4ClapCloseButton4_OnClick,T4ClapCloseButton5_OnClick,T4ClapCloseButton6_OnClick,T4ClapCloseButton7_OnClick,T4ClapCloseButton8_OnClick,T4ClapCloseButton9_OnClick,T4ClapCloseScript1,T4ClapCloseScript10,T4ClapCloseScript2,T4ClapCloseScript3,T4ClapCloseScript4,T4ClapCloseScript5,T4ClapCloseScript6,T4ClapCloseScript7,T4ClapCloseScript8,T4ClapCloseScript9,T4ClapOpenButton10_OnClick,T4ClapOpenButton1_OnClick,T4ClapOpenButton2_OnClick,T4ClapOpenButton3_OnClick,T4ClapOpenButton4_OnClick,T4ClapOpenButton5_OnClick,T4ClapOpenButton6_OnClick,T4ClapOpenButton7_OnClick,T4ClapOpenButton8_OnClick,T4ClapOpenButton9_OnClick,T4ClapOpenScript1,T4ClapOpenScript10,T4ClapOpenScript2,T4ClapOpenScript3,T4ClapOpenScript4,T4ClapOpenScript5,T4ClapOpenScript6,T4ClapOpenScript7,T4ClapOpenScript8,T4ClapOpenScript9	T4ClapCalButton10_OnClick,T4ClapCalButton1_OnClick,T4ClapCalButton2_OnClick,T4ClapCalButton3_OnClick,T4ClapCalButton4_OnClick,T4ClapCalButton5_OnClick,T4ClapCalButton6_OnClick,T4ClapCalButton7_OnClick,T4ClapCalButton8_OnClick,T4ClapCalButton9_OnClick,T4ClapCloseButton10_OnClick,T4ClapCloseButton1_OnClick,T4ClapCloseButton2_OnClick,T4ClapCloseButton3_OnClick,T4ClapCloseButton4_OnClick,T4ClapCloseButton5_OnClick,T4ClapCloseButton6_OnClick,T4ClapCloseButton7_OnClick,T4ClapCloseButton8_OnClick,T4ClapCloseButton9_OnClick,T4ClapLatchMnemo,T4ClapOpenButton10_OnClick,T4ClapOpenButton1_OnClick,T4ClapOpenButton2_OnClick,T4ClapOpenButton3_OnClick,T4ClapOpenButton4_OnClick,T4ClapOpenButton5_OnClick,T4ClapOpenButton6_OnClick,T4ClapOpenButton7_OnClick,T4ClapOpenButton8_OnClick,T4ClapOpenButton9_OnClick	Переменная для блокировки управления заслонками транспортера
T4ClapCalStatus1	Boolean	СилКорпус / Переменные управления заслонками / Заслонки транспортера номер 4		T4ClapBlockOffButton_OnClick,T4ClapCalButton1_OnClick,T4ClapCalScript1	T4ClapCalScript1	Переменная для пуска алгоритма калибровки заслонки
T4ClapCalStatus10	Boolean	СилКорпус / Переменные управления заслонками / Заслонки транспортера номер 4		T4ClapBlockOffButton_OnClick,T4ClapCalButton10_OnClick,T4ClapCalScript10	T4ClapCalScript10	Переменная для пуска алгоритма калибровки заслонки
T4ClapCalStatus2	Boolean	СилКорпус / Переменные управления заслонками / Заслонки транспортера номер 4		T4ClapBlockOffButton_OnClick,T4ClapCalButton2_OnClick,T4ClapCalScript2	T4ClapCalScript2	Переменная для пуска алгоритма калибровки заслонки
T4ClapCalStatus3	Boolean	СилКорпус / Переменные управления заслонками / Заслонки транспортера номер 4		T4ClapBlockOffButton_OnClick,T4ClapCalButton3_OnClick,T4ClapCalScript3	T4ClapCalScript3	Переменная для пуска алгоритма калибровки заслонки
T4ClapCalStatus4	Boolean	СилКорпус / Переменные управления заслонками / Заслонки транспортера номер 4		T4ClapBlockOffButton_OnClick,T4ClapCalButton4_OnClick,T4ClapCalScript4	T4ClapCalScript4	Переменная для пуска алгоритма калибровки заслонки
T4ClapCalStatus5	Boolean	СилКорпус / Переменные управления заслонками / Заслонки транспортера номер 4		T4ClapBlockOffButton_OnClick,T4ClapCalButton5_OnClick,T4ClapCalScript5	T4ClapCalScript5	Переменная для пуска алгоритма калибровки заслонки
T4ClapCalStatus6	Boolean	СилКорпус / Переменные управления заслонками / Заслонки транспортера номер 4		T4ClapBlockOffButton_OnClick,T4ClapCalButton6_OnClick,T4ClapCalScript6	T4ClapCalScript6	Переменная для пуска алгоритма калибровки заслонки
T4ClapCalStatus7	Boolean	СилКорпус / Переменные управления заслонками / Заслонки транспортера номер 4		T4ClapBlockOffButton_OnClick,T4ClapCalButton7_OnClick,T4ClapCalScript7	T4ClapCalScript7	Переменная для пуска алгоритма калибровки заслонки
T4ClapCalStatus8	Boolean	СилКорпус / Переменные управления заслонками / Заслонки транспортера номер 4		T4ClapBlockOffButton_OnClick,T4ClapCalButton8_OnClick,T4ClapCalScript8	T4ClapCalScript8	Переменная для пуска алгоритма калибровки заслонки
T4ClapCalStatus9	Boolean	СилКорпус / Переменные управления заслонками / Заслонки транспортера номер 4		T4ClapBlockOffButton_OnClick,T4ClapCalButton9_OnClick,T4ClapCalScript9	T4ClapCalScript9	Переменная для пуска алгоритма калибровки заслонки
T4ClapCalTimer1	Integer	СилКорпус / Таймеры / Заслонки транспортера номер 4		T4ClapBlockOffButton_OnClick,T4ClapCalScript1	T4ClapCalScript1	Таймер алгоритма калибровки заслонки
T4ClapCalTimer10	Integer	СилКорпус / Таймеры / Заслонки транспортера номер 4		T4ClapBlockOffButton_OnClick,T4ClapCalScript10	T4ClapCalScript10	Таймер алгоритма калибровки заслонки
T4ClapCalTimer2	Integer	СилКорпус / Таймеры / Заслонки транспортера номер 4		T4ClapBlockOffButton_OnClick,T4ClapCalScript2	T4ClapCalScript2	Таймер алгоритма калибровки заслонки
T4ClapCalTimer3	Integer	СилКорпус / Таймеры / Заслонки транспортера номер 4		T4ClapBlockOffButton_OnClick,T4ClapCalScript3	T4ClapCalScript3	Таймер алгоритма калибровки заслонки
T4ClapCalTimer4	Integer	СилКорпус / Таймеры / Заслонки транспортера номер 4		T4ClapBlockOffButton_OnClick,T4ClapCalScript4	T4ClapCalScript4	Таймер алгоритма калибровки заслонки
T4ClapCalTimer5	Integer	СилКорпус / Таймеры / Заслонки транспортера номер 4		T4ClapBlockOffButton_OnClick,T4ClapCalScript5	T4ClapCalScript5	Таймер алгоритма калибровки заслонки
T4ClapCalTimer6	Integer	СилКорпус / Таймеры / Заслонки транспортера номер 4		T4ClapBlockOffButton_OnClick,T4ClapCalScript6	T4ClapCalScript6	Таймер алгоритма калибровки заслонки
T4ClapCalTimer7	Integer	СилКорпус / Таймеры / Заслонки транспортера номер 4		T4ClapBlockOffButton_OnClick,T4ClapCalScript7	T4ClapCalScript7	Таймер алгоритма калибровки заслонки
T4ClapCalTimer8	Integer	СилКорпус / Таймеры / Заслонки транспортера номер 4		T4ClapBlockOffButton_OnClick,T4ClapCalScript8	T4ClapCalScript8	Таймер алгоритма калибровки заслонки
T4ClapCalTimer9	Integer	СилКорпус / Таймеры / Заслонки транспортера номер 4		T4ClapBlockOffButton_OnClick,T4ClapCalScript9	T4ClapCalScript9	Таймер алгоритма калибровки заслонки
T4ClapCloseStatus1	Boolean	СилКорпус / Переменные управления заслонками / Заслонки транспортера номер 4		T4ClapBlockOffButton_OnClick,T4ClapCalScript1,T4ClapCloseButton1_OnClick,T4ClapCloseScript1	T4ClapCloseScript1	Переменная для пуска алгоритма закрытия заслонки
T4ClapCloseStatus10	Boolean	СилКорпус / Переменные управления заслонками / Заслонки транспортера номер 4		T4ClapBlockOffButton_OnClick,T4ClapCalScript10,T4ClapCloseButton10_OnClick,T4ClapCloseScript10	T4ClapCloseScript10	Переменная для пуска алгоритма закрытия заслонки
T4ClapCloseStatus2	Boolean	СилКорпус / Переменные управления заслонками / Заслонки транспортера номер 4		T4ClapBlockOffButton_OnClick,T4ClapCalScript2,T4ClapCloseButton2_OnClick,T4ClapCloseScript2	T4ClapCloseScript2	Переменная для пуска алгоритма закрытия заслонки
T4ClapCloseStatus3	Boolean	СилКорпус / Переменные управления заслонками / Заслонки транспортера номер 4		T4ClapBlockOffButton_OnClick,T4ClapCalScript3,T4ClapCloseButton3_OnClick,T4ClapCloseScript3	T4ClapCloseScript3	Переменная для пуска алгоритма закрытия заслонки
T4ClapCloseStatus4	Boolean	СилКорпус / Переменные управления заслонками / Заслонки транспортера номер 4		T4ClapBlockOffButton_OnClick,T4ClapCalScript4,T4ClapCloseButton4_OnClick,T4ClapCloseScript4	T4ClapCloseScript4	Переменная для пуска алгоритма закрытия заслонки
T4ClapCloseStatus5	Boolean	СилКорпус / Переменные управления заслонками / Заслонки транспортера номер 4		T4ClapBlockOffButton_OnClick,T4ClapCalScript5,T4ClapCloseButton5_OnClick,T4ClapCloseScript5	T4ClapCloseScript5	Переменная для пуска алгоритма закрытия заслонки
T4ClapCloseStatus6	Boolean	СилКорпус / Переменные управления заслонками / Заслонки транспортера номер 4		T4ClapBlockOffButton_OnClick,T4ClapCalScript6,T4ClapCloseButton6_OnClick,T4ClapCloseScript6	T4ClapCloseScript6	Переменная для пуска алгоритма закрытия заслонки
T4ClapCloseStatus7	Boolean	СилКорпус / Переменные управления заслонками / Заслонки транспортера номер 4		T4ClapBlockOffButton_OnClick,T4ClapCalScript7,T4ClapCloseButton7_OnClick,T4ClapCloseScript7	T4ClapCloseScript7	Переменная для пуска алгоритма закрытия заслонки
T4ClapCloseStatus8	Boolean	СилКорпус / Переменные управления заслонками / Заслонки транспортера номер 4		T4ClapBlockOffButton_OnClick,T4ClapCalScript8,T4ClapCloseButton8_OnClick,T4ClapCloseScript8	T4ClapCloseScript8	Переменная для пуска алгоритма закрытия заслонки
T4ClapCloseStatus9	Boolean	СилКорпус / Переменные управления заслонками / Заслонки транспортера номер 4		T4ClapBlockOffButton_OnClick,T4ClapCalScript9,T4ClapCloseButton9_OnClick,T4ClapCloseScript9	T4ClapCloseScript9	Переменная для пуска алгоритма закрытия заслонки
T4ClapCloseTimer1	Integer	СилКорпус / Таймеры / Заслонки транспортера номер 4		T4ClapBlockOffButton_OnClick,T4ClapCloseScript1	T4ClapCloseScript1	Таймер алгоритма закрытия заслонки
T4ClapCloseTimer10	Integer	СилКорпус / Таймеры / Заслонки транспортера номер 4		T4ClapBlockOffButton_OnClick,T4ClapCloseScript10	T4ClapCloseScript10	Таймер алгоритма закрытия заслонки
T4ClapCloseTimer2	Integer	СилКорпус / Таймеры / Заслонки транспортера номер 4		T4ClapBlockOffButton_OnClick,T4ClapCloseScript2	T4ClapCloseScript2	Таймер алгоритма закрытия заслонки
T4ClapCloseTimer3	Integer	СилКорпус / Таймеры / Заслонки транспортера номер 4		T4ClapBlockOffButton_OnClick,T4ClapCloseScript3	T4ClapCloseScript3	Таймер алгоритма закрытия заслонки
T4ClapCloseTimer4	Integer	СилКорпус / Таймеры / Заслонки транспортера номер 4		T4ClapBlockOffButton_OnClick,T4ClapCloseScript4	T4ClapCloseScript4	Таймер алгоритма закрытия заслонки
T4ClapCloseTimer5	Integer	СилКорпус / Таймеры / Заслонки транспортера номер 4		T4ClapBlockOffButton_OnClick,T4ClapCloseScript5	T4ClapCloseScript5	Таймер алгоритма закрытия заслонки
T4ClapCloseTimer6	Integer	СилКорпус / Таймеры / Заслонки транспортера номер 4		T4ClapBlockOffButton_OnClick,T4ClapCloseScript6	T4ClapCloseScript6	Таймер алгоритма закрытия заслонки
T4ClapCloseTimer7	Integer	СилКорпус / Таймеры / Заслонки транспортера номер 4		T4ClapBlockOffButton_OnClick,T4ClapCloseScript7	T4ClapCloseScript7	Таймер алгоритма закрытия заслонки
T4ClapCloseTimer8	Integer	СилКорпус / Таймеры / Заслонки транспортера номер 4		T4ClapBlockOffButton_OnClick,T4ClapCloseScript8	T4ClapCloseScript8	Таймер алгоритма закрытия заслонки
T4ClapCloseTimer9	Integer	СилКорпус / Таймеры / Заслонки транспортера номер 4		T4ClapBlockOffButton_OnClick,T4ClapCloseScript9	T4ClapCloseScript9	Таймер алгоритма закрытия заслонки
T4ClapLatchCalCloseTime1	Integer	СилКорпус / Калибровки хода заслонок / Заслонки транспортера номер 4		T4ClapCalScript1	T4ClapCalScript1,T4ClapCalValueBar,T4ClapCloseButton1_OnClick,T4ClapCloseScript1	Время хода задвижки от открытого состояния к закрытому
T4ClapLatchCalCloseTime10	Integer	СилКорпус / Калибровки хода заслонок / Заслонки транспортера номер 4		T4ClapCalScript10	T4ClapCalScript10,T4ClapCalValueBar,T4ClapCloseButton10_OnClick,T4ClapCloseScript10	Время хода задвижки от открытого состояния к закрытому
T4ClapLatchCalCloseTime2	Integer	СилКорпус / Калибровки хода заслонок / Заслонки транспортера номер 4		T4ClapCalScript2	T4ClapCalScript2,T4ClapCalValueBar,T4ClapCloseButton2_OnClick,T4ClapCloseScript2	Время хода задвижки от открытого состояния к закрытому
T4ClapLatchCalCloseTime3	Integer	СилКорпус / Калибровки хода заслонок / Заслонки транспортера номер 4		T4ClapCalScript3	T4ClapCalScript3,T4ClapCalValueBar,T4ClapCloseButton3_OnClick,T4ClapCloseScript3	Время хода задвижки от открытого состояния к закрытому
T4ClapLatchCalCloseTime4	Integer	СилКорпус / Калибровки хода заслонок / Заслонки транспортера номер 4		T4ClapCalScript4	T4ClapCalScript4,T4ClapCalValueBar,T4ClapCloseButton4_OnClick,T4ClapCloseScript4	Время хода задвижки от открытого состояния к закрытому
T4ClapLatchCalCloseTime5	Integer	СилКорпус / Калибровки хода заслонок / Заслонки транспортера номер 4		T4ClapCalScript5	T4ClapCalScript5,T4ClapCalValueBar,T4ClapCloseButton5_OnClick,T4ClapCloseScript5	Время хода задвижки от открытого состояния к закрытому
T4ClapLatchCalCloseTime6	Integer	СилКорпус / Калибровки хода заслонок / Заслонки транспортера номер 4		T4ClapCalScript6	T4ClapCalScript6,T4ClapCalValueBar,T4ClapCloseButton6_OnClick,T4ClapCloseScript6	Время хода задвижки от открытого состояния к закрытому
T4ClapLatchCalCloseTime7	Integer	СилКорпус / Калибровки хода заслонок / Заслонки транспортера номер 4		T4ClapCalScript7	T4ClapCalScript7,T4ClapCalValueBar,T4ClapCloseButton7_OnClick,T4ClapCloseScript7	Время хода задвижки от открытого состояния к закрытому
T4ClapLatchCalCloseTime8	Integer	СилКорпус / Калибровки хода заслонок / Заслонки транспортера номер 4		T4ClapCalScript8	T4ClapCalScript8,T4ClapCalValueBar,T4ClapCloseButton8_OnClick,T4ClapCloseScript8	Время хода задвижки от открытого состояния к закрытому
T4ClapLatchCalCloseTime9	Integer	СилКорпус / Калибровки хода заслонок / Заслонки транспортера номер 4		T4ClapCalScript9	T4ClapCalScript9,T4ClapCalValueBar,T4ClapCloseButton9_OnClick,T4ClapCloseScript9	Время хода задвижки от открытого состояния к закрытому
T4ClapLatchCalOpenTime1	Integer	СилКорпус / Калибровки хода заслонок / Заслонки транспортера номер 4		T4ClapCalScript1	T4ClapCalScript1,T4ClapCalValueBar,T4ClapOpenButton1_OnClick,T4ClapOpenScript1	Время хода задвижки от закрытого состояния к открытому
T4ClapLatchCalOpenTime10	Integer	СилКорпус / Калибровки хода заслонок / Заслонки транспортера номер 4		T4ClapCalScript10	T4ClapCalScript10,T4ClapCalValueBar,T4ClapOpenButton10_OnClick,T4ClapOpenScript10	Время хода задвижки от закрытого состояния к открытому
T4ClapLatchCalOpenTime2	Integer	СилКорпус / Калибровки хода заслонок / Заслонки транспортера номер 4		T4ClapCalScript2	T4ClapCalScript2,T4ClapCalValueBar,T4ClapOpenButton2_OnClick,T4ClapOpenScript2	Время хода задвижки от закрытого состояния к открытому
T4ClapLatchCalOpenTime3	Integer	СилКорпус / Калибровки хода заслонок / Заслонки транспортера номер 4		T4ClapCalScript3	T4ClapCalScript3,T4ClapCalValueBar,T4ClapOpenButton3_OnClick,T4ClapOpenScript3	Время хода задвижки от закрытого состояния к открытому
T4ClapLatchCalOpenTime4	Integer	СилКорпус / Калибровки хода заслонок / Заслонки транспортера номер 4		T4ClapCalScript4	T4ClapCalScript4,T4ClapCalValueBar,T4ClapOpenButton4_OnClick,T4ClapOpenScript4	Время хода задвижки от закрытого состояния к открытому
T4ClapLatchCalOpenTime5	Integer	СилКорпус / Калибровки хода заслонок / Заслонки транспортера номер 4		T4ClapCalScript5	T4ClapCalScript5,T4ClapCalValueBar,T4ClapOpenButton5_OnClick,T4ClapOpenScript5	Время хода задвижки от закрытого состояния к открытому
T4ClapLatchCalOpenTime6	Integer	СилКорпус / Калибровки хода заслонок / Заслонки транспортера номер 4		T4ClapCalScript6	T4ClapCalScript6,T4ClapCalValueBar,T4ClapOpenButton6_OnClick,T4ClapOpenScript6	Время хода задвижки от закрытого состояния к открытому
T4ClapLatchCalOpenTime7	Integer	СилКорпус / Калибровки хода заслонок / Заслонки транспортера номер 4		T4ClapCalScript7	T4ClapCalScript7,T4ClapCalValueBar,T4ClapOpenButton7_OnClick,T4ClapOpenScript7	Время хода задвижки от закрытого состояния к открытому
T4ClapLatchCalOpenTime8	Integer	СилКорпус / Калибровки хода заслонок / Заслонки транспортера номер 4		T4ClapCalScript8	T4ClapCalScript8,T4ClapCalValueBar,T4ClapOpenButton8_OnClick,T4ClapOpenScript8	Время хода задвижки от закрытого состояния к открытому
T4ClapLatchCalOpenTime9	Integer	СилКорпус / Калибровки хода заслонок / Заслонки транспортера номер 4		T4ClapCalScript9	T4ClapCalScript9,T4ClapCalValueBar,T4ClapOpenButton9_OnClick,T4ClapOpenScript9	Время хода задвижки от закрытого состояния к открытому
T4ClapLatchClose1	Boolean	СилКорпус / Входные переменные / Заслонки транспортера номер 4	|var|PLC210 (Arm32bit + Linux ).Application.PLC_PRG.t41DI2		T4ClapCalScript1,T4ClapCloseScript1,T4ClapLatchMnemo	Входое реле концевика закрытого состояния задвижки
T4ClapLatchClose10	Boolean	СилКорпус / Входные переменные / Заслонки транспортера номер 4	|var|PLC210 (Arm32bit + Linux ).Application.PLC_PRG.t41DI20		T4ClapCalScript10,T4ClapCloseScript10,T4ClapLatchMnemo	Входое реле концевика закрытого состояния задвижки
T4ClapLatchClose2	Boolean	СилКорпус / Входные переменные / Заслонки транспортера номер 4	|var|PLC210 (Arm32bit + Linux ).Application.PLC_PRG.t41DI4		T4ClapCalScript2,T4ClapCloseScript2,T4ClapLatchMnemo	Входое реле концевика закрытого состояния задвижки
T4ClapLatchClose3	Boolean	СилКорпус / Входные переменные / Заслонки транспортера номер 4	|var|PLC210 (Arm32bit + Linux ).Application.PLC_PRG.t41DI6		T4ClapCalScript3,T4ClapCloseScript3,T4ClapLatchMnemo	Входое реле концевика закрытого состояния задвижки
T4ClapLatchClose4	Boolean	СилКорпус / Входные переменные / Заслонки транспортера номер 4	|var|PLC210 (Arm32bit + Linux ).Application.PLC_PRG.t41DI8		T4ClapCalScript4,T4ClapCloseScript4,T4ClapLatchMnemo	Входое реле концевика закрытого состояния задвижки
T4ClapLatchClose5	Boolean	СилКорпус / Входные переменные / Заслонки транспортера номер 4	|var|PLC210 (Arm32bit + Linux ).Application.PLC_PRG.t41DI10		T4ClapCalScript5,T4ClapCloseScript5,T4ClapLatchMnemo	Входое реле концевика закрытого состояния задвижки
T4ClapLatchClose6	Boolean	СилКорпус / Входные переменные / Заслонки транспортера номер 4	|var|PLC210 (Arm32bit + Linux ).Application.PLC_PRG.t41DI12		T4ClapCalScript6,T4ClapCloseScript6,T4ClapLatchMnemo	Входое реле концевика закрытого состояния задвижки
T4ClapLatchClose7	Boolean	СилКорпус / Входные переменные / Заслонки транспортера номер 4	|var|PLC210 (Arm32bit + Linux ).Application.PLC_PRG.t41DI14		T4ClapCalScript7,T4ClapCloseScript7,T4ClapLatchMnemo	Входое реле концевика закрытого состояния задвижки
T4ClapLatchClose8	Boolean	СилКорпус / Входные переменные / Заслонки транспортера номер 4	|var|PLC210 (Arm32bit + Linux ).Application.PLC_PRG.t41DI16		T4ClapCalScript8,T4ClapCloseScript8,T4ClapLatchMnemo	Входое реле концевика закрытого состояния задвижки
T4ClapLatchClose9	Boolean	СилКорпус / Входные переменные / Заслонки транспортера номер 4	|var|PLC210 (Arm32bit + Linux ).Application.PLC_PRG.t41DI18		T4ClapCalScript9,T4ClapCloseScript9,T4ClapLatchMnemo	Входое реле концевика закрытого состояния задвижки
T4ClapLatchOpen1	Boolean	СилКорпус / Входные переменные / Заслонки транспортера номер 4	|var|PLC210 (Arm32bit + Linux ).Application.PLC_PRG.t41DI1		T4ClapCalScript1,T4ClapLatchMnemo,T4ClapOpenScript1	Входое реле концевика открытого состояния задвижки
T4ClapLatchOpen10	Boolean	СилКорпус / Входные переменные / Заслонки транспортера номер 4	|var|PLC210 (Arm32bit + Linux ).Application.PLC_PRG.t41DI19		T4ClapCalScript10,T4ClapLatchMnemo,T4ClapOpenScript10	Входое реле концевика открытого состояния задвижки
T4ClapLatchOpen2	Boolean	СилКорпус / Входные переменные / Заслонки транспортера номер 4	|var|PLC210 (Arm32bit + Linux ).Application.PLC_PRG.t41DI3		T4ClapCalScript2,T4ClapLatchMnemo,T4ClapOpenScript2	Входое реле концевика открытого состояния задвижки
T4ClapLatchOpen3	Boolean	СилКорпус / Входные переменные / Заслонки транспортера номер 4	|var|PLC210 (Arm32bit + Linux ).Application.PLC_PRG.t41DI5		T4ClapCalScript3,T4ClapLatchMnemo,T4ClapOpenScript3	Входое реле концевика открытого состояния задвижки
T4ClapLatchOpen4	Boolean	СилКорпус / Входные переменные / Заслонки транспортера номер 4	|var|PLC210 (Arm32bit + Linux ).Application.PLC_PRG.t41DI7		T4ClapCalScript4,T4ClapLatchMnemo,T4ClapOpenScript4	Входое реле концевика открытого состояния задвижки
T4ClapLatchOpen5	Boolean	СилКорпус / Входные переменные / Заслонки транспортера номер 4	|var|PLC210 (Arm32bit + Linux ).Application.PLC_PRG.t41DI9		T4ClapCalScript5,T4ClapLatchMnemo,T4ClapOpenScript5	Входое реле концевика открытого состояния задвижки
T4ClapLatchOpen6	Boolean	СилКорпус / Входные переменные / Заслонки транспортера номер 4	|var|PLC210 (Arm32bit + Linux ).Application.PLC_PRG.t41DI11		T4ClapCalScript6,T4ClapLatchMnemo,T4ClapOpenScript6	Входое реле концевика открытого состояния задвижки
T4ClapLatchOpen7	Boolean	СилКорпус / Входные переменные / Заслонки транспортера номер 4	|var|PLC210 (Arm32bit + Linux ).Application.PLC_PRG.t41DI13		T4ClapCalScript7,T4ClapLatchMnemo,T4ClapOpenScript7	Входое реле концевика открытого состояния задвижки
T4ClapLatchOpen8	Boolean	СилКорпус / Входные переменные / Заслонки транспортера номер 4	|var|PLC210 (Arm32bit + Linux ).Application.PLC_PRG.t41DI15		T4ClapCalScript8,T4ClapLatchMnemo,T4ClapOpenScript8	Входое реле концевика открытого состояния задвижки
T4ClapLatchOpen9	Boolean	СилКорпус / Входные переменные / Заслонки транспортера номер 4	|var|PLC210 (Arm32bit + Linux ).Application.PLC_PRG.t41DI17		T4ClapCalScript9,T4ClapLatchMnemo,T4ClapOpenScript9	Входое реле концевика открытого состояния задвижки
T4ClapLatchRunClose	Boolean	СилКорпус / Выходные переменные / Заслонки транспортера номер 4	|var|PLC210 (Arm32bit + Linux ).Application.PLC_PRG.t41DO12	T4ClapBlockOffButton_OnClick,T4ClapCalScript1,T4ClapCalScript10,T4ClapCalScript2,T4ClapCalScript3,T4ClapCalScript4,T4ClapCalScript5,T4ClapCalScript6,T4ClapCalScript7,T4ClapCalScript8,T4ClapCalScript9,T4ClapCloseScript1,T4ClapCloseScript10,T4ClapCloseScript2,T4ClapCloseScript3,T4ClapCloseScript4,T4ClapCloseScript5,T4ClapCloseScript6,T4ClapCloseScript7,T4ClapCloseScript8,T4ClapCloseScript9	T4ClapCalScript1,T4ClapCalScript10,T4ClapCalScript2,T4ClapCalScript3,T4ClapCalScript4,T4ClapCalScript5,T4ClapCalScript6,T4ClapCalScript7,T4ClapCalScript8,T4ClapCalScript9,T4ClapLightControl	Выходное реле для закрытия выбранной заслонки
T4ClapLatchRunOpen	Boolean	СилКорпус / Выходные переменные / Заслонки транспортера номер 4	|var|PLC210 (Arm32bit + Linux ).Application.PLC_PRG.t41DO11	T4ClapBlockOffButton_OnClick,T4ClapCalScript1,T4ClapCalScript10,T4ClapCalScript2,T4ClapCalScript3,T4ClapCalScript4,T4ClapCalScript5,T4ClapCalScript6,T4ClapCalScript7,T4ClapCalScript8,T4ClapCalScript9,T4ClapOpenScript1,T4ClapOpenScript10,T4ClapOpenScript2,T4ClapOpenScript3,T4ClapOpenScript4,T4ClapOpenScript5,T4ClapOpenScript6,T4ClapOpenScript7,T4ClapOpenScript8,T4ClapOpenScript9	T4ClapCalScript1,T4ClapCalScript10,T4ClapCalScript2,T4ClapCalScript3,T4ClapCalScript4,T4ClapCalScript5,T4ClapCalScript6,T4ClapCalScript7,T4ClapCalScript8,T4ClapCalScript9,T4ClapLightControl	Выходное реле для открытия выбранной заслонки
T4ClapLatchSelect1	Boolean	СилКорпус / Выходные переменные / Заслонки транспортера номер 4	|var|PLC210 (Arm32bit + Linux ).Application.PLC_PRG.t41DO1	T4ClapBlockOffButton_OnClick,T4ClapCalScript1,T4ClapCloseScript1,T4ClapOpenScript1	T4ClapLightControl	Выходное реле выбора заслонки для управления
T4ClapLatchSelect10	Boolean	СилКорпус / Выходные переменные / Заслонки транспортера номер 4	|var|PLC210 (Arm32bit + Linux ).Application.PLC_PRG.t41DO10	T4ClapBlockOffButton_OnClick,T4ClapCalScript10,T4ClapCloseScript10,T4ClapOpenScript10	T4ClapLightControl	Выходное реле выбора заслонки для управления
T4ClapLatchSelect2	Boolean	СилКорпус / Выходные переменные / Заслонки транспортера номер 4	|var|PLC210 (Arm32bit + Linux ).Application.PLC_PRG.t41DO2	T4ClapBlockOffButton_OnClick,T4ClapCalScript2,T4ClapCloseScript2,T4ClapOpenScript2	T4ClapLightControl	Выходное реле выбора заслонки для управления
T4ClapLatchSelect3	Boolean	СилКорпус / Выходные переменные / Заслонки транспортера номер 4	|var|PLC210 (Arm32bit + Linux ).Application.PLC_PRG.t41DO3	T4ClapBlockOffButton_OnClick,T4ClapCalScript3,T4ClapCloseScript3,T4ClapOpenScript3	T4ClapLightControl	Выходное реле выбора заслонки для управления
T4ClapLatchSelect4	Boolean	СилКорпус / Выходные переменные / Заслонки транспортера номер 4	|var|PLC210 (Arm32bit + Linux ).Application.PLC_PRG.t41DO4	T4ClapBlockOffButton_OnClick,T4ClapCalScript4,T4ClapCloseScript4,T4ClapOpenScript4	T4ClapLightControl	Выходное реле выбора заслонки для управления
T4ClapLatchSelect5	Boolean	СилКорпус / Выходные переменные / Заслонки транспортера номер 4	|var|PLC210 (Arm32bit + Linux ).Application.PLC_PRG.t41DO5	T4ClapBlockOffButton_OnClick,T4ClapCalScript5,T4ClapCloseScript5,T4ClapOpenScript5	T4ClapLightControl	Выходное реле выбора заслонки для управления
T4ClapLatchSelect6	Boolean	СилКорпус / Выходные переменные / Заслонки транспортера номер 4	|var|PLC210 (Arm32bit + Linux ).Application.PLC_PRG.t41DO6	T4ClapBlockOffButton_OnClick,T4ClapCalScript6,T4ClapCloseScript6,T4ClapOpenScript6	T4ClapLightControl	Выходное реле выбора заслонки для управления
T4ClapLatchSelect7	Boolean	СилКорпус / Выходные переменные / Заслонки транспортера номер 4	|var|PLC210 (Arm32bit + Linux ).Application.PLC_PRG.t41DO7	T4ClapBlockOffButton_OnClick,T4ClapCalScript7,T4ClapCloseScript7,T4ClapOpenScript7	T4ClapLightControl	Выходное реле выбора заслонки для управления
T4ClapLatchSelect8	Boolean	СилКорпус / Выходные переменные / Заслонки транспортера номер 4	|var|PLC210 (Arm32bit + Linux ).Application.PLC_PRG.t41DO8	T4ClapBlockOffButton_OnClick,T4ClapCalScript8,T4ClapCloseScript8,T4ClapOpenScript8	T4ClapLightControl	Выходное реле выбора заслонки для управления
T4ClapLatchSelect9	Boolean	СилКорпус / Выходные переменные / Заслонки транспортера номер 4	|var|PLC210 (Arm32bit + Linux ).Application.PLC_PRG.t41DO9	T4ClapBlockOffButton_OnClick,T4ClapCalScript9,T4ClapCloseScript9,T4ClapOpenScript9	T4ClapLightControl	Выходное реле выбора заслонки для управления
T4ClapLatchStatus1	Word	СилКорпус / Статусы механизмов / Заслонки транспортера номер 4				Статус заслонки транспортера
T4ClapLatchStatus10	Word	СилКорпус / Статусы механизмов / Заслонки транспортера номер 4				Статус заслонки транспортера
T4ClapLatchStatus2	Word	СилКорпус / Статусы механизмов / Заслонки транспортера номер 4				Статус заслонки транспортера
T4ClapLatchStatus3	Word	СилКорпус / Статусы механизмов / Заслонки транспортера номер 4				Статус заслонки транспортера
T4ClapLatchStatus4	Word	СилКорпус / Статусы механизмов / Заслонки транспортера номер 4				Статус заслонки транспортера
T4ClapLatchStatus5	Word	СилКорпус / Статусы механизмов / Заслонки транспортера номер 4				Статус заслонки транспортера
T4ClapLatchStatus6	Word	СилКорпус / Статусы механизмов / Заслонки транспортера номер 4				Статус заслонки транспортера
T4ClapLatchStatus7	Word	СилКорпус / Статусы механизмов / Заслонки транспортера номер 4				Статус заслонки транспортера
T4ClapLatchStatus8	Word	СилКорпус / Статусы механизмов / Заслонки транспортера номер 4				Статус заслонки транспортера
T4ClapLatchStatus9	Word	СилКорпус / Статусы механизмов / Заслонки транспортера номер 4				Статус заслонки транспортера
T4ClapLatchStatusByte1	Byte	СилКорпус / Статусы механизмов / Заслонки транспортера номер 4		T4ClapCalScript1,T4ClapCloseScript1,T4ClapErrorOffButton_OnClick,T4ClapLatchMnemo,T4ClapOpenScript1	T4ClapCalButton1_OnClick,T4ClapCalScript1,T4ClapCloseButton1_OnClick,T4ClapLatchStatusBar,T4ClapOpenButton1_OnClick	Статус заслонки транспортера в битах для формирования сообщений
T4ClapLatchStatusByte10	Byte	СилКорпус / Статусы механизмов / Заслонки транспортера номер 4		T4ClapCalScript10,T4ClapCloseScript10,T4ClapErrorOffButton_OnClick,T4ClapLatchMnemo,T4ClapOpenScript10	T4ClapCalButton10_OnClick,T4ClapCalScript10,T4ClapCloseButton10_OnClick,T4ClapLatchStatusBar,T4ClapOpenButton10_OnClick	Статус заслонки транспортера в битах для формирования сообщений
T4ClapLatchStatusByte2	Byte	СилКорпус / Статусы механизмов / Заслонки транспортера номер 4		T4ClapCalScript2,T4ClapCloseScript2,T4ClapErrorOffButton_OnClick,T4ClapLatchMnemo,T4ClapOpenScript2	T4ClapCalButton2_OnClick,T4ClapCalScript2,T4ClapCloseButton2_OnClick,T4ClapLatchStatusBar,T4ClapOpenButton2_OnClick	Статус заслонки транспортера в битах для формирования сообщений
T4ClapLatchStatusByte3	Byte	СилКорпус / Статусы механизмов / Заслонки транспортера номер 4		T4ClapCalScript3,T4ClapCloseScript3,T4ClapErrorOffButton_OnClick,T4ClapLatchMnemo,T4ClapOpenScript3	T4ClapCalButton3_OnClick,T4ClapCalScript3,T4ClapCloseButton3_OnClick,T4ClapLatchStatusBar,T4ClapOpenButton3_OnClick	Статус заслонки транспортера в битах для формирования сообщений
T4ClapLatchStatusByte4	Byte	СилКорпус / Статусы механизмов / Заслонки транспортера номер 4		T4ClapCalScript4,T4ClapCloseScript4,T4ClapErrorOffButton_OnClick,T4ClapLatchMnemo,T4ClapOpenScript4	T4ClapCalButton4_OnClick,T4ClapCalScript4,T4ClapCloseButton4_OnClick,T4ClapLatchStatusBar,T4ClapOpenButton4_OnClick	Статус заслонки транспортера в битах для формирования сообщений
T4ClapLatchStatusByte5	Byte	СилКорпус / Статусы механизмов / Заслонки транспортера номер 4		T4ClapCalScript5,T4ClapCloseScript5,T4ClapErrorOffButton_OnClick,T4ClapLatchMnemo,T4ClapOpenScript5	T4ClapCalButton5_OnClick,T4ClapCalScript5,T4ClapCloseButton5_OnClick,T4ClapLatchStatusBar,T4ClapOpenButton5_OnClick	Статус заслонки транспортера в битах для формирования сообщений
T4ClapLatchStatusByte6	Byte	СилКорпус / Статусы механизмов / Заслонки транспортера номер 4		T4ClapCalScript6,T4ClapCloseScript6,T4ClapErrorOffButton_OnClick,T4ClapLatchMnemo,T4ClapOpenScript6	T4ClapCalButton6_OnClick,T4ClapCalScript6,T4ClapCloseButton6_OnClick,T4ClapLatchStatusBar,T4ClapOpenButton6_OnClick	Статус заслонки транспортера в битах для формирования сообщений
T4ClapLatchStatusByte7	Byte	СилКорпус / Статусы механизмов / Заслонки транспортера номер 4		T4ClapCalScript7,T4ClapCloseScript7,T4ClapErrorOffButton_OnClick,T4ClapLatchMnemo,T4ClapOpenScript7	T4ClapCalButton7_OnClick,T4ClapCalScript7,T4ClapCloseButton7_OnClick,T4ClapLatchStatusBar,T4ClapOpenButton7_OnClick	Статус заслонки транспортера в битах для формирования сообщений
T4ClapLatchStatusByte8	Byte	СилКорпус / Статусы механизмов / Заслонки транспортера номер 4		T4ClapCalScript8,T4ClapCloseScript8,T4ClapErrorOffButton_OnClick,T4ClapLatchMnemo,T4ClapOpenScript8	T4ClapCalButton8_OnClick,T4ClapCalScript8,T4ClapCloseButton8_OnClick,T4ClapLatchStatusBar,T4ClapOpenButton8_OnClick	Статус заслонки транспортера в битах для формирования сообщений
T4ClapLatchStatusByte9	Byte	СилКорпус / Статусы механизмов / Заслонки транспортера номер 4		T4ClapCalScript9,T4ClapCloseScript9,T4ClapErrorOffButton_OnClick,T4ClapLatchMnemo,T4ClapOpenScript9	T4ClapCalButton9_OnClick,T4ClapCalScript9,T4ClapCloseButton9_OnClick,T4ClapLatchStatusBar,T4ClapOpenButton9_OnClick	Статус заслонки транспортера в битах для формирования сообщений
T4ClapOpenStatus1	Boolean	СилКорпус / Переменные управления заслонками / Заслонки транспортера номер 4		T4ClapBlockOffButton_OnClick,T4ClapOpenButton1_OnClick,T4ClapOpenScript1	T4ClapOpenScript1	Переменная для пуска алгоритма открытия заслонки
T4ClapOpenStatus10	Boolean	СилКорпус / Переменные управления заслонками / Заслонки транспортера номер 4		T4ClapBlockOffButton_OnClick,T4ClapOpenButton10_OnClick,T4ClapOpenScript10	T4ClapOpenScript10	Переменная для пуска алгоритма открытия заслонки
T4ClapOpenStatus2	Boolean	СилКорпус / Переменные управления заслонками / Заслонки транспортера номер 4		T4ClapBlockOffButton_OnClick,T4ClapOpenButton2_OnClick,T4ClapOpenScript2	T4ClapOpenScript2	Переменная для пуска алгоритма открытия заслонки
T4ClapOpenStatus3	Boolean	СилКорпус / Переменные управления заслонками / Заслонки транспортера номер 4		T4ClapBlockOffButton_OnClick,T4ClapOpenButton3_OnClick,T4ClapOpenScript3	T4ClapOpenScript3	Переменная для пуска алгоритма открытия заслонки
T4ClapOpenStatus4	Boolean	СилКорпус / Переменные управления заслонками / Заслонки транспортера номер 4		T4ClapBlockOffButton_OnClick,T4ClapOpenButton4_OnClick,T4ClapOpenScript4	T4ClapOpenScript4	Переменная для пуска алгоритма открытия заслонки
T4ClapOpenStatus5	Boolean	СилКорпус / Переменные управления заслонками / Заслонки транспортера номер 4		T4ClapBlockOffButton_OnClick,T4ClapOpenButton5_OnClick,T4ClapOpenScript5	T4ClapOpenScript5	Переменная для пуска алгоритма открытия заслонки
T4ClapOpenStatus6	Boolean	СилКорпус / Переменные управления заслонками / Заслонки транспортера номер 4		T4ClapBlockOffButton_OnClick,T4ClapOpenButton6_OnClick,T4ClapOpenScript6	T4ClapOpenScript6	Переменная для пуска алгоритма открытия заслонки
T4ClapOpenStatus7	Boolean	СилКорпус / Переменные управления заслонками / Заслонки транспортера номер 4		T4ClapBlockOffButton_OnClick,T4ClapOpenButton7_OnClick,T4ClapOpenScript7	T4ClapOpenScript7	Переменная для пуска алгоритма открытия заслонки
T4ClapOpenStatus8	Boolean	СилКорпус / Переменные управления заслонками / Заслонки транспортера номер 4		T4ClapBlockOffButton_OnClick,T4ClapOpenButton8_OnClick,T4ClapOpenScript8	T4ClapOpenScript8	Переменная для пуска алгоритма открытия заслонки
T4ClapOpenStatus9	Boolean	СилКорпус / Переменные управления заслонками / Заслонки транспортера номер 4		T4ClapBlockOffButton_OnClick,T4ClapOpenButton9_OnClick,T4ClapOpenScript9	T4ClapOpenScript9	Переменная для пуска алгоритма открытия заслонки
T4ClapOpenTimer1	Integer	СилКорпус / Таймеры / Заслонки транспортера номер 4		T4ClapBlockOffButton_OnClick,T4ClapOpenScript1	T4ClapOpenScript1	Таймер алгоритма открытия заслонки
T4ClapOpenTimer10	Integer	СилКорпус / Таймеры / Заслонки транспортера номер 4		T4ClapBlockOffButton_OnClick,T4ClapOpenScript10	T4ClapOpenScript10	Таймер алгоритма открытия заслонки
T4ClapOpenTimer2	Integer	СилКорпус / Таймеры / Заслонки транспортера номер 4		T4ClapBlockOffButton_OnClick,T4ClapOpenScript2	T4ClapOpenScript2	Таймер алгоритма открытия заслонки
T4ClapOpenTimer3	Integer	СилКорпус / Таймеры / Заслонки транспортера номер 4		T4ClapBlockOffButton_OnClick,T4ClapOpenScript3	T4ClapOpenScript3	Таймер алгоритма открытия заслонки
T4ClapOpenTimer4	Integer	СилКорпус / Таймеры / Заслонки транспортера номер 4		T4ClapBlockOffButton_OnClick,T4ClapOpenScript4	T4ClapOpenScript4	Таймер алгоритма открытия заслонки
T4ClapOpenTimer5	Integer	СилКорпус / Таймеры / Заслонки транспортера номер 4		T4ClapBlockOffButton_OnClick,T4ClapOpenScript5	T4ClapOpenScript5	Таймер алгоритма открытия заслонки
T4ClapOpenTimer6	Integer	СилКорпус / Таймеры / Заслонки транспортера номер 4		T4ClapBlockOffButton_OnClick,T4ClapOpenScript6	T4ClapOpenScript6	Таймер алгоритма открытия заслонки
T4ClapOpenTimer7	Integer	СилКорпус / Таймеры / Заслонки транспортера номер 4		T4ClapBlockOffButton_OnClick,T4ClapOpenScript7	T4ClapOpenScript7	Таймер алгоритма открытия заслонки
T4ClapOpenTimer8	Integer	СилКорпус / Таймеры / Заслонки транспортера номер 4		T4ClapBlockOffButton_OnClick,T4ClapOpenScript8	T4ClapOpenScript8	Таймер алгоритма открытия заслонки
T4ClapOpenTimer9	Integer	СилКорпус / Таймеры / Заслонки транспортера номер 4		T4ClapBlockOffButton_OnClick,T4ClapOpenScript9	T4ClapOpenScript9	Таймер алгоритма открытия заслонки
T4CloseStatus1	Boolean	СилКорпус / Переменные управления заслонками / Заслонки транспортера номер 4		T4BlockOffButton_OnClick,T4CalScript1,T4CloseButton1_OnClick,T4CloseScript1	T4CloseScript1	Переменная для пуска алгоритма закрытия заслонки
T4CloseStatus10	Boolean	СилКорпус / Переменные управления заслонками / Заслонки транспортера номер 4		T4BlockOffButton_OnClick,T4CalScript10,T4CloseButton10_OnClick,T4CloseScript10	T4CloseScript10	Переменная для пуска алгоритма закрытия заслонки
T4CloseStatus2	Boolean	СилКорпус / Переменные управления заслонками / Заслонки транспортера номер 4		T4BlockOffButton_OnClick,T4CalScript2,T4CloseButton2_OnClick,T4CloseScript2	T4CloseScript2	Переменная для пуска алгоритма закрытия заслонки
T4CloseStatus3	Boolean	СилКорпус / Переменные управления заслонками / Заслонки транспортера номер 4		T4BlockOffButton_OnClick,T4CalScript3,T4CloseButton3_OnClick,T4CloseScript3,T5CloseButton3_OnClick	T4CloseScript3	Переменная для пуска алгоритма закрытия заслонки
T4CloseStatus4	Boolean	СилКорпус / Переменные управления заслонками / Заслонки транспортера номер 4		T4BlockOffButton_OnClick,T4CalScript4,T4CloseButton4_OnClick,T4CloseScript4	T4CloseScript4	Переменная для пуска алгоритма закрытия заслонки
T4CloseStatus5	Boolean	СилКорпус / Переменные управления заслонками / Заслонки транспортера номер 4		T4BlockOffButton_OnClick,T4CalScript5,T4CloseButton5_OnClick,T4CloseScript5	T4CloseScript5	Переменная для пуска алгоритма закрытия заслонки
T4CloseStatus6	Boolean	СилКорпус / Переменные управления заслонками / Заслонки транспортера номер 4		T4BlockOffButton_OnClick,T4CalScript6,T4CloseButton6_OnClick,T4CloseScript6	T4CloseScript6	Переменная для пуска алгоритма закрытия заслонки
T4CloseStatus7	Boolean	СилКорпус / Переменные управления заслонками / Заслонки транспортера номер 4		T4BlockOffButton_OnClick,T4CalScript7,T4CloseButton7_OnClick,T4CloseScript7	T4CloseScript7	Переменная для пуска алгоритма закрытия заслонки
T4CloseStatus8	Boolean	СилКорпус / Переменные управления заслонками / Заслонки транспортера номер 4		T4BlockOffButton_OnClick,T4CalScript8,T4CloseButton8_OnClick,T4CloseScript8	T4CloseScript8	Переменная для пуска алгоритма закрытия заслонки
T4CloseStatus9	Boolean	СилКорпус / Переменные управления заслонками / Заслонки транспортера номер 4		T4BlockOffButton_OnClick,T4CalScript9,T4CloseButton9_OnClick,T4CloseScript9	T4CloseScript9	Переменная для пуска алгоритма закрытия заслонки
T4CloseTimer1	Integer	СилКорпус / Таймеры / Заслонки транспортера номер 4		T4BlockOffButton_OnClick,T4CloseScript1	T4CloseScript1	Таймер алгоритма закрытия заслонки
T4CloseTimer10	Integer	СилКорпус / Таймеры / Заслонки транспортера номер 4		T4BlockOffButton_OnClick,T4CloseScript10	T4CloseScript10	Таймер алгоритма закрытия заслонки
T4CloseTimer2	Integer	СилКорпус / Таймеры / Заслонки транспортера номер 4		T4BlockOffButton_OnClick,T4CloseScript2	T4CloseScript2	Таймер алгоритма закрытия заслонки
T4CloseTimer3	Integer	СилКорпус / Таймеры / Заслонки транспортера номер 4		T4BlockOffButton_OnClick,T4CloseScript3	T4CloseScript3	Таймер алгоритма закрытия заслонки
T4CloseTimer4	Integer	СилКорпус / Таймеры / Заслонки транспортера номер 4		T4BlockOffButton_OnClick,T4CloseScript4	T4CloseScript4	Таймер алгоритма закрытия заслонки
T4CloseTimer5	Integer	СилКорпус / Таймеры / Заслонки транспортера номер 4		T4BlockOffButton_OnClick,T4CloseScript5	T4CloseScript5	Таймер алгоритма закрытия заслонки
T4CloseTimer6	Integer	СилКорпус / Таймеры / Заслонки транспортера номер 4		T4BlockOffButton_OnClick,T4CloseScript6	T4CloseScript6	Таймер алгоритма закрытия заслонки
T4CloseTimer7	Integer	СилКорпус / Таймеры / Заслонки транспортера номер 4		T4BlockOffButton_OnClick,T4CloseScript7	T4CloseScript7	Таймер алгоритма закрытия заслонки
T4CloseTimer8	Integer	СилКорпус / Таймеры / Заслонки транспортера номер 4		T4BlockOffButton_OnClick,T4CloseScript8	T4CloseScript8	Таймер алгоритма закрытия заслонки
T4CloseTimer9	Integer	СилКорпус / Таймеры / Заслонки транспортера номер 4		T4BlockOffButton_OnClick,T4CloseScript9	T4CloseScript9	Таймер алгоритма закрытия заслонки
T4Freq	Single	СилКорпус / Входные переменные / Переменные телеметрии Частотных преобразователей	|var|PLC210 (Arm32bit + Linux ).Application.PLC_PRG.t4FreqMonitoring			Задание частоты для частотного преобразователя транспортера
T4FreqToPLC	Single	СилКорпус / Выходные переменные / Задание частоты ЧП транспортеров	|var|PLC210 (Arm32bit + Linux ).Application.PLC_PRG.t4Freq	T1toT7StartFreq,T4FreqTarget		
T4LatchCalCloseTime1	Integer	СилКорпус / Калибровки хода заслонок / Заслонки транспортера номер 4		T4CalScript1	T4CalScript1,T4CalValueBar,T4CloseButton1_OnClick,T4CloseScript1	Время хода задвижки от открытого состояния к закрытому
T4LatchCalCloseTime10	Integer	СилКорпус / Калибровки хода заслонок / Заслонки транспортера номер 4		T4CalScript10	T4CalScript10,T4CalValueBar,T4CloseButton10_OnClick,T4CloseScript10	Время хода задвижки от открытого состояния к закрытому
T4LatchCalCloseTime2	Integer	СилКорпус / Калибровки хода заслонок / Заслонки транспортера номер 4		T4CalScript2	T4CalScript2,T4CalValueBar,T4CloseButton2_OnClick,T4CloseScript2	Время хода задвижки от открытого состояния к закрытому
T4LatchCalCloseTime3	Integer	СилКорпус / Калибровки хода заслонок / Заслонки транспортера номер 4		T4CalScript3	T4CalScript3,T4CalValueBar,T4CloseButton3_OnClick,T4CloseScript3	Время хода задвижки от открытого состояния к закрытому
T4LatchCalCloseTime4	Integer	СилКорпус / Калибровки хода заслонок / Заслонки транспортера номер 4		T4CalScript4	T4CalScript4,T4CalValueBar,T4CloseButton4_OnClick,T4CloseScript4	Время хода задвижки от открытого состояния к закрытому
T4LatchCalCloseTime5	Integer	СилКорпус / Калибровки хода заслонок / Заслонки транспортера номер 4		T4CalScript5	T4CalScript5,T4CalValueBar,T4CloseButton5_OnClick,T4CloseScript5	Время хода задвижки от открытого состояния к закрытому
T4LatchCalCloseTime6	Integer	СилКорпус / Калибровки хода заслонок / Заслонки транспортера номер 4		T4CalScript6	T4CalScript6,T4CalValueBar,T4CloseButton6_OnClick,T4CloseScript6	Время хода задвижки от открытого состояния к закрытому
T4LatchCalCloseTime7	Integer	СилКорпус / Калибровки хода заслонок / Заслонки транспортера номер 4		T4CalScript7	T4CalScript7,T4CalValueBar,T4CloseButton7_OnClick,T4CloseScript7	Время хода задвижки от открытого состояния к закрытому
T4LatchCalCloseTime8	Integer	СилКорпус / Калибровки хода заслонок / Заслонки транспортера номер 4		T4CalScript8	T4CalScript8,T4CalValueBar,T4CloseButton8_OnClick,T4CloseScript8	Время хода задвижки от открытого состояния к закрытому
T4LatchCalCloseTime9	Integer	СилКорпус / Калибровки хода заслонок / Заслонки транспортера номер 4		T4CalScript9	T4CalScript9,T4CalValueBar,T4CloseButton9_OnClick,T4CloseScript9	Время хода задвижки от открытого состояния к закрытому
T4LatchCalOpenTime1	Integer	СилКорпус / Калибровки хода заслонок / Заслонки транспортера номер 4		T4CalScript1	T4CalScript1,T4CalValueBar,T4OpenButton1_OnClick,T4OpenScript1	Время хода задвижки от закрытого состояния к открытому
T4LatchCalOpenTime10	Integer	СилКорпус / Калибровки хода заслонок / Заслонки транспортера номер 4		T4CalScript10	T4CalScript10,T4CalValueBar,T4OpenButton10_OnClick,T4OpenScript10	Время хода задвижки от закрытого состояния к открытому
T4LatchCalOpenTime2	Integer	СилКорпус / Калибровки хода заслонок / Заслонки транспортера номер 4		T4CalScript2	T4CalScript2,T4CalValueBar,T4OpenButton2_OnClick,T4OpenScript2	Время хода задвижки от закрытого состояния к открытому
T4LatchCalOpenTime3	Integer	СилКорпус / Калибровки хода заслонок / Заслонки транспортера номер 4		T4CalScript3	T4CalScript3,T4CalValueBar,T4OpenButton3_OnClick,T4OpenScript3	Время хода задвижки от закрытого состояния к открытому
T4LatchCalOpenTime4	Integer	СилКорпус / Калибровки хода заслонок / Заслонки транспортера номер 4		T4CalScript4	T4CalScript4,T4CalValueBar,T4OpenButton4_OnClick,T4OpenScript4	Время хода задвижки от закрытого состояния к открытому
T4LatchCalOpenTime5	Integer	СилКорпус / Калибровки хода заслонок / Заслонки транспортера номер 4		T4CalScript5	T4CalScript5,T4CalValueBar,T4OpenButton5_OnClick,T4OpenScript5	Время хода задвижки от закрытого состояния к открытому
T4LatchCalOpenTime6	Integer	СилКорпус / Калибровки хода заслонок / Заслонки транспортера номер 4		T4CalScript6	T4CalScript6,T4CalValueBar,T4OpenButton6_OnClick,T4OpenScript6	Время хода задвижки от закрытого состояния к открытому
T4LatchCalOpenTime7	Integer	СилКорпус / Калибровки хода заслонок / Заслонки транспортера номер 4		T4CalScript7	T4CalScript7,T4CalValueBar,T4OpenButton7_OnClick,T4OpenScript7	Время хода задвижки от закрытого состояния к открытому
T4LatchCalOpenTime8	Integer	СилКорпус / Калибровки хода заслонок / Заслонки транспортера номер 4		T4CalScript8	T4CalScript8,T4CalValueBar,T4OpenButton8_OnClick,T4OpenScript8	Время хода задвижки от закрытого состояния к открытому
T4LatchCalOpenTime9	Integer	СилКорпус / Калибровки хода заслонок / Заслонки транспортера номер 4		T4CalScript9	T4CalScript9,T4CalValueBar,T4OpenButton9_OnClick,T4OpenScript9	Время хода задвижки от закрытого состояния к открытому
T4LatchClose1	Boolean	СилКорпус / Входные переменные / Заслонки транспортера номер 4	|var|PLC210 (Arm32bit + Linux ).Application.PLC_PRG.t4DI2		T4CalScript1,T4CloseScript1,T4LatchMnemo	Входое реле концевика закрытого состояния задвижки
T4LatchClose10	Boolean	СилКорпус / Входные переменные / Заслонки транспортера номер 4	|var|PLC210 (Arm32bit + Linux ).Application.PLC_PRG.t4DI20		T4CalScript10,T4CloseScript10,T4LatchMnemo	Входое реле концевика закрытого состояния задвижки
T4LatchClose2	Boolean	СилКорпус / Входные переменные / Заслонки транспортера номер 4	|var|PLC210 (Arm32bit + Linux ).Application.PLC_PRG.t4DI4		T4CalScript2,T4CloseScript2,T4LatchMnemo	Входое реле концевика закрытого состояния задвижки
T4LatchClose3	Boolean	СилКорпус / Входные переменные / Заслонки транспортера номер 4	|var|PLC210 (Arm32bit + Linux ).Application.PLC_PRG.t4DI6		T4CalScript3,T4CloseScript3,T4LatchMnemo	Входое реле концевика закрытого состояния задвижки
T4LatchClose4	Boolean	СилКорпус / Входные переменные / Заслонки транспортера номер 4	|var|PLC210 (Arm32bit + Linux ).Application.PLC_PRG.t4DI8		T4CalScript4,T4CloseScript4,T4LatchMnemo	Входое реле концевика закрытого состояния задвижки
T4LatchClose5	Boolean	СилКорпус / Входные переменные / Заслонки транспортера номер 4	|var|PLC210 (Arm32bit + Linux ).Application.PLC_PRG.t4DI10		T4CalScript5,T4CloseScript5,T4LatchMnemo	Входое реле концевика закрытого состояния задвижки
T4LatchClose6	Boolean	СилКорпус / Входные переменные / Заслонки транспортера номер 4	|var|PLC210 (Arm32bit + Linux ).Application.PLC_PRG.t4DI12		T4CalScript6,T4CloseScript6,T4LatchMnemo	Входое реле концевика закрытого состояния задвижки
T4LatchClose7	Boolean	СилКорпус / Входные переменные / Заслонки транспортера номер 4	|var|PLC210 (Arm32bit + Linux ).Application.PLC_PRG.t4DI14		T4CalScript7,T4CloseScript7,T4LatchMnemo	Входое реле концевика закрытого состояния задвижки
T4LatchClose8	Boolean	СилКорпус / Входные переменные / Заслонки транспортера номер 4	|var|PLC210 (Arm32bit + Linux ).Application.PLC_PRG.t4DI16		T4CalScript8,T4CloseScript8,T4LatchMnemo	Входое реле концевика закрытого состояния задвижки
T4LatchClose9	Boolean	СилКорпус / Входные переменные / Заслонки транспортера номер 4	|var|PLC210 (Arm32bit + Linux ).Application.PLC_PRG.t4DI18		T4CalScript9,T4CloseScript9,T4LatchMnemo	Входое реле концевика закрытого состояния задвижки
T4LatchOpen1	Boolean	СилКорпус / Входные переменные / Заслонки транспортера номер 4	|var|PLC210 (Arm32bit + Linux ).Application.PLC_PRG.t4DI1		T4CalScript1,T4LatchMnemo,T4OpenScript1	Входое реле концевика открытого состояния задвижки
T4LatchOpen10	Boolean	СилКорпус / Входные переменные / Заслонки транспортера номер 4	|var|PLC210 (Arm32bit + Linux ).Application.PLC_PRG.t4DI19		T4CalScript10,T4LatchMnemo,T4OpenScript10	Входое реле концевика открытого состояния задвижки
T4LatchOpen2	Boolean	СилКорпус / Входные переменные / Заслонки транспортера номер 4	|var|PLC210 (Arm32bit + Linux ).Application.PLC_PRG.t4DI3		T4CalScript2,T4LatchMnemo,T4OpenScript2	Входое реле концевика открытого состояния задвижки
T4LatchOpen3	Boolean	СилКорпус / Входные переменные / Заслонки транспортера номер 4	|var|PLC210 (Arm32bit + Linux ).Application.PLC_PRG.t4DI5		T4CalScript3,T4LatchMnemo,T4OpenScript3	Входое реле концевика открытого состояния задвижки
T4LatchOpen4	Boolean	СилКорпус / Входные переменные / Заслонки транспортера номер 4	|var|PLC210 (Arm32bit + Linux ).Application.PLC_PRG.t4DI7		T4CalScript4,T4LatchMnemo,T4OpenScript4	Входое реле концевика открытого состояния задвижки
T4LatchOpen5	Boolean	СилКорпус / Входные переменные / Заслонки транспортера номер 4	|var|PLC210 (Arm32bit + Linux ).Application.PLC_PRG.t4DI9		T4CalScript5,T4LatchMnemo,T4OpenScript5	Входое реле концевика открытого состояния задвижки
T4LatchOpen6	Boolean	СилКорпус / Входные переменные / Заслонки транспортера номер 4	|var|PLC210 (Arm32bit + Linux ).Application.PLC_PRG.t4DI11		T4CalScript6,T4LatchMnemo,T4OpenScript6	Входое реле концевика открытого состояния задвижки
T4LatchOpen7	Boolean	СилКорпус / Входные переменные / Заслонки транспортера номер 4	|var|PLC210 (Arm32bit + Linux ).Application.PLC_PRG.t4DI13		T4CalScript7,T4LatchMnemo,T4OpenScript7	Входое реле концевика открытого состояния задвижки
T4LatchOpen8	Boolean	СилКорпус / Входные переменные / Заслонки транспортера номер 4	|var|PLC210 (Arm32bit + Linux ).Application.PLC_PRG.t4DI15		T4CalScript8,T4LatchMnemo,T4OpenScript8	Входое реле концевика открытого состояния задвижки
T4LatchOpen9	Boolean	СилКорпус / Входные переменные / Заслонки транспортера номер 4	|var|PLC210 (Arm32bit + Linux ).Application.PLC_PRG.t4DI17		T4CalScript9,T4LatchMnemo,T4OpenScript9	Входое реле концевика открытого состояния задвижки
T4LatchRunClose	Boolean	СилКорпус / Выходные переменные / Заслонки транспортера номер 4	|var|PLC210 (Arm32bit + Linux ).Application.PLC_PRG.t4DO12	T4BlockOffButton_OnClick,T4CalScript1,T4CalScript10,T4CalScript2,T4CalScript3,T4CalScript4,T4CalScript5,T4CalScript6,T4CalScript7,T4CalScript8,T4CalScript9,T4CloseScript1,T4CloseScript10,T4CloseScript2,T4CloseScript3,T4CloseScript4,T4CloseScript5,T4CloseScript6,T4CloseScript7,T4CloseScript8,T4CloseScript9	T4CalScript1,T4CalScript10,T4CalScript2,T4CalScript3,T4CalScript4,T4CalScript5,T4CalScript6,T4CalScript7,T4CalScript8,T4CalScript9,T4LightControl	Выходное реле для закрытия выбранной заслонки
T4LatchRunOpen	Boolean	СилКорпус / Выходные переменные / Заслонки транспортера номер 4	|var|PLC210 (Arm32bit + Linux ).Application.PLC_PRG.t4DO11	T4BlockOffButton_OnClick,T4CalScript1,T4CalScript10,T4CalScript2,T4CalScript3,T4CalScript4,T4CalScript5,T4CalScript6,T4CalScript7,T4CalScript8,T4CalScript9,T4OpenScript1,T4OpenScript10,T4OpenScript2,T4OpenScript3,T4OpenScript4,T4OpenScript5,T4OpenScript6,T4OpenScript7,T4OpenScript8,T4OpenScript9	T4CalScript1,T4CalScript10,T4CalScript2,T4CalScript3,T4CalScript4,T4CalScript5,T4CalScript6,T4CalScript7,T4CalScript8,T4CalScript9,T4LightControl	Выходное реле для открытия выбранной заслонки
T4LatchSelect1	Boolean	СилКорпус / Выходные переменные / Заслонки транспортера номер 4	|var|PLC210 (Arm32bit + Linux ).Application.PLC_PRG.t4DO1	T4BlockOffButton_OnClick,T4CalScript1,T4CloseScript1,T4OpenScript1	T4LightControl	Выходное реле выбора заслонки для управления
T4LatchSelect10	Boolean	СилКорпус / Выходные переменные / Заслонки транспортера номер 4	|var|PLC210 (Arm32bit + Linux ).Application.PLC_PRG.t4DO10	T4BlockOffButton_OnClick,T4CalScript10,T4CloseScript10,T4OpenScript10	T4LightControl	Выходное реле выбора заслонки для управления
T4LatchSelect2	Boolean	СилКорпус / Выходные переменные / Заслонки транспортера номер 4	|var|PLC210 (Arm32bit + Linux ).Application.PLC_PRG.t4DO2	T4BlockOffButton_OnClick,T4CalScript2,T4CloseScript2,T4OpenScript2	T4LightControl	Выходное реле выбора заслонки для управления
T4LatchSelect3	Boolean	СилКорпус / Выходные переменные / Заслонки транспортера номер 4	|var|PLC210 (Arm32bit + Linux ).Application.PLC_PRG.t4DO3	T4BlockOffButton_OnClick,T4CalScript3,T4CloseScript3,T4OpenScript3	T4LightControl	Выходное реле выбора заслонки для управления
T4LatchSelect4	Boolean	СилКорпус / Выходные переменные / Заслонки транспортера номер 4	|var|PLC210 (Arm32bit + Linux ).Application.PLC_PRG.t4DO4	T4BlockOffButton_OnClick,T4CalScript4,T4CloseScript4,T4OpenScript4	T4LightControl	Выходное реле выбора заслонки для управления
T4LatchSelect5	Boolean	СилКорпус / Выходные переменные / Заслонки транспортера номер 4	|var|PLC210 (Arm32bit + Linux ).Application.PLC_PRG.t4DO5	T4BlockOffButton_OnClick,T4CalScript5,T4CloseScript5,T4OpenScript5	T4LightControl	Выходное реле выбора заслонки для управления
T4LatchSelect6	Boolean	СилКорпус / Выходные переменные / Заслонки транспортера номер 4	|var|PLC210 (Arm32bit + Linux ).Application.PLC_PRG.t4DO6	T4BlockOffButton_OnClick,T4CalScript6,T4CloseScript6,T4OpenScript6	T4LightControl	Выходное реле выбора заслонки для управления
T4LatchSelect7	Boolean	СилКорпус / Выходные переменные / Заслонки транспортера номер 4	|var|PLC210 (Arm32bit + Linux ).Application.PLC_PRG.t4DO7	T4BlockOffButton_OnClick,T4CalScript7,T4CloseScript7,T4OpenScript7	T4LightControl	Выходное реле выбора заслонки для управления
T4LatchSelect8	Boolean	СилКорпус / Выходные переменные / Заслонки транспортера номер 4	|var|PLC210 (Arm32bit + Linux ).Application.PLC_PRG.t4DO8	T4BlockOffButton_OnClick,T4CalScript8,T4CloseScript8,T4OpenScript8	T4LightControl	Выходное реле выбора заслонки для управления
T4LatchSelect9	Boolean	СилКорпус / Выходные переменные / Заслонки транспортера номер 4	|var|PLC210 (Arm32bit + Linux ).Application.PLC_PRG.t4DO9	T4BlockOffButton_OnClick,T4CalScript9,T4CloseScript9,T4OpenScript9	T4LightControl	Выходное реле выбора заслонки для управления
T4LatchStatus1	Word	СилКорпус / Статусы механизмов / Заслонки транспортера номер 4				Статус заслонки транспортера
T4LatchStatus10	Word	СилКорпус / Статусы механизмов / Заслонки транспортера номер 4				Статус заслонки транспортера
T4LatchStatus2	Word	СилКорпус / Статусы механизмов / Заслонки транспортера номер 4				Статус заслонки транспортера
T4LatchStatus3	Word	СилКорпус / Статусы механизмов / Заслонки транспортера номер 4				Статус заслонки транспортера
T4LatchStatus4	Word	СилКорпус / Статусы механизмов / Заслонки транспортера номер 4				Статус заслонки транспортера
T4LatchStatus5	Word	СилКорпус / Статусы механизмов / Заслонки транспортера номер 4				Статус заслонки транспортера
T4LatchStatus6	Word	СилКорпус / Статусы механизмов / Заслонки транспортера номер 4				Статус заслонки транспортера
T4LatchStatus7	Word	СилКорпус / Статусы механизмов / Заслонки транспортера номер 4				Статус заслонки транспортера
T4LatchStatus8	Word	СилКорпус / Статусы механизмов / Заслонки транспортера номер 4				Статус заслонки транспортера
T4LatchStatus9	Word	СилКорпус / Статусы механизмов / Заслонки транспортера номер 4				Статус заслонки транспортера
T4LatchStatusByte1	Byte	СилКорпус / Статусы механизмов / Заслонки транспортера номер 4		T4CalScript1,T4CloseScript1,T4ErrorOffButton_OnClick,T4LatchMnemo,T4OpenScript1	T4CalButton1_OnClick,T4CalScript1,T4CloseButton1_OnClick,T4LatchStatusBar,T4OpenButton1_OnClick	Статус заслонки транспортера в битах для формирования сообщений
T4LatchStatusByte10	Byte	СилКорпус / Статусы механизмов / Заслонки транспортера номер 4		T4CalScript10,T4CloseScript10,T4ErrorOffButton_OnClick,T4LatchMnemo,T4OpenScript10	T4CalButton10_OnClick,T4CalScript10,T4CloseButton10_OnClick,T4LatchStatusBar,T4OpenButton10_OnClick	Статус заслонки транспортера в битах для формирования сообщений
T4LatchStatusByte2	Byte	СилКорпус / Статусы механизмов / Заслонки транспортера номер 4		T4CalScript2,T4CloseScript2,T4ErrorOffButton_OnClick,T4LatchMnemo,T4OpenScript2	T4CalButton2_OnClick,T4CalScript2,T4CloseButton2_OnClick,T4LatchStatusBar,T4OpenButton2_OnClick	Статус заслонки транспортера в битах для формирования сообщений
T4LatchStatusByte3	Byte	СилКорпус / Статусы механизмов / Заслонки транспортера номер 4		T4CalScript3,T4CloseScript3,T4ErrorOffButton_OnClick,T4LatchMnemo,T4OpenScript3	T4CalButton3_OnClick,T4CalScript3,T4CloseButton3_OnClick,T4LatchStatusBar,T4OpenButton3_OnClick,T5CloseButton3_OnClick	Статус заслонки транспортера в битах для формирования сообщений
T4LatchStatusByte4	Byte	СилКорпус / Статусы механизмов / Заслонки транспортера номер 4		T4CalScript4,T4CloseScript4,T4ErrorOffButton_OnClick,T4LatchMnemo,T4OpenScript4	T4CalButton4_OnClick,T4CalScript4,T4CloseButton4_OnClick,T4LatchStatusBar,T4OpenButton4_OnClick	Статус заслонки транспортера в битах для формирования сообщений
T4LatchStatusByte5	Byte	СилКорпус / Статусы механизмов / Заслонки транспортера номер 4		T4CalScript5,T4CloseScript5,T4ErrorOffButton_OnClick,T4LatchMnemo,T4OpenScript5	T4CalButton5_OnClick,T4CalScript5,T4CloseButton5_OnClick,T4LatchStatusBar,T4OpenButton5_OnClick	Статус заслонки транспортера в битах для формирования сообщений
T4LatchStatusByte6	Byte	СилКорпус / Статусы механизмов / Заслонки транспортера номер 4		T4CalScript6,T4CloseScript6,T4ErrorOffButton_OnClick,T4LatchMnemo,T4OpenScript6	T4CalButton6_OnClick,T4CalScript6,T4CloseButton6_OnClick,T4LatchStatusBar,T4OpenButton6_OnClick	Статус заслонки транспортера в битах для формирования сообщений
T4LatchStatusByte7	Byte	СилКорпус / Статусы механизмов / Заслонки транспортера номер 4		T4CalScript7,T4CloseScript7,T4ErrorOffButton_OnClick,T4LatchMnemo,T4OpenScript7	T4CalButton7_OnClick,T4CalScript7,T4CloseButton7_OnClick,T4LatchStatusBar,T4OpenButton7_OnClick	Статус заслонки транспортера в битах для формирования сообщений
T4LatchStatusByte8	Byte	СилКорпус / Статусы механизмов / Заслонки транспортера номер 4		T4CalScript8,T4CloseScript8,T4ErrorOffButton_OnClick,T4LatchMnemo,T4OpenScript8	T4CalButton8_OnClick,T4CalScript8,T4CloseButton8_OnClick,T4LatchStatusBar,T4OpenButton8_OnClick	Статус заслонки транспортера в битах для формирования сообщений
T4LatchStatusByte9	Byte	СилКорпус / Статусы механизмов / Заслонки транспортера номер 4		T4CalScript9,T4CloseScript9,T4ErrorOffButton_OnClick,T4LatchMnemo,T4OpenScript9	T4CalButton9_OnClick,T4CalScript9,T4CloseButton9_OnClick,T4LatchStatusBar,T4OpenButton9_OnClick	Статус заслонки транспортера в битах для формирования сообщений
T4OpenStatus1	Boolean	СилКорпус / Переменные управления заслонками / Заслонки транспортера номер 4		T4BlockOffButton_OnClick,T4OpenButton1_OnClick,T4OpenScript1	T4OpenScript1	Переменная для пуска алгоритма открытия заслонки
T4OpenStatus10	Boolean	СилКорпус / Переменные управления заслонками / Заслонки транспортера номер 4		T4BlockOffButton_OnClick,T4OpenButton10_OnClick,T4OpenScript10	T4OpenScript10	Переменная для пуска алгоритма открытия заслонки
T4OpenStatus2	Boolean	СилКорпус / Переменные управления заслонками / Заслонки транспортера номер 4		T4BlockOffButton_OnClick,T4OpenButton2_OnClick,T4OpenScript2	T4OpenScript2	Переменная для пуска алгоритма открытия заслонки
T4OpenStatus3	Boolean	СилКорпус / Переменные управления заслонками / Заслонки транспортера номер 4		T4BlockOffButton_OnClick,T4OpenButton3_OnClick,T4OpenScript3	T4OpenScript3	Переменная для пуска алгоритма открытия заслонки
T4OpenStatus4	Boolean	СилКорпус / Переменные управления заслонками / Заслонки транспортера номер 4		T4BlockOffButton_OnClick,T4OpenButton4_OnClick,T4OpenScript4	T4OpenScript4	Переменная для пуска алгоритма открытия заслонки
T4OpenStatus5	Boolean	СилКорпус / Переменные управления заслонками / Заслонки транспортера номер 4		T4BlockOffButton_OnClick,T4OpenButton5_OnClick,T4OpenScript5	T4OpenScript5	Переменная для пуска алгоритма открытия заслонки
T4OpenStatus6	Boolean	СилКорпус / Переменные управления заслонками / Заслонки транспортера номер 4		T4BlockOffButton_OnClick,T4OpenButton6_OnClick,T4OpenScript6	T4OpenScript6	Переменная для пуска алгоритма открытия заслонки
T4OpenStatus7	Boolean	СилКорпус / Переменные управления заслонками / Заслонки транспортера номер 4		T4BlockOffButton_OnClick,T4OpenButton7_OnClick,T4OpenScript7	T4OpenScript7	Переменная для пуска алгоритма открытия заслонки
T4OpenStatus8	Boolean	СилКорпус / Переменные управления заслонками / Заслонки транспортера номер 4		T4BlockOffButton_OnClick,T4OpenButton8_OnClick,T4OpenScript8	T4OpenScript8	Переменная для пуска алгоритма открытия заслонки
T4OpenStatus9	Boolean	СилКорпус / Переменные управления заслонками / Заслонки транспортера номер 4		T4BlockOffButton_OnClick,T4OpenButton9_OnClick,T4OpenScript9	T4OpenScript9	Переменная для пуска алгоритма открытия заслонки
T4OpenTimer1	Integer	СилКорпус / Таймеры / Заслонки транспортера номер 4		T4BlockOffButton_OnClick,T4OpenScript1	T4OpenScript1	Таймер алгоритма открытия заслонки
T4OpenTimer10	Integer	СилКорпус / Таймеры / Заслонки транспортера номер 4		T4BlockOffButton_OnClick,T4OpenScript10	T4OpenScript10	Таймер алгоритма открытия заслонки
T4OpenTimer2	Integer	СилКорпус / Таймеры / Заслонки транспортера номер 4		T4BlockOffButton_OnClick,T4OpenScript2	T4OpenScript2	Таймер алгоритма открытия заслонки
T4OpenTimer3	Integer	СилКорпус / Таймеры / Заслонки транспортера номер 4		T4BlockOffButton_OnClick,T4OpenScript3	T4OpenScript3	Таймер алгоритма открытия заслонки
T4OpenTimer4	Integer	СилКорпус / Таймеры / Заслонки транспортера номер 4		T4BlockOffButton_OnClick,T4OpenScript4	T4OpenScript4	Таймер алгоритма открытия заслонки
T4OpenTimer5	Integer	СилКорпус / Таймеры / Заслонки транспортера номер 4		T4BlockOffButton_OnClick,T4OpenScript5	T4OpenScript5	Таймер алгоритма открытия заслонки
T4OpenTimer6	Integer	СилКорпус / Таймеры / Заслонки транспортера номер 4		T4BlockOffButton_OnClick,T4OpenScript6	T4OpenScript6	Таймер алгоритма открытия заслонки
T4OpenTimer7	Integer	СилКорпус / Таймеры / Заслонки транспортера номер 4		T4BlockOffButton_OnClick,T4OpenScript7	T4OpenScript7	Таймер алгоритма открытия заслонки
T4OpenTimer8	Integer	СилКорпус / Таймеры / Заслонки транспортера номер 4		T4BlockOffButton_OnClick,T4OpenScript8	T4OpenScript8	Таймер алгоритма открытия заслонки
T4OpenTimer9	Integer	СилКорпус / Таймеры / Заслонки транспортера номер 4		T4BlockOffButton_OnClick,T4OpenScript9	T4OpenScript9	Таймер алгоритма открытия заслонки
T4Power	Single	СилКорпус / Входные переменные / Переменные телеметрии Частотных преобразователей	|var|PLC210 (Arm32bit + Linux ).Application.PLC_PRG.t4Power			Значение потребляемой мощности транспортера
T4TargerFreq	Single	СилКорпус / Выходные переменные / Задание частоты ЧП транспортеров		T1toT7StartFreq	T4FreqTarget	
T5BlockSelectStatus	Boolean	СилКорпус / Переменные управления заслонками / Заслонки транспортера номер 5		T5BlockOffButton_OnClick,T5CalButton1_OnClick,T5CalButton2_OnClick,T5CalButton3_OnClick,T5CalButton4_OnClick,T5CalButton5_OnClick,T5CalButton6_OnClick,T5CalButton7_OnClick,T5CalButton8_OnClick,T5CalScript1,T5CalScript2,T5CalScript3,T5CalScript4,T5CalScript5,T5CalScript6,T5CalScript7,T5CalScript8,T5CloseButton1_OnClick,T5CloseButton2_OnClick,T5CloseButton4_OnClick,T5CloseButton5_OnClick,T5CloseButton6_OnClick,T5CloseButton7_OnClick,T5CloseButton8_OnClick,T5CloseScript1,T5CloseScript2,T5CloseScript3,T5CloseScript4,T5CloseScript5,T5CloseScript6,T5CloseScript7,T5CloseScript8,T5OpenButton1_OnClick,T5OpenButton2_OnClick,T5OpenButton3_OnClick,T5OpenButton4_OnClick,T5OpenButton5_OnClick,T5OpenButton6_OnClick,T5OpenButton7_OnClick,T5OpenButton8_OnClick,T5OpenScript1,T5OpenScript2,T5OpenScript3,T5OpenScript4,T5OpenScript5,T5OpenScript6,T5OpenScript7,T5OpenScript8	T5CalButton1_OnClick,T5CalButton2_OnClick,T5CalButton3_OnClick,T5CalButton4_OnClick,T5CalButton5_OnClick,T5CalButton6_OnClick,T5CalButton7_OnClick,T5CalButton8_OnClick,T5CloseButton1_OnClick,T5CloseButton2_OnClick,T5CloseButton4_OnClick,T5CloseButton5_OnClick,T5CloseButton6_OnClick,T5CloseButton7_OnClick,T5CloseButton8_OnClick,T5LatchMnemo,T5OpenButton1_OnClick,T5OpenButton2_OnClick,T5OpenButton3_OnClick,T5OpenButton4_OnClick,T5OpenButton5_OnClick,T5OpenButton6_OnClick,T5OpenButton7_OnClick,T5OpenButton8_OnClick	Переменная для блокировки управления заслонками транспортера
T5CalStatus1	Boolean	СилКорпус / Переменные управления заслонками / Заслонки транспортера номер 5		T5BlockOffButton_OnClick,T5CalButton1_OnClick,T5CalScript1	T5CalScript1	Переменная для пуска алгоритма калибровки заслонки
T5CalStatus2	Boolean	СилКорпус / Переменные управления заслонками / Заслонки транспортера номер 5		T5BlockOffButton_OnClick,T5CalButton2_OnClick,T5CalScript2	T5CalScript2	Переменная для пуска алгоритма калибровки заслонки
T5CalStatus3	Boolean	СилКорпус / Переменные управления заслонками / Заслонки транспортера номер 5		T5BlockOffButton_OnClick,T5CalButton3_OnClick,T5CalScript3	T5CalScript3	Переменная для пуска алгоритма калибровки заслонки
T5CalStatus4	Boolean	СилКорпус / Переменные управления заслонками / Заслонки транспортера номер 5		T5BlockOffButton_OnClick,T5CalButton4_OnClick,T5CalScript4	T5CalScript4	Переменная для пуска алгоритма калибровки заслонки
T5CalStatus5	Boolean	СилКорпус / Переменные управления заслонками / Заслонки транспортера номер 5		T5BlockOffButton_OnClick,T5CalButton5_OnClick,T5CalScript5	T5CalScript5	Переменная для пуска алгоритма калибровки заслонки
T5CalStatus6	Boolean	СилКорпус / Переменные управления заслонками / Заслонки транспортера номер 5		T5BlockOffButton_OnClick,T5CalButton6_OnClick,T5CalScript6	T5CalScript6	Переменная для пуска алгоритма калибровки заслонки
T5CalStatus7	Boolean	СилКорпус / Переменные управления заслонками / Заслонки транспортера номер 5		T5BlockOffButton_OnClick,T5CalButton7_OnClick,T5CalScript7	T5CalScript7	Переменная для пуска алгоритма калибровки заслонки
T5CalStatus8	Boolean	СилКорпус / Переменные управления заслонками / Заслонки транспортера номер 5		T5BlockOffButton_OnClick,T5CalButton8_OnClick,T5CalScript8	T5CalScript8	Переменная для пуска алгоритма калибровки заслонки
T5CalTimer1	Integer	СилКорпус / Таймеры / Заслонки транспортера номер 5		T5BlockOffButton_OnClick,T5CalScript1	T5CalScript1	Таймер алгоритма калибровки заслонки
T5CalTimer2	Integer	СилКорпус / Таймеры / Заслонки транспортера номер 5		T5BlockOffButton_OnClick,T5CalScript2	T5CalScript2	Таймер алгоритма калибровки заслонки
T5CalTimer3	Integer	СилКорпус / Таймеры / Заслонки транспортера номер 5		T5BlockOffButton_OnClick,T5CalScript3	T5CalScript3	Таймер алгоритма калибровки заслонки
T5CalTimer4	Integer	СилКорпус / Таймеры / Заслонки транспортера номер 5		T5BlockOffButton_OnClick,T5CalScript4	T5CalScript4	Таймер алгоритма калибровки заслонки
T5CalTimer5	Integer	СилКорпус / Таймеры / Заслонки транспортера номер 5		T5BlockOffButton_OnClick,T5CalScript5	T5CalScript5	Таймер алгоритма калибровки заслонки
T5CalTimer6	Integer	СилКорпус / Таймеры / Заслонки транспортера номер 5		T5BlockOffButton_OnClick,T5CalScript6	T5CalScript6	Таймер алгоритма калибровки заслонки
T5CalTimer7	Integer	СилКорпус / Таймеры / Заслонки транспортера номер 5		T5BlockOffButton_OnClick,T5CalScript7	T5CalScript7	Таймер алгоритма калибровки заслонки
T5CalTimer8	Integer	СилКорпус / Таймеры / Заслонки транспортера номер 5		T5BlockOffButton_OnClick,T5CalScript8	T5CalScript8	Таймер алгоритма калибровки заслонки
T5ClapBlockSelectStatus	Boolean	СилКорпус / Переменные управления заслонками / Заслонки транспортера номер 5		T5ClapBlockOffButton_OnClick,T5ClapCalButton1_OnClick,T5ClapCalButton2_OnClick,T5ClapCalButton3_OnClick,T5ClapCalButton4_OnClick,T5ClapCalButton5_OnClick,T5ClapCalButton6_OnClick,T5ClapCalButton7_OnClick,T5ClapCalButton8_OnClick,T5ClapCalScript1,T5ClapCalScript2,T5ClapCalScript3,T5ClapCalScript4,T5ClapCalScript5,T5ClapCalScript6,T5ClapCalScript7,T5ClapCalScript8,T5ClapCloseButton1_OnClick,T5ClapCloseButton2_OnClick,T5ClapCloseButton3_OnClick,T5ClapCloseButton4_OnClick,T5ClapCloseButton5_OnClick,T5ClapCloseButton6_OnClick,T5ClapCloseButton7_OnClick,T5ClapCloseButton8_OnClick,T5ClapCloseScript1,T5ClapCloseScript2,T5ClapCloseScript3,T5ClapCloseScript4,T5ClapCloseScript5,T5ClapCloseScript6,T5ClapCloseScript7,T5ClapCloseScript8,T5ClapOpenButton1_OnClick,T5ClapOpenButton2_OnClick,T5ClapOpenButton3_OnClick,T5ClapOpenButton4_OnClick,T5ClapOpenButton5_OnClick,T5ClapOpenButton6_OnClick,T5ClapOpenButton7_OnClick,T5ClapOpenButton8_OnClick,T5ClapOpenScript1,T5ClapOpenScript2,T5ClapOpenScript3,T5ClapOpenScript4,T5ClapOpenScript5,T5ClapOpenScript6,T5ClapOpenScript7,T5ClapOpenScript8	T5ClapCalButton1_OnClick,T5ClapCalButton2_OnClick,T5ClapCalButton3_OnClick,T5ClapCalButton4_OnClick,T5ClapCalButton5_OnClick,T5ClapCalButton6_OnClick,T5ClapCalButton7_OnClick,T5ClapCalButton8_OnClick,T5ClapCloseButton1_OnClick,T5ClapCloseButton2_OnClick,T5ClapCloseButton3_OnClick,T5ClapCloseButton4_OnClick,T5ClapCloseButton5_OnClick,T5ClapCloseButton6_OnClick,T5ClapCloseButton7_OnClick,T5ClapCloseButton8_OnClick,T5ClapLatchMnemo,T5ClapOpenButton1_OnClick,T5ClapOpenButton2_OnClick,T5ClapOpenButton3_OnClick,T5ClapOpenButton4_OnClick,T5ClapOpenButton5_OnClick,T5ClapOpenButton6_OnClick,T5ClapOpenButton7_OnClick,T5ClapOpenButton8_OnClick	Переменная для блокировки управления заслонками транспортера
T5ClapCalStatus1	Boolean	СилКорпус / Переменные управления заслонками / Заслонки транспортера номер 5		T5ClapBlockOffButton_OnClick,T5ClapCalButton1_OnClick,T5ClapCalScript1	T5ClapCalScript1	Переменная для пуска алгоритма калибровки заслонки
T5ClapCalStatus2	Boolean	СилКорпус / Переменные управления заслонками / Заслонки транспортера номер 5		T5ClapBlockOffButton_OnClick,T5ClapCalButton2_OnClick,T5ClapCalScript2	T5ClapCalScript2	Переменная для пуска алгоритма калибровки заслонки
T5ClapCalStatus3	Boolean	СилКорпус / Переменные управления заслонками / Заслонки транспортера номер 5		T5ClapBlockOffButton_OnClick,T5ClapCalButton3_OnClick,T5ClapCalScript3	T5ClapCalScript3	Переменная для пуска алгоритма калибровки заслонки
T5ClapCalStatus4	Boolean	СилКорпус / Переменные управления заслонками / Заслонки транспортера номер 5		T5ClapBlockOffButton_OnClick,T5ClapCalButton4_OnClick,T5ClapCalScript4	T5ClapCalScript4	Переменная для пуска алгоритма калибровки заслонки
T5ClapCalStatus5	Boolean	СилКорпус / Переменные управления заслонками / Заслонки транспортера номер 5		T5ClapBlockOffButton_OnClick,T5ClapCalButton5_OnClick,T5ClapCalScript5	T5ClapCalScript5	Переменная для пуска алгоритма калибровки заслонки
T5ClapCalStatus6	Boolean	СилКорпус / Переменные управления заслонками / Заслонки транспортера номер 5		T5ClapBlockOffButton_OnClick,T5ClapCalButton6_OnClick,T5ClapCalScript6	T5ClapCalScript6	Переменная для пуска алгоритма калибровки заслонки
T5ClapCalStatus7	Boolean	СилКорпус / Переменные управления заслонками / Заслонки транспортера номер 5		T5ClapBlockOffButton_OnClick,T5ClapCalButton7_OnClick,T5ClapCalScript7	T5ClapCalScript7	Переменная для пуска алгоритма калибровки заслонки
T5ClapCalStatus8	Boolean	СилКорпус / Переменные управления заслонками / Заслонки транспортера номер 5		T5ClapBlockOffButton_OnClick,T5ClapCalButton8_OnClick,T5ClapCalScript8	T5ClapCalScript8	Переменная для пуска алгоритма калибровки заслонки
T5ClapCalTimer1	Integer	СилКорпус / Таймеры / Заслонки транспортера номер 5		T5ClapBlockOffButton_OnClick,T5ClapCalScript1	T5ClapCalScript1	Таймер алгоритма калибровки заслонки
T5ClapCalTimer2	Integer	СилКорпус / Таймеры / Заслонки транспортера номер 5		T5ClapBlockOffButton_OnClick,T5ClapCalScript2	T5ClapCalScript2	Таймер алгоритма калибровки заслонки
T5ClapCalTimer3	Integer	СилКорпус / Таймеры / Заслонки транспортера номер 5		T5ClapBlockOffButton_OnClick,T5ClapCalScript3	T5ClapCalScript3	Таймер алгоритма калибровки заслонки
T5ClapCalTimer4	Integer	СилКорпус / Таймеры / Заслонки транспортера номер 5		T5ClapBlockOffButton_OnClick,T5ClapCalScript4	T5ClapCalScript4	Таймер алгоритма калибровки заслонки
T5ClapCalTimer5	Integer	СилКорпус / Таймеры / Заслонки транспортера номер 5		T5ClapBlockOffButton_OnClick,T5ClapCalScript5	T5ClapCalScript5	Таймер алгоритма калибровки заслонки
T5ClapCalTimer6	Integer	СилКорпус / Таймеры / Заслонки транспортера номер 5		T5ClapBlockOffButton_OnClick,T5ClapCalScript6	T5ClapCalScript6	Таймер алгоритма калибровки заслонки
T5ClapCalTimer7	Integer	СилКорпус / Таймеры / Заслонки транспортера номер 5		T5ClapBlockOffButton_OnClick,T5ClapCalScript7	T5ClapCalScript7	Таймер алгоритма калибровки заслонки
T5ClapCalTimer8	Integer	СилКорпус / Таймеры / Заслонки транспортера номер 5		T5ClapBlockOffButton_OnClick,T5ClapCalScript8	T5ClapCalScript8	Таймер алгоритма калибровки заслонки
T5ClapCloseStatus1	Boolean	СилКорпус / Переменные управления заслонками / Заслонки транспортера номер 5		T5ClapBlockOffButton_OnClick,T5ClapCalScript1,T5ClapCloseButton1_OnClick,T5ClapCloseScript1	T5ClapCloseScript1	Переменная для пуска алгоритма закрытия заслонки
T5ClapCloseStatus2	Boolean	СилКорпус / Переменные управления заслонками / Заслонки транспортера номер 5		T5ClapBlockOffButton_OnClick,T5ClapCalScript2,T5ClapCloseButton2_OnClick,T5ClapCloseScript2	T5ClapCloseScript2	Переменная для пуска алгоритма закрытия заслонки
T5ClapCloseStatus3	Boolean	СилКорпус / Переменные управления заслонками / Заслонки транспортера номер 5		T5ClapBlockOffButton_OnClick,T5ClapCalScript3,T5ClapCloseButton3_OnClick,T5ClapCloseScript3	T5ClapCloseScript3	Переменная для пуска алгоритма закрытия заслонки
T5ClapCloseStatus4	Boolean	СилКорпус / Переменные управления заслонками / Заслонки транспортера номер 5		T5ClapBlockOffButton_OnClick,T5ClapCalScript4,T5ClapCloseButton4_OnClick,T5ClapCloseScript4	T5ClapCloseScript4	Переменная для пуска алгоритма закрытия заслонки
T5ClapCloseStatus5	Boolean	СилКорпус / Переменные управления заслонками / Заслонки транспортера номер 5		T5ClapBlockOffButton_OnClick,T5ClapCalScript5,T5ClapCloseButton5_OnClick,T5ClapCloseScript5	T5ClapCloseScript5	Переменная для пуска алгоритма закрытия заслонки
T5ClapCloseStatus6	Boolean	СилКорпус / Переменные управления заслонками / Заслонки транспортера номер 5		T5ClapBlockOffButton_OnClick,T5ClapCalScript6,T5ClapCloseButton6_OnClick,T5ClapCloseScript6	T5ClapCloseScript6	Переменная для пуска алгоритма закрытия заслонки
T5ClapCloseStatus7	Boolean	СилКорпус / Переменные управления заслонками / Заслонки транспортера номер 5		T5ClapBlockOffButton_OnClick,T5ClapCalScript7,T5ClapCloseButton7_OnClick,T5ClapCloseScript7	T5ClapCloseScript7	Переменная для пуска алгоритма закрытия заслонки
T5ClapCloseStatus8	Boolean	СилКорпус / Переменные управления заслонками / Заслонки транспортера номер 5		T5ClapBlockOffButton_OnClick,T5ClapCalScript8,T5ClapCloseButton8_OnClick,T5ClapCloseScript8	T5ClapCloseScript8	Переменная для пуска алгоритма закрытия заслонки
T5ClapCloseTimer1	Integer	СилКорпус / Таймеры / Заслонки транспортера номер 5		T5ClapBlockOffButton_OnClick,T5ClapCloseScript1	T5ClapCloseScript1	Таймер алгоритма закрытия заслонки
T5ClapCloseTimer2	Integer	СилКорпус / Таймеры / Заслонки транспортера номер 5		T5ClapBlockOffButton_OnClick,T5ClapCloseScript2	T5ClapCloseScript2	Таймер алгоритма закрытия заслонки
T5ClapCloseTimer3	Integer	СилКорпус / Таймеры / Заслонки транспортера номер 5		T5ClapBlockOffButton_OnClick,T5ClapCloseScript3	T5ClapCloseScript3	Таймер алгоритма закрытия заслонки
T5ClapCloseTimer4	Integer	СилКорпус / Таймеры / Заслонки транспортера номер 5		T5ClapBlockOffButton_OnClick,T5ClapCloseScript4	T5ClapCloseScript4	Таймер алгоритма закрытия заслонки
T5ClapCloseTimer5	Integer	СилКорпус / Таймеры / Заслонки транспортера номер 5		T5ClapBlockOffButton_OnClick,T5ClapCloseScript5	T5ClapCloseScript5	Таймер алгоритма закрытия заслонки
T5ClapCloseTimer6	Integer	СилКорпус / Таймеры / Заслонки транспортера номер 5		T5ClapBlockOffButton_OnClick,T5ClapCloseScript6	T5ClapCloseScript6	Таймер алгоритма закрытия заслонки
T5ClapCloseTimer7	Integer	СилКорпус / Таймеры / Заслонки транспортера номер 5		T5ClapBlockOffButton_OnClick,T5ClapCloseScript7	T5ClapCloseScript7	Таймер алгоритма закрытия заслонки
T5ClapCloseTimer8	Integer	СилКорпус / Таймеры / Заслонки транспортера номер 5		T5ClapBlockOffButton_OnClick,T5ClapCloseScript8	T5ClapCloseScript8	Таймер алгоритма закрытия заслонки
T5ClapLatchCalCloseTime1	Integer	СилКорпус / Калибровки хода заслонок / Заслонки транспортера номер 5		T5ClapCalScript1	T5ClapCalScript1,T5ClapCalValueBar,T5ClapCloseButton1_OnClick,T5ClapCloseScript1	Время хода задвижки от открытого состояния к закрытому
T5ClapLatchCalCloseTime2	Integer	СилКорпус / Калибровки хода заслонок / Заслонки транспортера номер 5		T5ClapCalScript2	T5ClapCalScript2,T5ClapCalValueBar,T5ClapCloseButton2_OnClick,T5ClapCloseScript2	Время хода задвижки от открытого состояния к закрытому
T5ClapLatchCalCloseTime3	Integer	СилКорпус / Калибровки хода заслонок / Заслонки транспортера номер 5		T5ClapCalScript3	T5ClapCalScript3,T5ClapCalValueBar,T5ClapCloseButton3_OnClick,T5ClapCloseScript3	Время хода задвижки от открытого состояния к закрытому
T5ClapLatchCalCloseTime4	Integer	СилКорпус / Калибровки хода заслонок / Заслонки транспортера номер 5		T5ClapCalScript4	T5ClapCalScript4,T5ClapCalValueBar,T5ClapCloseButton4_OnClick,T5ClapCloseScript4	Время хода задвижки от открытого состояния к закрытому
T5ClapLatchCalCloseTime5	Integer	СилКорпус / Калибровки хода заслонок / Заслонки транспортера номер 5		T5ClapCalScript5	T5ClapCalScript5,T5ClapCalValueBar,T5ClapCloseButton5_OnClick,T5ClapCloseScript5	Время хода задвижки от открытого состояния к закрытому
T5ClapLatchCalCloseTime6	Integer	СилКорпус / Калибровки хода заслонок / Заслонки транспортера номер 5		T5ClapCalScript6	T5ClapCalScript6,T5ClapCalValueBar,T5ClapCloseButton6_OnClick,T5ClapCloseScript6	Время хода задвижки от открытого состояния к закрытому
T5ClapLatchCalCloseTime7	Integer	СилКорпус / Калибровки хода заслонок / Заслонки транспортера номер 5		T5ClapCalScript7	T5ClapCalScript7,T5ClapCalValueBar,T5ClapCloseButton7_OnClick,T5ClapCloseScript7	Время хода задвижки от открытого состояния к закрытому
T5ClapLatchCalCloseTime8	Integer	СилКорпус / Калибровки хода заслонок / Заслонки транспортера номер 5		T5ClapCalScript8	T5ClapCalScript8,T5ClapCalValueBar,T5ClapCloseButton8_OnClick,T5ClapCloseScript8	Время хода задвижки от открытого состояния к закрытому
T5ClapLatchCalOpenTime1	Integer	СилКорпус / Калибровки хода заслонок / Заслонки транспортера номер 5		T5ClapCalScript1	T5ClapCalScript1,T5ClapCalValueBar,T5ClapOpenButton1_OnClick,T5ClapOpenScript1	Время хода задвижки от закрытого состояния к открытому
T5ClapLatchCalOpenTime2	Integer	СилКорпус / Калибровки хода заслонок / Заслонки транспортера номер 5		T5ClapCalScript2	T5ClapCalScript2,T5ClapCalValueBar,T5ClapOpenButton2_OnClick,T5ClapOpenScript2	Время хода задвижки от закрытого состояния к открытому
T5ClapLatchCalOpenTime3	Integer	СилКорпус / Калибровки хода заслонок / Заслонки транспортера номер 5		T5ClapCalScript3	T5ClapCalScript3,T5ClapCalValueBar,T5ClapOpenButton3_OnClick,T5ClapOpenScript3	Время хода задвижки от закрытого состояния к открытому
T5ClapLatchCalOpenTime4	Integer	СилКорпус / Калибровки хода заслонок / Заслонки транспортера номер 5		T5ClapCalScript4	T5ClapCalScript4,T5ClapCalValueBar,T5ClapOpenButton4_OnClick,T5ClapOpenScript4	Время хода задвижки от закрытого состояния к открытому
T5ClapLatchCalOpenTime5	Integer	СилКорпус / Калибровки хода заслонок / Заслонки транспортера номер 5		T5ClapCalScript5	T5ClapCalScript5,T5ClapCalValueBar,T5ClapOpenButton5_OnClick,T5ClapOpenScript5	Время хода задвижки от закрытого состояния к открытому
T5ClapLatchCalOpenTime6	Integer	СилКорпус / Калибровки хода заслонок / Заслонки транспортера номер 5		T5ClapCalScript6	T5ClapCalScript6,T5ClapCalValueBar,T5ClapOpenButton6_OnClick,T5ClapOpenScript6	Время хода задвижки от закрытого состояния к открытому
T5ClapLatchCalOpenTime7	Integer	СилКорпус / Калибровки хода заслонок / Заслонки транспортера номер 5		T5ClapCalScript7	T5ClapCalScript7,T5ClapCalValueBar,T5ClapOpenButton7_OnClick,T5ClapOpenScript7	Время хода задвижки от закрытого состояния к открытому
T5ClapLatchCalOpenTime8	Integer	СилКорпус / Калибровки хода заслонок / Заслонки транспортера номер 5		T5ClapCalScript8	T5ClapCalScript8,T5ClapCalValueBar,T5ClapOpenButton8_OnClick,T5ClapOpenScript8	Время хода задвижки от закрытого состояния к открытому
T5ClapLatchClose1	Boolean	СилКорпус / Входные переменные / Заслонки транспортера номер 5	|var|PLC210 (Arm32bit + Linux ).Application.PLC_PRG.t51DI2		T5ClapCalScript1,T5ClapCloseScript1,T5ClapLatchMnemo	Входое реле концевика закрытого состояния задвижки
T5ClapLatchClose2	Boolean	СилКорпус / Входные переменные / Заслонки транспортера номер 5	|var|PLC210 (Arm32bit + Linux ).Application.PLC_PRG.t51DI4		T5ClapCalScript2,T5ClapCloseScript2,T5ClapLatchMnemo	Входое реле концевика закрытого состояния задвижки
T5ClapLatchClose3	Boolean	СилКорпус / Входные переменные / Заслонки транспортера номер 5	|var|PLC210 (Arm32bit + Linux ).Application.PLC_PRG.t51DI6		T5ClapCalScript3,T5ClapCloseScript3,T5ClapLatchMnemo	Входое реле концевика закрытого состояния задвижки
T5ClapLatchClose4	Boolean	СилКорпус / Входные переменные / Заслонки транспортера номер 5	|var|PLC210 (Arm32bit + Linux ).Application.PLC_PRG.t51DI8		T5ClapCalScript4,T5ClapCloseScript4,T5ClapLatchMnemo	Входое реле концевика закрытого состояния задвижки
T5ClapLatchClose5	Boolean	СилКорпус / Входные переменные / Заслонки транспортера номер 5	|var|PLC210 (Arm32bit + Linux ).Application.PLC_PRG.t51DI10		T5ClapCalScript5,T5ClapCloseScript5,T5ClapLatchMnemo	Входое реле концевика закрытого состояния задвижки
T5ClapLatchClose6	Boolean	СилКорпус / Входные переменные / Заслонки транспортера номер 5	|var|PLC210 (Arm32bit + Linux ).Application.PLC_PRG.t51DI12		T5ClapCalScript6,T5ClapCloseScript6,T5ClapLatchMnemo	Входое реле концевика закрытого состояния задвижки
T5ClapLatchClose7	Boolean	СилКорпус / Входные переменные / Заслонки транспортера номер 5	|var|PLC210 (Arm32bit + Linux ).Application.PLC_PRG.t51DI14		T5ClapCalScript7,T5ClapCloseScript7,T5ClapLatchMnemo	Входое реле концевика закрытого состояния задвижки
T5ClapLatchClose8	Boolean	СилКорпус / Входные переменные / Заслонки транспортера номер 5	|var|PLC210 (Arm32bit + Linux ).Application.PLC_PRG.t51DI16		T5ClapCalScript8,T5ClapCloseScript8,T5ClapLatchMnemo	Входое реле концевика закрытого состояния задвижки
T5ClapLatchOpen1	Boolean	СилКорпус / Входные переменные / Заслонки транспортера номер 5	|var|PLC210 (Arm32bit + Linux ).Application.PLC_PRG.t51DI1		T5ClapCalScript1,T5ClapLatchMnemo,T5ClapOpenScript1	Входое реле концевика открытого состояния задвижки
T5ClapLatchOpen2	Boolean	СилКорпус / Входные переменные / Заслонки транспортера номер 5	|var|PLC210 (Arm32bit + Linux ).Application.PLC_PRG.t51DI3		T5ClapCalScript2,T5ClapLatchMnemo,T5ClapOpenScript2	Входое реле концевика открытого состояния задвижки
T5ClapLatchOpen3	Boolean	СилКорпус / Входные переменные / Заслонки транспортера номер 5	|var|PLC210 (Arm32bit + Linux ).Application.PLC_PRG.t51DI5		T5ClapCalScript3,T5ClapLatchMnemo,T5ClapOpenScript3	Входое реле концевика открытого состояния задвижки
T5ClapLatchOpen4	Boolean	СилКорпус / Входные переменные / Заслонки транспортера номер 5	|var|PLC210 (Arm32bit + Linux ).Application.PLC_PRG.t51DI7		T5ClapCalScript4,T5ClapLatchMnemo,T5ClapOpenScript4	Входое реле концевика открытого состояния задвижки
T5ClapLatchOpen5	Boolean	СилКорпус / Входные переменные / Заслонки транспортера номер 5	|var|PLC210 (Arm32bit + Linux ).Application.PLC_PRG.t51DI9		T5ClapCalScript5,T5ClapLatchMnemo,T5ClapOpenScript5	Входое реле концевика открытого состояния задвижки
T5ClapLatchOpen6	Boolean	СилКорпус / Входные переменные / Заслонки транспортера номер 5	|var|PLC210 (Arm32bit + Linux ).Application.PLC_PRG.t51DI11		T5ClapCalScript6,T5ClapLatchMnemo,T5ClapOpenScript6	Входое реле концевика открытого состояния задвижки
T5ClapLatchOpen7	Boolean	СилКорпус / Входные переменные / Заслонки транспортера номер 5	|var|PLC210 (Arm32bit + Linux ).Application.PLC_PRG.t51DI13		T5ClapCalScript7,T5ClapLatchMnemo,T5ClapOpenScript7	Входое реле концевика открытого состояния задвижки
T5ClapLatchOpen8	Boolean	СилКорпус / Входные переменные / Заслонки транспортера номер 5	|var|PLC210 (Arm32bit + Linux ).Application.PLC_PRG.t51DI15		T5ClapCalScript8,T5ClapLatchMnemo,T5ClapOpenScript8	Входое реле концевика открытого состояния задвижки
T5ClapLatchRunClose	Boolean	СилКорпус / Выходные переменные / Заслонки транспортера номер 5	|var|PLC210 (Arm32bit + Linux ).Application.PLC_PRG.t51DO12	T5ClapBlockOffButton_OnClick,T5ClapCalScript1,T5ClapCalScript2,T5ClapCalScript3,T5ClapCalScript4,T5ClapCalScript5,T5ClapCalScript6,T5ClapCalScript7,T5ClapCalScript8,T5ClapCloseScript1,T5ClapCloseScript2,T5ClapCloseScript3,T5ClapCloseScript4,T5ClapCloseScript5,T5ClapCloseScript6,T5ClapCloseScript7,T5ClapCloseScript8	T5ClapCalScript1,T5ClapCalScript2,T5ClapCalScript3,T5ClapCalScript4,T5ClapCalScript5,T5ClapCalScript6,T5ClapCalScript7,T5ClapCalScript8,T5ClapLightControl	Выходное реле для закрытия выбранной заслонки
T5ClapLatchRunOpen	Boolean	СилКорпус / Выходные переменные / Заслонки транспортера номер 5	|var|PLC210 (Arm32bit + Linux ).Application.PLC_PRG.t51DO11	T5ClapBlockOffButton_OnClick,T5ClapCalScript1,T5ClapCalScript2,T5ClapCalScript3,T5ClapCalScript4,T5ClapCalScript5,T5ClapCalScript6,T5ClapCalScript7,T5ClapCalScript8,T5ClapOpenScript1,T5ClapOpenScript2,T5ClapOpenScript3,T5ClapOpenScript4,T5ClapOpenScript5,T5ClapOpenScript6,T5ClapOpenScript7,T5ClapOpenScript8	T5ClapCalScript1,T5ClapCalScript2,T5ClapCalScript3,T5ClapCalScript4,T5ClapCalScript5,T5ClapCalScript6,T5ClapCalScript7,T5ClapCalScript8,T5ClapLightControl	Выходное реле для открытия выбранной заслонки
T5ClapLatchSelect1	Boolean	СилКорпус / Выходные переменные / Заслонки транспортера номер 5	|var|PLC210 (Arm32bit + Linux ).Application.PLC_PRG.t51DO1	T5ClapBlockOffButton_OnClick,T5ClapCalScript1,T5ClapCloseScript1,T5ClapOpenScript1	T5ClapLightControl	Выходное реле выбора заслонки для управления
T5ClapLatchSelect2	Boolean	СилКорпус / Выходные переменные / Заслонки транспортера номер 5	|var|PLC210 (Arm32bit + Linux ).Application.PLC_PRG.t51DO2	T5ClapBlockOffButton_OnClick,T5ClapCalScript2,T5ClapCloseScript2,T5ClapOpenScript2	T5ClapLightControl	Выходное реле выбора заслонки для управления
T5ClapLatchSelect3	Boolean	СилКорпус / Выходные переменные / Заслонки транспортера номер 5	|var|PLC210 (Arm32bit + Linux ).Application.PLC_PRG.t51DO3	T5ClapBlockOffButton_OnClick,T5ClapCalScript3,T5ClapCloseScript3,T5ClapOpenScript3	T5ClapLightControl	Выходное реле выбора заслонки для управления
T5ClapLatchSelect4	Boolean	СилКорпус / Выходные переменные / Заслонки транспортера номер 5	|var|PLC210 (Arm32bit + Linux ).Application.PLC_PRG.t51DO4	T5ClapBlockOffButton_OnClick,T5ClapCalScript4,T5ClapCloseScript4,T5ClapOpenScript4	T5ClapLightControl	Выходное реле выбора заслонки для управления
T5ClapLatchSelect5	Boolean	СилКорпус / Выходные переменные / Заслонки транспортера номер 5	|var|PLC210 (Arm32bit + Linux ).Application.PLC_PRG.t51DO5	T5ClapBlockOffButton_OnClick,T5ClapCalScript5,T5ClapCloseScript5,T5ClapOpenScript5	T5ClapLightControl	Выходное реле выбора заслонки для управления
T5ClapLatchSelect6	Boolean	СилКорпус / Выходные переменные / Заслонки транспортера номер 5	|var|PLC210 (Arm32bit + Linux ).Application.PLC_PRG.t51DO6	T5ClapBlockOffButton_OnClick,T5ClapCalScript6,T5ClapCloseScript6,T5ClapOpenScript6	T5ClapLightControl	Выходное реле выбора заслонки для управления
T5ClapLatchSelect7	Boolean	СилКорпус / Выходные переменные / Заслонки транспортера номер 5	|var|PLC210 (Arm32bit + Linux ).Application.PLC_PRG.t51DO7	T5ClapBlockOffButton_OnClick,T5ClapCalScript7,T5ClapCloseScript7,T5ClapOpenScript7	T5ClapLightControl	Выходное реле выбора заслонки для управления
T5ClapLatchSelect8	Boolean	СилКорпус / Выходные переменные / Заслонки транспортера номер 5	|var|PLC210 (Arm32bit + Linux ).Application.PLC_PRG.t51DO8	T5ClapBlockOffButton_OnClick,T5ClapCalScript8,T5ClapCloseScript8,T5ClapOpenScript8	T5ClapLightControl	Выходное реле выбора заслонки для управления
T5ClapLatchStatus1	Word	СилКорпус / Статусы механизмов / Заслонки транспортера номер 5				Статус заслонки транспортера
T5ClapLatchStatus2	Word	СилКорпус / Статусы механизмов / Заслонки транспортера номер 5				Статус заслонки транспортера
T5ClapLatchStatus3	Word	СилКорпус / Статусы механизмов / Заслонки транспортера номер 5				Статус заслонки транспортера
T5ClapLatchStatus4	Word	СилКорпус / Статусы механизмов / Заслонки транспортера номер 5				Статус заслонки транспортера
T5ClapLatchStatus5	Word	СилКорпус / Статусы механизмов / Заслонки транспортера номер 5				Статус заслонки транспортера
T5ClapLatchStatus6	Word	СилКорпус / Статусы механизмов / Заслонки транспортера номер 5				Статус заслонки транспортера
T5ClapLatchStatus7	Word	СилКорпус / Статусы механизмов / Заслонки транспортера номер 5				Статус заслонки транспортера
T5ClapLatchStatus8	Word	СилКорпус / Статусы механизмов / Заслонки транспортера номер 5				Статус заслонки транспортера
T5ClapLatchStatusByte1	Byte	СилКорпус / Статусы механизмов / Заслонки транспортера номер 5		T5ClapCalScript1,T5ClapCloseScript1,T5ClapErrorOffButton_OnClick,T5ClapLatchMnemo,T5ClapOpenScript1	T5ClapCalButton1_OnClick,T5ClapCalScript1,T5ClapCloseButton1_OnClick,T5ClapLatchStatusBar,T5ClapOpenButton1_OnClick	Статус заслонки транспортера в битах для формирования сообщений
T5ClapLatchStatusByte2	Byte	СилКорпус / Статусы механизмов / Заслонки транспортера номер 5		T5ClapCalScript2,T5ClapCloseScript2,T5ClapErrorOffButton_OnClick,T5ClapLatchMnemo,T5ClapOpenScript2	T5ClapCalButton2_OnClick,T5ClapCalScript2,T5ClapCloseButton2_OnClick,T5ClapLatchStatusBar,T5ClapOpenButton2_OnClick	Статус заслонки транспортера в битах для формирования сообщений
T5ClapLatchStatusByte3	Byte	СилКорпус / Статусы механизмов / Заслонки транспортера номер 5		T5ClapCalScript3,T5ClapCloseScript3,T5ClapErrorOffButton_OnClick,T5ClapLatchMnemo,T5ClapOpenScript3	T5ClapCalButton3_OnClick,T5ClapCalScript3,T5ClapCloseButton3_OnClick,T5ClapLatchStatusBar,T5ClapOpenButton3_OnClick	Статус заслонки транспортера в битах для формирования сообщений
T5ClapLatchStatusByte4	Byte	СилКорпус / Статусы механизмов / Заслонки транспортера номер 5		T5ClapCalScript4,T5ClapCloseScript4,T5ClapErrorOffButton_OnClick,T5ClapLatchMnemo,T5ClapOpenScript4	T5ClapCalButton4_OnClick,T5ClapCalScript4,T5ClapCloseButton4_OnClick,T5ClapLatchStatusBar,T5ClapOpenButton4_OnClick	Статус заслонки транспортера в битах для формирования сообщений
T5ClapLatchStatusByte5	Byte	СилКорпус / Статусы механизмов / Заслонки транспортера номер 5		T5ClapCalScript5,T5ClapCloseScript5,T5ClapErrorOffButton_OnClick,T5ClapLatchMnemo,T5ClapOpenScript5	T5ClapCalButton5_OnClick,T5ClapCalScript5,T5ClapCloseButton5_OnClick,T5ClapLatchStatusBar,T5ClapOpenButton5_OnClick	Статус заслонки транспортера в битах для формирования сообщений
T5ClapLatchStatusByte6	Byte	СилКорпус / Статусы механизмов / Заслонки транспортера номер 5		T5ClapCalScript6,T5ClapCloseScript6,T5ClapErrorOffButton_OnClick,T5ClapLatchMnemo,T5ClapOpenScript6	T5ClapCalButton6_OnClick,T5ClapCalScript6,T5ClapCloseButton6_OnClick,T5ClapLatchStatusBar,T5ClapOpenButton6_OnClick	Статус заслонки транспортера в битах для формирования сообщений
T5ClapLatchStatusByte7	Byte	СилКорпус / Статусы механизмов / Заслонки транспортера номер 5		T5ClapCalScript7,T5ClapCloseScript7,T5ClapErrorOffButton_OnClick,T5ClapLatchMnemo,T5ClapOpenScript7	T5ClapCalButton7_OnClick,T5ClapCalScript7,T5ClapCloseButton7_OnClick,T5ClapLatchStatusBar,T5ClapOpenButton7_OnClick	Статус заслонки транспортера в битах для формирования сообщений
T5ClapLatchStatusByte8	Byte	СилКорпус / Статусы механизмов / Заслонки транспортера номер 5		T5ClapCalScript8,T5ClapCloseScript8,T5ClapErrorOffButton_OnClick,T5ClapLatchMnemo,T5ClapOpenScript8	T5ClapCalButton8_OnClick,T5ClapCalScript8,T5ClapCloseButton8_OnClick,T5ClapLatchStatusBar,T5ClapOpenButton8_OnClick	Статус заслонки транспортера в битах для формирования сообщений
T5ClapOpenStatus1	Boolean	СилКорпус / Переменные управления заслонками / Заслонки транспортера номер 5		T5ClapBlockOffButton_OnClick,T5ClapOpenButton1_OnClick,T5ClapOpenScript1	T5ClapOpenScript1	Переменная для пуска алгоритма открытия заслонки
T5ClapOpenStatus2	Boolean	СилКорпус / Переменные управления заслонками / Заслонки транспортера номер 5		T5ClapBlockOffButton_OnClick,T5ClapOpenButton2_OnClick,T5ClapOpenScript2	T5ClapOpenScript2	Переменная для пуска алгоритма открытия заслонки
T5ClapOpenStatus3	Boolean	СилКорпус / Переменные управления заслонками / Заслонки транспортера номер 5		T5ClapBlockOffButton_OnClick,T5ClapOpenButton3_OnClick,T5ClapOpenScript3	T5ClapOpenScript3	Переменная для пуска алгоритма открытия заслонки
T5ClapOpenStatus4	Boolean	СилКорпус / Переменные управления заслонками / Заслонки транспортера номер 5		T5ClapBlockOffButton_OnClick,T5ClapOpenButton4_OnClick,T5ClapOpenScript4	T5ClapOpenScript4	Переменная для пуска алгоритма открытия заслонки
T5ClapOpenStatus5	Boolean	СилКорпус / Переменные управления заслонками / Заслонки транспортера номер 5		T5ClapBlockOffButton_OnClick,T5ClapOpenButton5_OnClick,T5ClapOpenScript5	T5ClapOpenScript5	Переменная для пуска алгоритма открытия заслонки
T5ClapOpenStatus6	Boolean	СилКорпус / Переменные управления заслонками / Заслонки транспортера номер 5		T5ClapBlockOffButton_OnClick,T5ClapOpenButton6_OnClick,T5ClapOpenScript6	T5ClapOpenScript6	Переменная для пуска алгоритма открытия заслонки
T5ClapOpenStatus7	Boolean	СилКорпус / Переменные управления заслонками / Заслонки транспортера номер 5		T5ClapBlockOffButton_OnClick,T5ClapOpenButton7_OnClick,T5ClapOpenScript7	T5ClapOpenScript7	Переменная для пуска алгоритма открытия заслонки
T5ClapOpenStatus8	Boolean	СилКорпус / Переменные управления заслонками / Заслонки транспортера номер 5		T5ClapBlockOffButton_OnClick,T5ClapOpenButton8_OnClick,T5ClapOpenScript8	T5ClapOpenScript8	Переменная для пуска алгоритма открытия заслонки
T5ClapOpenTimer1	Integer	СилКорпус / Таймеры / Заслонки транспортера номер 5		T5ClapBlockOffButton_OnClick,T5ClapOpenScript1	T5ClapOpenScript1	Таймер алгоритма открытия заслонки
T5ClapOpenTimer2	Integer	СилКорпус / Таймеры / Заслонки транспортера номер 5		T5ClapBlockOffButton_OnClick,T5ClapOpenScript2	T5ClapOpenScript2	Таймер алгоритма открытия заслонки
T5ClapOpenTimer3	Integer	СилКорпус / Таймеры / Заслонки транспортера номер 5		T5ClapBlockOffButton_OnClick,T5ClapOpenScript3	T5ClapOpenScript3	Таймер алгоритма открытия заслонки
T5ClapOpenTimer4	Integer	СилКорпус / Таймеры / Заслонки транспортера номер 5		T5ClapBlockOffButton_OnClick,T5ClapOpenScript4	T5ClapOpenScript4	Таймер алгоритма открытия заслонки
T5ClapOpenTimer5	Integer	СилКорпус / Таймеры / Заслонки транспортера номер 5		T5ClapBlockOffButton_OnClick,T5ClapOpenScript5	T5ClapOpenScript5	Таймер алгоритма открытия заслонки
T5ClapOpenTimer6	Integer	СилКорпус / Таймеры / Заслонки транспортера номер 5		T5ClapBlockOffButton_OnClick,T5ClapOpenScript6	T5ClapOpenScript6	Таймер алгоритма открытия заслонки
T5ClapOpenTimer7	Integer	СилКорпус / Таймеры / Заслонки транспортера номер 5		T5ClapBlockOffButton_OnClick,T5ClapOpenScript7	T5ClapOpenScript7	Таймер алгоритма открытия заслонки
T5ClapOpenTimer8	Integer	СилКорпус / Таймеры / Заслонки транспортера номер 5		T5ClapBlockOffButton_OnClick,T5ClapOpenScript8	T5ClapOpenScript8	Таймер алгоритма открытия заслонки
T5CloseStatus1	Boolean	СилКорпус / Переменные управления заслонками / Заслонки транспортера номер 5		T5BlockOffButton_OnClick,T5CalScript1,T5CloseButton1_OnClick,T5CloseScript1	T5CloseScript1	Переменная для пуска алгоритма закрытия заслонки
T5CloseStatus2	Boolean	СилКорпус / Переменные управления заслонками / Заслонки транспортера номер 5		T5BlockOffButton_OnClick,T5CalScript2,T5CloseButton2_OnClick,T5CloseScript2	T5CloseScript2	Переменная для пуска алгоритма закрытия заслонки
T5CloseStatus3	Boolean	СилКорпус / Переменные управления заслонками / Заслонки транспортера номер 5		T5BlockOffButton_OnClick,T5CalScript3,T5CloseScript3	T5CloseScript3	Переменная для пуска алгоритма закрытия заслонки
T5CloseStatus4	Boolean	СилКорпус / Переменные управления заслонками / Заслонки транспортера номер 5		T5BlockOffButton_OnClick,T5CalScript4,T5CloseButton4_OnClick,T5CloseScript4	T5CloseScript4	Переменная для пуска алгоритма закрытия заслонки
T5CloseStatus5	Boolean	СилКорпус / Переменные управления заслонками / Заслонки транспортера номер 5		T5BlockOffButton_OnClick,T5CalScript5,T5CloseButton5_OnClick,T5CloseScript5	T5CloseScript5	Переменная для пуска алгоритма закрытия заслонки
T5CloseStatus6	Boolean	СилКорпус / Переменные управления заслонками / Заслонки транспортера номер 5		T5BlockOffButton_OnClick,T5CalScript6,T5CloseButton6_OnClick,T5CloseScript6	T5CloseScript6	Переменная для пуска алгоритма закрытия заслонки
T5CloseStatus7	Boolean	СилКорпус / Переменные управления заслонками / Заслонки транспортера номер 5		T5BlockOffButton_OnClick,T5CalScript7,T5CloseButton7_OnClick,T5CloseScript7	T5CloseScript7	Переменная для пуска алгоритма закрытия заслонки
T5CloseStatus8	Boolean	СилКорпус / Переменные управления заслонками / Заслонки транспортера номер 5		T5BlockOffButton_OnClick,T5CalScript8,T5CloseButton8_OnClick,T5CloseScript8	T5CloseScript8	Переменная для пуска алгоритма закрытия заслонки
T5CloseTimer1	Integer	СилКорпус / Таймеры / Заслонки транспортера номер 5		T5BlockOffButton_OnClick,T5CloseScript1	T5CloseScript1	Таймер алгоритма закрытия заслонки
T5CloseTimer2	Integer	СилКорпус / Таймеры / Заслонки транспортера номер 5		T5BlockOffButton_OnClick,T5CloseScript2	T5CloseScript2	Таймер алгоритма закрытия заслонки
T5CloseTimer3	Integer	СилКорпус / Таймеры / Заслонки транспортера номер 5		T5BlockOffButton_OnClick,T5CloseScript3	T5CloseScript3	Таймер алгоритма закрытия заслонки
T5CloseTimer4	Integer	СилКорпус / Таймеры / Заслонки транспортера номер 5		T5BlockOffButton_OnClick,T5CloseScript4	T5CloseScript4	Таймер алгоритма закрытия заслонки
T5CloseTimer5	Integer	СилКорпус / Таймеры / Заслонки транспортера номер 5		T5BlockOffButton_OnClick,T5CloseScript5	T5CloseScript5	Таймер алгоритма закрытия заслонки
T5CloseTimer6	Integer	СилКорпус / Таймеры / Заслонки транспортера номер 5		T5BlockOffButton_OnClick,T5CloseScript6	T5CloseScript6	Таймер алгоритма закрытия заслонки
T5CloseTimer7	Integer	СилКорпус / Таймеры / Заслонки транспортера номер 5		T5BlockOffButton_OnClick,T5CloseScript7	T5CloseScript7	Таймер алгоритма закрытия заслонки
T5CloseTimer8	Integer	СилКорпус / Таймеры / Заслонки транспортера номер 5		T5BlockOffButton_OnClick,T5CloseScript8	T5CloseScript8	Таймер алгоритма закрытия заслонки
T5Freq	Single	СилКорпус / Входные переменные / Переменные телеметрии Частотных преобразователей	|var|PLC210 (Arm32bit + Linux ).Application.PLC_PRG.t5FreqMonitoring			Задание частоты для частотного преобразователя транспортера
T5FreqToPLC	Single	СилКорпус / Выходные переменные / Задание частоты ЧП транспортеров	|var|PLC210 (Arm32bit + Linux ).Application.PLC_PRG.t5Freq	T1toT7StartFreq,T5FreqTarget		
T5LatchCalCloseTime1	Integer	СилКорпус / Калибровки хода заслонок / Заслонки транспортера номер 5		T5CalScript1	T5CalScript1,T5CalValueBar,T5CloseButton1_OnClick,T5CloseScript1	Время хода задвижки от открытого состояния к закрытому
T5LatchCalCloseTime2	Integer	СилКорпус / Калибровки хода заслонок / Заслонки транспортера номер 5		T5CalScript2	T5CalScript2,T5CalValueBar,T5CloseButton2_OnClick,T5CloseScript2	Время хода задвижки от открытого состояния к закрытому
T5LatchCalCloseTime3	Integer	СилКорпус / Калибровки хода заслонок / Заслонки транспортера номер 5		T5CalScript3	T5CalScript3,T5CalValueBar,T5CloseButton3_OnClick,T5CloseScript3	Время хода задвижки от открытого состояния к закрытому
T5LatchCalCloseTime4	Integer	СилКорпус / Калибровки хода заслонок / Заслонки транспортера номер 5		T5CalScript4	T5CalScript4,T5CalValueBar,T5CloseButton4_OnClick,T5CloseScript4	Время хода задвижки от открытого состояния к закрытому
T5LatchCalCloseTime5	Integer	СилКорпус / Калибровки хода заслонок / Заслонки транспортера номер 5		T5CalScript5	T5CalScript5,T5CalValueBar,T5CloseButton5_OnClick,T5CloseScript5	Время хода задвижки от открытого состояния к закрытому
T5LatchCalCloseTime6	Integer	СилКорпус / Калибровки хода заслонок / Заслонки транспортера номер 5		T5CalScript6	T5CalScript6,T5CalValueBar,T5CloseButton6_OnClick,T5CloseScript6	Время хода задвижки от открытого состояния к закрытому
T5LatchCalCloseTime7	Integer	СилКорпус / Калибровки хода заслонок / Заслонки транспортера номер 5		T5CalScript7	T5CalScript7,T5CalValueBar,T5CloseButton7_OnClick,T5CloseScript7	Время хода задвижки от открытого состояния к закрытому
T5LatchCalCloseTime8	Integer	СилКорпус / Калибровки хода заслонок / Заслонки транспортера номер 5		T5CalScript8	T5CalScript8,T5CalValueBar,T5CloseButton8_OnClick,T5CloseScript8	Время хода задвижки от открытого состояния к закрытому
T5LatchCalOpenTime1	Integer	СилКорпус / Калибровки хода заслонок / Заслонки транспортера номер 5		T5CalScript1	T5CalScript1,T5CalValueBar,T5OpenButton1_OnClick,T5OpenScript1	Время хода задвижки от закрытого состояния к открытому
T5LatchCalOpenTime2	Integer	СилКорпус / Калибровки хода заслонок / Заслонки транспортера номер 5		T5CalScript2	T5CalScript2,T5CalValueBar,T5OpenButton2_OnClick,T5OpenScript2	Время хода задвижки от закрытого состояния к открытому
T5LatchCalOpenTime3	Integer	СилКорпус / Калибровки хода заслонок / Заслонки транспортера номер 5		T5CalScript3	T5CalScript3,T5CalValueBar,T5OpenButton3_OnClick,T5OpenScript3	Время хода задвижки от закрытого состояния к открытому
T5LatchCalOpenTime4	Integer	СилКорпус / Калибровки хода заслонок / Заслонки транспортера номер 5		T5CalScript4	T5CalScript4,T5CalValueBar,T5OpenButton4_OnClick,T5OpenScript4	Время хода задвижки от закрытого состояния к открытому
T5LatchCalOpenTime5	Integer	СилКорпус / Калибровки хода заслонок / Заслонки транспортера номер 5		T5CalScript5	T5CalScript5,T5CalValueBar,T5OpenButton5_OnClick,T5OpenScript5	Время хода задвижки от закрытого состояния к открытому
T5LatchCalOpenTime6	Integer	СилКорпус / Калибровки хода заслонок / Заслонки транспортера номер 5		T5CalScript6	T5CalScript6,T5CalValueBar,T5OpenButton6_OnClick,T5OpenScript6	Время хода задвижки от закрытого состояния к открытому
T5LatchCalOpenTime7	Integer	СилКорпус / Калибровки хода заслонок / Заслонки транспортера номер 5		T5CalScript7	T5CalScript7,T5CalValueBar,T5OpenButton7_OnClick,T5OpenScript7	Время хода задвижки от закрытого состояния к открытому
T5LatchCalOpenTime8	Integer	СилКорпус / Калибровки хода заслонок / Заслонки транспортера номер 5		T5CalScript8	T5CalScript8,T5CalValueBar,T5OpenButton8_OnClick,T5OpenScript8	Время хода задвижки от закрытого состояния к открытому
T5LatchClose1	Boolean	СилКорпус / Входные переменные / Заслонки транспортера номер 5	|var|PLC210 (Arm32bit + Linux ).Application.PLC_PRG.t5DI2		T5CalScript1,T5CloseScript1,T5LatchMnemo	Входое реле концевика закрытого состояния задвижки
T5LatchClose2	Boolean	СилКорпус / Входные переменные / Заслонки транспортера номер 5	|var|PLC210 (Arm32bit + Linux ).Application.PLC_PRG.t5DI4		T5CalScript2,T5CloseScript2,T5LatchMnemo	Входое реле концевика закрытого состояния задвижки
T5LatchClose3	Boolean	СилКорпус / Входные переменные / Заслонки транспортера номер 5	|var|PLC210 (Arm32bit + Linux ).Application.PLC_PRG.t5DI6		T5CalScript3,T5CloseScript3,T5LatchMnemo	Входое реле концевика закрытого состояния задвижки
T5LatchClose4	Boolean	СилКорпус / Входные переменные / Заслонки транспортера номер 5	|var|PLC210 (Arm32bit + Linux ).Application.PLC_PRG.t5DI8		T5CalScript4,T5CloseScript4,T5LatchMnemo	Входое реле концевика закрытого состояния задвижки
T5LatchClose5	Boolean	СилКорпус / Входные переменные / Заслонки транспортера номер 5	|var|PLC210 (Arm32bit + Linux ).Application.PLC_PRG.t5DI10		T5CalScript5,T5CloseScript5,T5LatchMnemo	Входое реле концевика закрытого состояния задвижки
T5LatchClose6	Boolean	СилКорпус / Входные переменные / Заслонки транспортера номер 5	|var|PLC210 (Arm32bit + Linux ).Application.PLC_PRG.t5DI12		T5CalScript6,T5CloseScript6,T5LatchMnemo	Входое реле концевика закрытого состояния задвижки
T5LatchClose7	Boolean	СилКорпус / Входные переменные / Заслонки транспортера номер 5	|var|PLC210 (Arm32bit + Linux ).Application.PLC_PRG.t5DI14		T5CalScript7,T5CloseScript7,T5LatchMnemo	Входое реле концевика закрытого состояния задвижки
T5LatchClose8	Boolean	СилКорпус / Входные переменные / Заслонки транспортера номер 5	|var|PLC210 (Arm32bit + Linux ).Application.PLC_PRG.t5DI16		T5CalScript8,T5CloseScript8,T5LatchMnemo	Входое реле концевика закрытого состояния задвижки
T5LatchOpen1	Boolean	СилКорпус / Входные переменные / Заслонки транспортера номер 5	|var|PLC210 (Arm32bit + Linux ).Application.PLC_PRG.t5DI1		T5CalScript1,T5LatchMnemo,T5OpenScript1	Входое реле концевика открытого состояния задвижки
T5LatchOpen2	Boolean	СилКорпус / Входные переменные / Заслонки транспортера номер 5	|var|PLC210 (Arm32bit + Linux ).Application.PLC_PRG.t5DI3		T5CalScript2,T5LatchMnemo,T5OpenScript2	Входое реле концевика открытого состояния задвижки
T5LatchOpen3	Boolean	СилКорпус / Входные переменные / Заслонки транспортера номер 5	|var|PLC210 (Arm32bit + Linux ).Application.PLC_PRG.t5DI5		T5CalScript3,T5LatchMnemo,T5OpenScript3	Входое реле концевика открытого состояния задвижки
T5LatchOpen4	Boolean	СилКорпус / Входные переменные / Заслонки транспортера номер 5	|var|PLC210 (Arm32bit + Linux ).Application.PLC_PRG.t5DI7		T5CalScript4,T5LatchMnemo,T5OpenScript4	Входое реле концевика открытого состояния задвижки
T5LatchOpen5	Boolean	СилКорпус / Входные переменные / Заслонки транспортера номер 5	|var|PLC210 (Arm32bit + Linux ).Application.PLC_PRG.t5DI9		T5CalScript5,T5LatchMnemo,T5OpenScript5	Входое реле концевика открытого состояния задвижки
T5LatchOpen6	Boolean	СилКорпус / Входные переменные / Заслонки транспортера номер 5	|var|PLC210 (Arm32bit + Linux ).Application.PLC_PRG.t5DI11		T5CalScript6,T5LatchMnemo,T5OpenScript6	Входое реле концевика открытого состояния задвижки
T5LatchOpen7	Boolean	СилКорпус / Входные переменные / Заслонки транспортера номер 5	|var|PLC210 (Arm32bit + Linux ).Application.PLC_PRG.t5DI13		T5CalScript7,T5LatchMnemo,T5OpenScript7	Входое реле концевика открытого состояния задвижки
T5LatchOpen8	Boolean	СилКорпус / Входные переменные / Заслонки транспортера номер 5	|var|PLC210 (Arm32bit + Linux ).Application.PLC_PRG.t5DI15		T5CalScript8,T5LatchMnemo,T5OpenScript8	Входое реле концевика открытого состояния задвижки
T5LatchRunClose	Boolean	СилКорпус / Выходные переменные / Заслонки транспортера номер 5	|var|PLC210 (Arm32bit + Linux ).Application.PLC_PRG.t5DO12	T5BlockOffButton_OnClick,T5CalScript1,T5CalScript2,T5CalScript3,T5CalScript4,T5CalScript5,T5CalScript6,T5CalScript7,T5CalScript8,T5CloseScript1,T5CloseScript2,T5CloseScript3,T5CloseScript4,T5CloseScript5,T5CloseScript6,T5CloseScript7,T5CloseScript8	T5CalScript1,T5CalScript2,T5CalScript3,T5CalScript4,T5CalScript5,T5CalScript6,T5CalScript7,T5CalScript8,T5LightControl	Выходное реле для закрытия выбранной заслонки
T5LatchRunOpen	Boolean	СилКорпус / Выходные переменные / Заслонки транспортера номер 5	|var|PLC210 (Arm32bit + Linux ).Application.PLC_PRG.t5DO11	T5BlockOffButton_OnClick,T5CalScript1,T5CalScript2,T5CalScript3,T5CalScript4,T5CalScript5,T5CalScript6,T5CalScript7,T5CalScript8,T5OpenScript1,T5OpenScript2,T5OpenScript3,T5OpenScript4,T5OpenScript5,T5OpenScript6,T5OpenScript7,T5OpenScript8	T5CalScript1,T5CalScript2,T5CalScript3,T5CalScript4,T5CalScript5,T5CalScript6,T5CalScript7,T5CalScript8,T5LightControl	Выходное реле для открытия выбранной заслонки
T5LatchSelect1	Boolean	СилКорпус / Выходные переменные / Заслонки транспортера номер 5	|var|PLC210 (Arm32bit + Linux ).Application.PLC_PRG.t5DO1	T5BlockOffButton_OnClick,T5CalScript1,T5CloseScript1,T5OpenScript1	T5LightControl	Выходное реле выбора заслонки для управления
T5LatchSelect2	Boolean	СилКорпус / Выходные переменные / Заслонки транспортера номер 5	|var|PLC210 (Arm32bit + Linux ).Application.PLC_PRG.t5DO2	T5BlockOffButton_OnClick,T5CalScript2,T5CloseScript2,T5OpenScript2	T5LightControl	Выходное реле выбора заслонки для управления
T5LatchSelect3	Boolean	СилКорпус / Выходные переменные / Заслонки транспортера номер 5	|var|PLC210 (Arm32bit + Linux ).Application.PLC_PRG.t5DO3	T5BlockOffButton_OnClick,T5CalScript3,T5CloseScript3,T5OpenScript3	T5LightControl	Выходное реле выбора заслонки для управления
T5LatchSelect4	Boolean	СилКорпус / Выходные переменные / Заслонки транспортера номер 5	|var|PLC210 (Arm32bit + Linux ).Application.PLC_PRG.t5DO4	T5BlockOffButton_OnClick,T5CalScript4,T5CloseScript4,T5OpenScript4	T5LightControl	Выходное реле выбора заслонки для управления
T5LatchSelect5	Boolean	СилКорпус / Выходные переменные / Заслонки транспортера номер 5	|var|PLC210 (Arm32bit + Linux ).Application.PLC_PRG.t5DO5	T5BlockOffButton_OnClick,T5CalScript5,T5CloseScript5,T5OpenScript5	T5LightControl	Выходное реле выбора заслонки для управления
T5LatchSelect6	Boolean	СилКорпус / Выходные переменные / Заслонки транспортера номер 5	|var|PLC210 (Arm32bit + Linux ).Application.PLC_PRG.t5DO6	T5BlockOffButton_OnClick,T5CalScript6,T5CloseScript6,T5OpenScript6	T5LightControl	Выходное реле выбора заслонки для управления
T5LatchSelect7	Boolean	СилКорпус / Выходные переменные / Заслонки транспортера номер 5	|var|PLC210 (Arm32bit + Linux ).Application.PLC_PRG.t5DO7	T5BlockOffButton_OnClick,T5CalScript7,T5CloseScript7,T5OpenScript7	T5LightControl	Выходное реле выбора заслонки для управления
T5LatchSelect8	Boolean	СилКорпус / Выходные переменные / Заслонки транспортера номер 5	|var|PLC210 (Arm32bit + Linux ).Application.PLC_PRG.t5DO8	T5BlockOffButton_OnClick,T5CalScript8,T5CloseScript8,T5OpenScript8	T5LightControl	Выходное реле выбора заслонки для управления
T5LatchStatus1	Word	СилКорпус / Статусы механизмов / Заслонки транспортера номер 5				Статус заслонки транспортера
T5LatchStatus2	Word	СилКорпус / Статусы механизмов / Заслонки транспортера номер 5				Статус заслонки транспортера
T5LatchStatus3	Word	СилКорпус / Статусы механизмов / Заслонки транспортера номер 5				Статус заслонки транспортера
T5LatchStatus4	Word	СилКорпус / Статусы механизмов / Заслонки транспортера номер 5				Статус заслонки транспортера
T5LatchStatus5	Word	СилКорпус / Статусы механизмов / Заслонки транспортера номер 5				Статус заслонки транспортера
T5LatchStatus6	Word	СилКорпус / Статусы механизмов / Заслонки транспортера номер 5				Статус заслонки транспортера
T5LatchStatus7	Word	СилКорпус / Статусы механизмов / Заслонки транспортера номер 5				Статус заслонки транспортера
T5LatchStatus8	Word	СилКорпус / Статусы механизмов / Заслонки транспортера номер 5				Статус заслонки транспортера
T5LatchStatusByte1	Byte	СилКорпус / Статусы механизмов / Заслонки транспортера номер 5		T5CalScript1,T5CloseScript1,T5ErrorOffButton_OnClick,T5LatchMnemo,T5OpenScript1	T5CalButton1_OnClick,T5CalScript1,T5CloseButton1_OnClick,T5LatchStatusBar,T5OpenButton1_OnClick	Статус заслонки транспортера в битах для формирования сообщений
T5LatchStatusByte2	Byte	СилКорпус / Статусы механизмов / Заслонки транспортера номер 5		T5CalScript2,T5CloseScript2,T5ErrorOffButton_OnClick,T5LatchMnemo,T5OpenScript2	T5CalButton2_OnClick,T5CalScript2,T5CloseButton2_OnClick,T5LatchStatusBar,T5OpenButton2_OnClick	Статус заслонки транспортера в битах для формирования сообщений
T5LatchStatusByte3	Byte	СилКорпус / Статусы механизмов / Заслонки транспортера номер 5		T5CalScript3,T5CloseScript3,T5ErrorOffButton_OnClick,T5LatchMnemo,T5OpenScript3	T5CalButton3_OnClick,T5CalScript3,T5LatchStatusBar,T5OpenButton3_OnClick	Статус заслонки транспортера в битах для формирования сообщений
T5LatchStatusByte4	Byte	СилКорпус / Статусы механизмов / Заслонки транспортера номер 5		T5CalScript4,T5CloseScript4,T5ErrorOffButton_OnClick,T5LatchMnemo,T5OpenScript4	T5CalButton4_OnClick,T5CalScript4,T5CloseButton4_OnClick,T5LatchStatusBar,T5OpenButton4_OnClick	Статус заслонки транспортера в битах для формирования сообщений
T5LatchStatusByte5	Byte	СилКорпус / Статусы механизмов / Заслонки транспортера номер 5		T5CalScript5,T5CloseScript5,T5ErrorOffButton_OnClick,T5LatchMnemo,T5OpenScript5	T5CalButton5_OnClick,T5CalScript5,T5CloseButton5_OnClick,T5LatchStatusBar,T5OpenButton5_OnClick	Статус заслонки транспортера в битах для формирования сообщений
T5LatchStatusByte6	Byte	СилКорпус / Статусы механизмов / Заслонки транспортера номер 5		T5CalScript6,T5CloseScript6,T5ErrorOffButton_OnClick,T5LatchMnemo,T5OpenScript6	T5CalButton6_OnClick,T5CalScript6,T5CloseButton6_OnClick,T5LatchStatusBar,T5OpenButton6_OnClick	Статус заслонки транспортера в битах для формирования сообщений
T5LatchStatusByte7	Byte	СилКорпус / Статусы механизмов / Заслонки транспортера номер 5		T5CalScript7,T5CloseScript7,T5ErrorOffButton_OnClick,T5LatchMnemo,T5OpenScript7	T5CalButton7_OnClick,T5CalScript7,T5CloseButton7_OnClick,T5LatchStatusBar,T5OpenButton7_OnClick	Статус заслонки транспортера в битах для формирования сообщений
T5LatchStatusByte8	Byte	СилКорпус / Статусы механизмов / Заслонки транспортера номер 5		T5CalScript8,T5CloseScript8,T5ErrorOffButton_OnClick,T5LatchMnemo,T5OpenScript8	T5CalButton8_OnClick,T5CalScript8,T5CloseButton8_OnClick,T5LatchStatusBar,T5OpenButton8_OnClick	Статус заслонки транспортера в битах для формирования сообщений
T5OpenStatus1	Boolean	СилКорпус / Переменные управления заслонками / Заслонки транспортера номер 5		T5BlockOffButton_OnClick,T5OpenButton1_OnClick,T5OpenScript1	T5OpenScript1	Переменная для пуска алгоритма открытия заслонки
T5OpenStatus2	Boolean	СилКорпус / Переменные управления заслонками / Заслонки транспортера номер 5		T5BlockOffButton_OnClick,T5OpenButton2_OnClick,T5OpenScript2	T5OpenScript2	Переменная для пуска алгоритма открытия заслонки
T5OpenStatus3	Boolean	СилКорпус / Переменные управления заслонками / Заслонки транспортера номер 5		T5BlockOffButton_OnClick,T5OpenButton3_OnClick,T5OpenScript3	T5OpenScript3	Переменная для пуска алгоритма открытия заслонки
T5OpenStatus4	Boolean	СилКорпус / Переменные управления заслонками / Заслонки транспортера номер 5		T5BlockOffButton_OnClick,T5OpenButton4_OnClick,T5OpenScript4	T5OpenScript4	Переменная для пуска алгоритма открытия заслонки
T5OpenStatus5	Boolean	СилКорпус / Переменные управления заслонками / Заслонки транспортера номер 5		T5BlockOffButton_OnClick,T5OpenButton5_OnClick,T5OpenScript5	T5OpenScript5	Переменная для пуска алгоритма открытия заслонки
T5OpenStatus6	Boolean	СилКорпус / Переменные управления заслонками / Заслонки транспортера номер 5		T5BlockOffButton_OnClick,T5OpenButton6_OnClick,T5OpenScript6	T5OpenScript6	Переменная для пуска алгоритма открытия заслонки
T5OpenStatus7	Boolean	СилКорпус / Переменные управления заслонками / Заслонки транспортера номер 5		T5BlockOffButton_OnClick,T5OpenButton7_OnClick,T5OpenScript7	T5OpenScript7	Переменная для пуска алгоритма открытия заслонки
T5OpenStatus8	Boolean	СилКорпус / Переменные управления заслонками / Заслонки транспортера номер 5		T5BlockOffButton_OnClick,T5OpenButton8_OnClick,T5OpenScript8	T5OpenScript8	Переменная для пуска алгоритма открытия заслонки
T5OpenTimer1	Integer	СилКорпус / Таймеры / Заслонки транспортера номер 5		T5BlockOffButton_OnClick,T5OpenScript1	T5OpenScript1	Таймер алгоритма открытия заслонки
T5OpenTimer2	Integer	СилКорпус / Таймеры / Заслонки транспортера номер 5		T5BlockOffButton_OnClick,T5OpenScript2	T5OpenScript2	Таймер алгоритма открытия заслонки
T5OpenTimer3	Integer	СилКорпус / Таймеры / Заслонки транспортера номер 5		T5BlockOffButton_OnClick,T5OpenScript3	T5OpenScript3	Таймер алгоритма открытия заслонки
T5OpenTimer4	Integer	СилКорпус / Таймеры / Заслонки транспортера номер 5		T5BlockOffButton_OnClick,T5OpenScript4	T5OpenScript4	Таймер алгоритма открытия заслонки
T5OpenTimer5	Integer	СилКорпус / Таймеры / Заслонки транспортера номер 5		T5BlockOffButton_OnClick,T5OpenScript5	T5OpenScript5	Таймер алгоритма открытия заслонки
T5OpenTimer6	Integer	СилКорпус / Таймеры / Заслонки транспортера номер 5		T5BlockOffButton_OnClick,T5OpenScript6	T5OpenScript6	Таймер алгоритма открытия заслонки
T5OpenTimer7	Integer	СилКорпус / Таймеры / Заслонки транспортера номер 5		T5BlockOffButton_OnClick,T5OpenScript7	T5OpenScript7	Таймер алгоритма открытия заслонки
T5OpenTimer8	Integer	СилКорпус / Таймеры / Заслонки транспортера номер 5		T5BlockOffButton_OnClick,T5OpenScript8	T5OpenScript8	Таймер алгоритма открытия заслонки
T5Power	Single	СилКорпус / Входные переменные / Переменные телеметрии Частотных преобразователей	|var|PLC210 (Arm32bit + Linux ).Application.PLC_PRG.t5Power			Значение потребляемой мощности транспортера
T5TargerFreq	Single	СилКорпус / Выходные переменные / Задание частоты ЧП транспортеров		T1toT7StartFreq	T5FreqTarget	
T6AlarmStatus	Boolean	СилКорпус / Переменные управления заслонками / Служебные переменные заслонок				Включение оповещения движения задвижек
T6BlockSelectStatus	Boolean	СилКорпус / Переменные управления заслонками / Заслонки транспортера номер 6		T6BlockOffButton_OnClick,T6CalButton10_OnClick,T6CalButton1_OnClick,T6CalButton2_OnClick,T6CalButton3_OnClick,T6CalButton4_OnClick,T6CalButton5_OnClick,T6CalButton6_OnClick,T6CalButton7_OnClick,T6CalButton8_OnClick,T6CalButton9_OnClick,T6CalScript1,T6CalScript10,T6CalScript2,T6CalScript3,T6CalScript4,T6CalScript5,T6CalScript6,T6CalScript7,T6CalScript8,T6CalScript9,T6CloseButton10_OnClick,T6CloseButton1_OnClick,T6CloseButton2_OnClick,T6CloseButton3_OnClick,T6CloseButton4_OnClick,T6CloseButton5_OnClick,T6CloseButton6_OnClick,T6CloseButton7_OnClick,T6CloseButton8_OnClick,T6CloseButton9_OnClick,T6CloseScript1,T6CloseScript10,T6CloseScript2,T6CloseScript3,T6CloseScript4,T6CloseScript5,T6CloseScript6,T6CloseScript7,T6CloseScript8,T6CloseScript9,T6OpenButton10_OnClick,T6OpenButton1_OnClick,T6OpenButton2_OnClick,T6OpenButton3_OnClick,T6OpenButton4_OnClick,T6OpenButton5_OnClick,T6OpenButton6_OnClick,T6OpenButton7_OnClick,T6OpenButton8_OnClick,T6OpenButton9_OnClick,T6OpenScript1,T6OpenScript10,T6OpenScript2,T6OpenScript3,T6OpenScript4,T6OpenScript5,T6OpenScript6,T6OpenScript7,T6OpenScript8,T6OpenScript9	T6CalButton10_OnClick,T6CalButton1_OnClick,T6CalButton2_OnClick,T6CalButton3_OnClick,T6CalButton4_OnClick,T6CalButton5_OnClick,T6CalButton6_OnClick,T6CalButton7_OnClick,T6CalButton8_OnClick,T6CalButton9_OnClick,T6CloseButton10_OnClick,T6CloseButton1_OnClick,T6CloseButton2_OnClick,T6CloseButton3_OnClick,T6CloseButton4_OnClick,T6CloseButton5_OnClick,T6CloseButton6_OnClick,T6CloseButton7_OnClick,T6CloseButton8_OnClick,T6CloseButton9_OnClick,T6LatchMnemo,T6OpenButton10_OnClick,T6OpenButton1_OnClick,T6OpenButton2_OnClick,T6OpenButton3_OnClick,T6OpenButton4_OnClick,T6OpenButton5_OnClick,T6OpenButton6_OnClick,T6OpenButton7_OnClick,T6OpenButton8_OnClick,T6OpenButton9_OnClick	Переменная для блокировки управления заслонками транспортера
T6CalStatus1	Boolean	СилКорпус / Переменные управления заслонками / Заслонки транспортера номер 6		T6BlockOffButton_OnClick,T6CalButton1_OnClick,T6CalScript1	T6CalScript1	Переменная для пуска алгоритма калибровки заслонки
T6CalStatus10	Boolean	СилКорпус / Переменные управления заслонками / Заслонки транспортера номер 6		T6BlockOffButton_OnClick,T6CalButton10_OnClick,T6CalScript10	T6CalScript10	Переменная для пуска алгоритма калибровки заслонки
T6CalStatus2	Boolean	СилКорпус / Переменные управления заслонками / Заслонки транспортера номер 6		T6BlockOffButton_OnClick,T6CalButton2_OnClick,T6CalScript2	T6CalScript2	Переменная для пуска алгоритма калибровки заслонки
T6CalStatus3	Boolean	СилКорпус / Переменные управления заслонками / Заслонки транспортера номер 6		T6BlockOffButton_OnClick,T6CalButton3_OnClick,T6CalScript3	T6CalScript3	Переменная для пуска алгоритма калибровки заслонки
T6CalStatus4	Boolean	СилКорпус / Переменные управления заслонками / Заслонки транспортера номер 6		T6BlockOffButton_OnClick,T6CalButton4_OnClick,T6CalScript4	T6CalScript4	Переменная для пуска алгоритма калибровки заслонки
T6CalStatus5	Boolean	СилКорпус / Переменные управления заслонками / Заслонки транспортера номер 6		T6BlockOffButton_OnClick,T6CalButton5_OnClick,T6CalScript5	T6CalScript5	Переменная для пуска алгоритма калибровки заслонки
T6CalStatus6	Boolean	СилКорпус / Переменные управления заслонками / Заслонки транспортера номер 6		T6BlockOffButton_OnClick,T6CalButton6_OnClick,T6CalScript6	T6CalScript6	Переменная для пуска алгоритма калибровки заслонки
T6CalStatus7	Boolean	СилКорпус / Переменные управления заслонками / Заслонки транспортера номер 6		T6BlockOffButton_OnClick,T6CalButton7_OnClick,T6CalScript7	T6CalScript7	Переменная для пуска алгоритма калибровки заслонки
T6CalStatus8	Boolean	СилКорпус / Переменные управления заслонками / Заслонки транспортера номер 6		T6BlockOffButton_OnClick,T6CalButton8_OnClick,T6CalScript8	T6CalScript8	Переменная для пуска алгоритма калибровки заслонки
T6CalStatus9	Boolean	СилКорпус / Переменные управления заслонками / Заслонки транспортера номер 6		T6BlockOffButton_OnClick,T6CalButton9_OnClick,T6CalScript9	T6CalScript9	Переменная для пуска алгоритма калибровки заслонки
T6CalTimer1	Integer	СилКорпус / Таймеры / Заслонки транспортера номер 6		T6BlockOffButton_OnClick,T6CalScript1	T6CalScript1	Таймер алгоритма калибровки заслонки
T6CalTimer10	Integer	СилКорпус / Таймеры / Заслонки транспортера номер 6		T6BlockOffButton_OnClick,T6CalScript10	T6CalScript10	Таймер алгоритма калибровки заслонки
T6CalTimer2	Integer	СилКорпус / Таймеры / Заслонки транспортера номер 6		T6BlockOffButton_OnClick,T6CalScript2	T6CalScript2	Таймер алгоритма калибровки заслонки
T6CalTimer3	Integer	СилКорпус / Таймеры / Заслонки транспортера номер 6		T6BlockOffButton_OnClick,T6CalScript3	T6CalScript3	Таймер алгоритма калибровки заслонки
T6CalTimer4	Integer	СилКорпус / Таймеры / Заслонки транспортера номер 6		T6BlockOffButton_OnClick,T6CalScript4	T6CalScript4	Таймер алгоритма калибровки заслонки
T6CalTimer5	Integer	СилКорпус / Таймеры / Заслонки транспортера номер 6		T6BlockOffButton_OnClick,T6CalScript5	T6CalScript5	Таймер алгоритма калибровки заслонки
T6CalTimer6	Integer	СилКорпус / Таймеры / Заслонки транспортера номер 6		T6BlockOffButton_OnClick,T6CalScript6	T6CalScript6	Таймер алгоритма калибровки заслонки
T6CalTimer7	Integer	СилКорпус / Таймеры / Заслонки транспортера номер 6		T6BlockOffButton_OnClick,T6CalScript7	T6CalScript7	Таймер алгоритма калибровки заслонки
T6CalTimer8	Integer	СилКорпус / Таймеры / Заслонки транспортера номер 6		T6BlockOffButton_OnClick,T6CalScript8	T6CalScript8	Таймер алгоритма калибровки заслонки
T6CalTimer9	Integer	СилКорпус / Таймеры / Заслонки транспортера номер 6		T6BlockOffButton_OnClick,T6CalScript9	T6CalScript9	Таймер алгоритма калибровки заслонки
T6CloseStatus1	Boolean	СилКорпус / Переменные управления заслонками / Заслонки транспортера номер 6		T6BlockOffButton_OnClick,T6CalScript1,T6CloseButton1_OnClick,T6CloseScript1	T6CloseScript1	Переменная для пуска алгоритма закрытия заслонки
T6CloseStatus10	Boolean	СилКорпус / Переменные управления заслонками / Заслонки транспортера номер 6		T6BlockOffButton_OnClick,T6CalScript10,T6CloseButton10_OnClick,T6CloseScript10	T6CloseScript10	Переменная для пуска алгоритма закрытия заслонки
T6CloseStatus2	Boolean	СилКорпус / Переменные управления заслонками / Заслонки транспортера номер 6		T6BlockOffButton_OnClick,T6CalScript2,T6CloseButton2_OnClick,T6CloseScript2	T6CloseScript2	Переменная для пуска алгоритма закрытия заслонки
T6CloseStatus3	Boolean	СилКорпус / Переменные управления заслонками / Заслонки транспортера номер 6		T6BlockOffButton_OnClick,T6CalScript3,T6CloseButton3_OnClick,T6CloseScript3	T6CloseScript3	Переменная для пуска алгоритма закрытия заслонки
T6CloseStatus4	Boolean	СилКорпус / Переменные управления заслонками / Заслонки транспортера номер 6		T6BlockOffButton_OnClick,T6CalScript4,T6CloseButton4_OnClick,T6CloseScript4	T6CloseScript4	Переменная для пуска алгоритма закрытия заслонки
T6CloseStatus5	Boolean	СилКорпус / Переменные управления заслонками / Заслонки транспортера номер 6		T6BlockOffButton_OnClick,T6CalScript5,T6CloseButton5_OnClick,T6CloseScript5	T6CloseScript5	Переменная для пуска алгоритма закрытия заслонки
T6CloseStatus6	Boolean	СилКорпус / Переменные управления заслонками / Заслонки транспортера номер 6		T6BlockOffButton_OnClick,T6CalScript6,T6CloseButton6_OnClick,T6CloseScript6	T6CloseScript6	Переменная для пуска алгоритма закрытия заслонки
T6CloseStatus7	Boolean	СилКорпус / Переменные управления заслонками / Заслонки транспортера номер 6		T6BlockOffButton_OnClick,T6CalScript7,T6CloseButton7_OnClick,T6CloseScript7	T6CloseScript7	Переменная для пуска алгоритма закрытия заслонки
T6CloseStatus8	Boolean	СилКорпус / Переменные управления заслонками / Заслонки транспортера номер 6		T6BlockOffButton_OnClick,T6CalScript8,T6CloseButton8_OnClick,T6CloseScript8	T6CloseScript8	Переменная для пуска алгоритма закрытия заслонки
T6CloseStatus9	Boolean	СилКорпус / Переменные управления заслонками / Заслонки транспортера номер 6		T6BlockOffButton_OnClick,T6CalScript9,T6CloseButton9_OnClick,T6CloseScript9	T6CloseScript9	Переменная для пуска алгоритма закрытия заслонки
T6CloseTimer1	Integer	СилКорпус / Таймеры / Заслонки транспортера номер 6		T6BlockOffButton_OnClick,T6CloseScript1	T6CloseScript1	Таймер алгоритма закрытия заслонки
T6CloseTimer10	Integer	СилКорпус / Таймеры / Заслонки транспортера номер 6		T6BlockOffButton_OnClick,T6CloseScript10	T6CloseScript10	Таймер алгоритма закрытия заслонки
T6CloseTimer2	Integer	СилКорпус / Таймеры / Заслонки транспортера номер 6		T6BlockOffButton_OnClick,T6CloseScript2	T6CloseScript2	Таймер алгоритма закрытия заслонки
T6CloseTimer3	Integer	СилКорпус / Таймеры / Заслонки транспортера номер 6		T6BlockOffButton_OnClick,T6CloseScript3	T6CloseScript3	Таймер алгоритма закрытия заслонки
T6CloseTimer4	Integer	СилКорпус / Таймеры / Заслонки транспортера номер 6		T6BlockOffButton_OnClick,T6CloseScript4	T6CloseScript4	Таймер алгоритма закрытия заслонки
T6CloseTimer5	Integer	СилКорпус / Таймеры / Заслонки транспортера номер 6		T6BlockOffButton_OnClick,T6CloseScript5	T6CloseScript5	Таймер алгоритма закрытия заслонки
T6CloseTimer6	Integer	СилКорпус / Таймеры / Заслонки транспортера номер 6		T6BlockOffButton_OnClick,T6CloseScript6	T6CloseScript6	Таймер алгоритма закрытия заслонки
T6CloseTimer7	Integer	СилКорпус / Таймеры / Заслонки транспортера номер 6		T6BlockOffButton_OnClick,T6CloseScript7	T6CloseScript7	Таймер алгоритма закрытия заслонки
T6CloseTimer8	Integer	СилКорпус / Таймеры / Заслонки транспортера номер 6		T6BlockOffButton_OnClick,T6CloseScript8	T6CloseScript8	Таймер алгоритма закрытия заслонки
T6CloseTimer9	Integer	СилКорпус / Таймеры / Заслонки транспортера номер 6		T6BlockOffButton_OnClick,T6CloseScript9	T6CloseScript9	Таймер алгоритма закрытия заслонки
T6Freq	Single	СилКорпус / Входные переменные / Переменные телеметрии Частотных преобразователей	|var|PLC210 (Arm32bit + Linux ).Application.PLC_PRG.t6FreqMonitoring			Задание частоты для частотного преобразователя транспортера
T6FreqToPLC	Single	СилКорпус / Выходные переменные / Задание частоты ЧП транспортеров	|var|PLC210 (Arm32bit + Linux ).Application.PLC_PRG.t6Freq	T1toT7StartFreq,T6FreqTarget		
T6LatchCalCloseTime1	Integer	СилКорпус / Калибровки хода заслонок / Заслонки транспортера номер 6		T6CalScript1	T6CalScript1,T6CalValueBar,T6CloseButton1_OnClick,T6CloseScript1	Время хода задвижки от открытого состояния к закрытому
T6LatchCalCloseTime10	Integer	СилКорпус / Калибровки хода заслонок / Заслонки транспортера номер 6		T6CalScript10	T6CalScript10,T6CalValueBar,T6CloseButton10_OnClick,T6CloseScript10	Время хода задвижки от открытого состояния к закрытому
T6LatchCalCloseTime2	Integer	СилКорпус / Калибровки хода заслонок / Заслонки транспортера номер 6		T6CalScript2	T6CalScript2,T6CalValueBar,T6CloseButton2_OnClick,T6CloseScript2	Время хода задвижки от открытого состояния к закрытому
T6LatchCalCloseTime3	Integer	СилКорпус / Калибровки хода заслонок / Заслонки транспортера номер 6		T6CalScript3	T6CalScript3,T6CalValueBar,T6CloseButton3_OnClick,T6CloseScript3	Время хода задвижки от открытого состояния к закрытому
T6LatchCalCloseTime4	Integer	СилКорпус / Калибровки хода заслонок / Заслонки транспортера номер 6		T6CalScript4	T6CalScript4,T6CalValueBar,T6CloseButton4_OnClick,T6CloseScript4	Время хода задвижки от открытого состояния к закрытому
T6LatchCalCloseTime5	Integer	СилКорпус / Калибровки хода заслонок / Заслонки транспортера номер 6		T6CalScript5	T6CalScript5,T6CalValueBar,T6CloseButton5_OnClick,T6CloseScript5	Время хода задвижки от открытого состояния к закрытому
T6LatchCalCloseTime6	Integer	СилКорпус / Калибровки хода заслонок / Заслонки транспортера номер 6		T6CalScript6	T6CalScript6,T6CalValueBar,T6CloseButton6_OnClick,T6CloseScript6	Время хода задвижки от открытого состояния к закрытому
T6LatchCalCloseTime7	Integer	СилКорпус / Калибровки хода заслонок / Заслонки транспортера номер 6		T6CalScript7	T6CalScript7,T6CalValueBar,T6CloseButton7_OnClick,T6CloseScript7	Время хода задвижки от открытого состояния к закрытому
T6LatchCalCloseTime8	Integer	СилКорпус / Калибровки хода заслонок / Заслонки транспортера номер 6		T6CalScript8	T6CalScript8,T6CalValueBar,T6CloseButton8_OnClick,T6CloseScript8	Время хода задвижки от открытого состояния к закрытому
T6LatchCalCloseTime9	Integer	СилКорпус / Калибровки хода заслонок / Заслонки транспортера номер 6		T6CalScript9	T6CalScript9,T6CalValueBar,T6CloseButton9_OnClick,T6CloseScript9	Время хода задвижки от открытого состояния к закрытому
T6LatchCalOpenTime1	Integer	СилКорпус / Калибровки хода заслонок / Заслонки транспортера номер 6		T6CalScript1	T6CalScript1,T6CalValueBar,T6OpenButton1_OnClick,T6OpenScript1	Время хода задвижки от закрытого состояния к открытому
T6LatchCalOpenTime10	Integer	СилКорпус / Калибровки хода заслонок / Заслонки транспортера номер 6		T6CalScript10	T6CalScript10,T6CalValueBar,T6OpenButton10_OnClick,T6OpenScript10	Время хода задвижки от закрытого состояния к открытому
T6LatchCalOpenTime2	Integer	СилКорпус / Калибровки хода заслонок / Заслонки транспортера номер 6		T6CalScript2	T6CalScript2,T6CalValueBar,T6OpenButton2_OnClick,T6OpenScript2	Время хода задвижки от закрытого состояния к открытому
T6LatchCalOpenTime3	Integer	СилКорпус / Калибровки хода заслонок / Заслонки транспортера номер 6		T6CalScript3	T6CalScript3,T6CalValueBar,T6OpenButton3_OnClick,T6OpenScript3	Время хода задвижки от закрытого состояния к открытому
T6LatchCalOpenTime4	Integer	СилКорпус / Калибровки хода заслонок / Заслонки транспортера номер 6		T6CalScript4	T6CalScript4,T6CalValueBar,T6OpenButton4_OnClick,T6OpenScript4	Время хода задвижки от закрытого состояния к открытому
T6LatchCalOpenTime5	Integer	СилКорпус / Калибровки хода заслонок / Заслонки транспортера номер 6		T6CalScript5	T6CalScript5,T6CalValueBar,T6OpenButton5_OnClick,T6OpenScript5	Время хода задвижки от закрытого состояния к открытому
T6LatchCalOpenTime6	Integer	СилКорпус / Калибровки хода заслонок / Заслонки транспортера номер 6		T6CalScript6	T6CalScript6,T6CalValueBar,T6OpenButton6_OnClick,T6OpenScript6	Время хода задвижки от закрытого состояния к открытому
T6LatchCalOpenTime7	Integer	СилКорпус / Калибровки хода заслонок / Заслонки транспортера номер 6		T6CalScript7	T6CalScript7,T6CalValueBar,T6OpenButton7_OnClick,T6OpenScript7	Время хода задвижки от закрытого состояния к открытому
T6LatchCalOpenTime8	Integer	СилКорпус / Калибровки хода заслонок / Заслонки транспортера номер 6		T6CalScript8	T6CalScript8,T6CalValueBar,T6OpenButton8_OnClick,T6OpenScript8	Время хода задвижки от закрытого состояния к открытому
T6LatchCalOpenTime9	Integer	СилКорпус / Калибровки хода заслонок / Заслонки транспортера номер 6		T6CalScript9	T6CalScript9,T6CalValueBar,T6OpenButton9_OnClick,T6OpenScript9	Время хода задвижки от закрытого состояния к открытому
T6LatchClose1	Boolean	СилКорпус / Входные переменные / Заслонки транспортера номер 6	|var|PLC210 (Arm32bit + Linux ).Application.PLC_PRG.t6DI12		T6CalScript1,T6CloseScript1,T6LatchMnemo	Входое реле концевика закрытого состояния задвижки
T6LatchClose10	Boolean	СилКорпус / Входные переменные / Заслонки транспортера номер 6	|var|PLC210 (Arm32bit + Linux ).Application.PLC_PRG.t6DI30		T6CalScript10,T6CloseScript10,T6LatchMnemo	Входое реле концевика закрытого состояния задвижки
T6LatchClose2	Boolean	СилКорпус / Входные переменные / Заслонки транспортера номер 6	|var|PLC210 (Arm32bit + Linux ).Application.PLC_PRG.t6DI14		T6CalScript2,T6CloseScript2,T6LatchMnemo	Входое реле концевика закрытого состояния задвижки
T6LatchClose3	Boolean	СилКорпус / Входные переменные / Заслонки транспортера номер 6	|var|PLC210 (Arm32bit + Linux ).Application.PLC_PRG.t6DI16		T6CalScript3,T6CloseScript3,T6LatchMnemo	Входое реле концевика закрытого состояния задвижки
T6LatchClose4	Boolean	СилКорпус / Входные переменные / Заслонки транспортера номер 6	|var|PLC210 (Arm32bit + Linux ).Application.PLC_PRG.t6DI18		T6CalScript4,T6CloseScript4,T6LatchMnemo	Входое реле концевика закрытого состояния задвижки
T6LatchClose5	Boolean	СилКорпус / Входные переменные / Заслонки транспортера номер 6	|var|PLC210 (Arm32bit + Linux ).Application.PLC_PRG.t6DI20		T6CalScript5,T6CloseScript5,T6LatchMnemo	Входое реле концевика закрытого состояния задвижки
T6LatchClose6	Boolean	СилКорпус / Входные переменные / Заслонки транспортера номер 6	|var|PLC210 (Arm32bit + Linux ).Application.PLC_PRG.t6DI22		T6CalScript6,T6CloseScript6,T6LatchMnemo	Входое реле концевика закрытого состояния задвижки
T6LatchClose7	Boolean	СилКорпус / Входные переменные / Заслонки транспортера номер 6	|var|PLC210 (Arm32bit + Linux ).Application.PLC_PRG.t6DI24		T6CalScript7,T6CloseScript7,T6LatchMnemo	Входое реле концевика закрытого состояния задвижки
T6LatchClose8	Boolean	СилКорпус / Входные переменные / Заслонки транспортера номер 6	|var|PLC210 (Arm32bit + Linux ).Application.PLC_PRG.t6DI26		T6CalScript8,T6CloseScript8,T6LatchMnemo	Входое реле концевика закрытого состояния задвижки
T6LatchClose9	Boolean	СилКорпус / Входные переменные / Заслонки транспортера номер 6	|var|PLC210 (Arm32bit + Linux ).Application.PLC_PRG.t6DI28		T6CalScript9,T6CloseScript9,T6LatchMnemo	Входое реле концевика закрытого состояния задвижки
T6LatchOpen1	Boolean	СилКорпус / Входные переменные / Заслонки транспортера номер 6	|var|PLC210 (Arm32bit + Linux ).Application.PLC_PRG.t6DI11		T6CalScript1,T6LatchMnemo,T6OpenScript1	Входое реле концевика открытого состояния задвижки
T6LatchOpen10	Boolean	СилКорпус / Входные переменные / Заслонки транспортера номер 6	|var|PLC210 (Arm32bit + Linux ).Application.PLC_PRG.t6DI29		T6CalScript10,T6LatchMnemo,T6OpenScript10	Входое реле концевика открытого состояния задвижки
T6LatchOpen2	Boolean	СилКорпус / Входные переменные / Заслонки транспортера номер 6	|var|PLC210 (Arm32bit + Linux ).Application.PLC_PRG.t6DI13		T6CalScript2,T6LatchMnemo,T6OpenScript2	Входое реле концевика открытого состояния задвижки
T6LatchOpen3	Boolean	СилКорпус / Входные переменные / Заслонки транспортера номер 6	|var|PLC210 (Arm32bit + Linux ).Application.PLC_PRG.t6DI15		T6CalScript3,T6LatchMnemo,T6OpenScript3	Входое реле концевика открытого состояния задвижки
T6LatchOpen4	Boolean	СилКорпус / Входные переменные / Заслонки транспортера номер 6	|var|PLC210 (Arm32bit + Linux ).Application.PLC_PRG.t6DI17		T6CalScript4,T6LatchMnemo,T6OpenScript4	Входое реле концевика открытого состояния задвижки
T6LatchOpen5	Boolean	СилКорпус / Входные переменные / Заслонки транспортера номер 6	|var|PLC210 (Arm32bit + Linux ).Application.PLC_PRG.t6DI19		T6CalScript5,T6LatchMnemo,T6OpenScript5	Входое реле концевика открытого состояния задвижки
T6LatchOpen6	Boolean	СилКорпус / Входные переменные / Заслонки транспортера номер 6	|var|PLC210 (Arm32bit + Linux ).Application.PLC_PRG.t6DI21		T6CalScript6,T6LatchMnemo,T6OpenScript6	Входое реле концевика открытого состояния задвижки
T6LatchOpen7	Boolean	СилКорпус / Входные переменные / Заслонки транспортера номер 6	|var|PLC210 (Arm32bit + Linux ).Application.PLC_PRG.t6DI23		T6CalScript7,T6LatchMnemo,T6OpenScript7	Входое реле концевика открытого состояния задвижки
T6LatchOpen8	Boolean	СилКорпус / Входные переменные / Заслонки транспортера номер 6	|var|PLC210 (Arm32bit + Linux ).Application.PLC_PRG.t6DI25		T6CalScript8,T6LatchMnemo,T6OpenScript8	Входое реле концевика открытого состояния задвижки
T6LatchOpen9	Boolean	СилКорпус / Входные переменные / Заслонки транспортера номер 6	|var|PLC210 (Arm32bit + Linux ).Application.PLC_PRG.t6DI27		T6CalScript9,T6LatchMnemo,T6OpenScript9	Входое реле концевика открытого состояния задвижки
T6LatchRunClose	Boolean	СилКорпус / Выходные переменные / Заслонки транспортера номер 6	|var|PLC210 (Arm32bit + Linux ).Application.PLC_PRG.t6DO16	T6BlockOffButton_OnClick,T6CalScript1,T6CalScript10,T6CalScript2,T6CalScript3,T6CalScript4,T6CalScript5,T6CalScript6,T6CalScript7,T6CalScript8,T6CalScript9,T6CloseScript1,T6CloseScript10,T6CloseScript2,T6CloseScript3,T6CloseScript4,T6CloseScript5,T6CloseScript6,T6CloseScript7,T6CloseScript8,T6CloseScript9	T6CalScript1,T6CalScript10,T6CalScript2,T6CalScript3,T6CalScript4,T6CalScript5,T6CalScript6,T6CalScript7,T6CalScript8,T6CalScript9,T6LightControl	Выходное реле для закрытия выбранной заслонки
T6LatchRunOpen	Boolean	СилКорпус / Выходные переменные / Заслонки транспортера номер 6	|var|PLC210 (Arm32bit + Linux ).Application.PLC_PRG.t6DO15	T6BlockOffButton_OnClick,T6CalScript1,T6CalScript10,T6CalScript2,T6CalScript3,T6CalScript4,T6CalScript5,T6CalScript6,T6CalScript7,T6CalScript8,T6CalScript9,T6OpenScript1,T6OpenScript10,T6OpenScript2,T6OpenScript3,T6OpenScript4,T6OpenScript5,T6OpenScript6,T6OpenScript7,T6OpenScript8,T6OpenScript9	T6CalScript1,T6CalScript10,T6CalScript2,T6CalScript3,T6CalScript4,T6CalScript5,T6CalScript6,T6CalScript7,T6CalScript8,T6CalScript9,T6LightControl	Выходное реле для открытия выбранной заслонки
T6LatchSelect1	Boolean	СилКорпус / Выходные переменные / Заслонки транспортера номер 6	|var|PLC210 (Arm32bit + Linux ).Application.PLC_PRG.t6DO5	T6BlockOffButton_OnClick,T6CalScript1,T6CloseScript1,T6OpenScript1	T6LightControl	Выходное реле выбора заслонки для управления
T6LatchSelect10	Boolean	СилКорпус / Выходные переменные / Заслонки транспортера номер 6	|var|PLC210 (Arm32bit + Linux ).Application.PLC_PRG.t6DO14	T6BlockOffButton_OnClick,T6CalScript10,T6CloseScript10,T6OpenScript10	T6LightControl	Выходное реле выбора заслонки для управления
T6LatchSelect2	Boolean	СилКорпус / Выходные переменные / Заслонки транспортера номер 6	|var|PLC210 (Arm32bit + Linux ).Application.PLC_PRG.t6DO6	T6BlockOffButton_OnClick,T6CalScript2,T6CloseScript2,T6OpenScript2	T6LightControl	Выходное реле выбора заслонки для управления
T6LatchSelect3	Boolean	СилКорпус / Выходные переменные / Заслонки транспортера номер 6	|var|PLC210 (Arm32bit + Linux ).Application.PLC_PRG.t6DO7	T6BlockOffButton_OnClick,T6CalScript3,T6CloseScript3,T6OpenScript3	T6LightControl	Выходное реле выбора заслонки для управления
T6LatchSelect4	Boolean	СилКорпус / Выходные переменные / Заслонки транспортера номер 6	|var|PLC210 (Arm32bit + Linux ).Application.PLC_PRG.t6DO8	T6BlockOffButton_OnClick,T6CalScript4,T6CloseScript4,T6OpenScript4	T6LightControl	Выходное реле выбора заслонки для управления
T6LatchSelect5	Boolean	СилКорпус / Выходные переменные / Заслонки транспортера номер 6	|var|PLC210 (Arm32bit + Linux ).Application.PLC_PRG.t6DO9	T6BlockOffButton_OnClick,T6CalScript5,T6CloseScript5,T6OpenScript5	T6LightControl	Выходное реле выбора заслонки для управления
T6LatchSelect6	Boolean	СилКорпус / Выходные переменные / Заслонки транспортера номер 6	|var|PLC210 (Arm32bit + Linux ).Application.PLC_PRG.t6DO10	T6BlockOffButton_OnClick,T6CalScript6,T6CloseScript6,T6OpenScript6	T6LightControl	Выходное реле выбора заслонки для управления
T6LatchSelect7	Boolean	СилКорпус / Выходные переменные / Заслонки транспортера номер 6	|var|PLC210 (Arm32bit + Linux ).Application.PLC_PRG.t6DO11	T6BlockOffButton_OnClick,T6CalScript7,T6CloseScript7,T6OpenScript7	T6LightControl	Выходное реле выбора заслонки для управления
T6LatchSelect8	Boolean	СилКорпус / Выходные переменные / Заслонки транспортера номер 6	|var|PLC210 (Arm32bit + Linux ).Application.PLC_PRG.t6DO12	T6BlockOffButton_OnClick,T6CalScript8,T6CloseScript8,T6OpenScript8	T6LightControl	Выходное реле выбора заслонки для управления
T6LatchSelect9	Boolean	СилКорпус / Выходные переменные / Заслонки транспортера номер 6	|var|PLC210 (Arm32bit + Linux ).Application.PLC_PRG.t6DO13	T6BlockOffButton_OnClick,T6CalScript9,T6CloseScript9,T6OpenScript9	T6LightControl	Выходное реле выбора заслонки для управления
T6LatchStatus1	Word	СилКорпус / Статусы механизмов / Заслонки транспортера номер 6				Статус заслонки транспортера
T6LatchStatus10	Word	СилКорпус / Статусы механизмов / Заслонки транспортера номер 6				Статус заслонки транспортера
T6LatchStatus2	Word	СилКорпус / Статусы механизмов / Заслонки транспортера номер 6				Статус заслонки транспортера
T6LatchStatus3	Word	СилКорпус / Статусы механизмов / Заслонки транспортера номер 6				Статус заслонки транспортера
T6LatchStatus4	Word	СилКорпус / Статусы механизмов / Заслонки транспортера номер 6				Статус заслонки транспортера
T6LatchStatus5	Word	СилКорпус / Статусы механизмов / Заслонки транспортера номер 6				Статус заслонки транспортера
T6LatchStatus6	Word	СилКорпус / Статусы механизмов / Заслонки транспортера номер 6				Статус заслонки транспортера
T6LatchStatus7	Word	СилКорпус / Статусы механизмов / Заслонки транспортера номер 6				Статус заслонки транспортера
T6LatchStatus8	Word	СилКорпус / Статусы механизмов / Заслонки транспортера номер 6				Статус заслонки транспортера
T6LatchStatus9	Word	СилКорпус / Статусы механизмов / Заслонки транспортера номер 6				Статус заслонки транспортера
T6LatchStatusByte1	Byte	СилКорпус / Статусы механизмов / Заслонки транспортера номер 6		T6CalScript1,T6CloseScript1,T6ErrorOffButton_OnClick,T6LatchMnemo,T6OpenScript1	T6CalButton1_OnClick,T6CalScript1,T6CloseButton1_OnClick,T6LatchStatusBar,T6OpenButton1_OnClick	Статус заслонки транспортера в битах для формирования сообщений
T6LatchStatusByte10	Byte	СилКорпус / Статусы механизмов / Заслонки транспортера номер 6		T6CalScript10,T6CloseScript10,T6ErrorOffButton_OnClick,T6LatchMnemo,T6OpenScript10	T6CalButton10_OnClick,T6CalScript10,T6CloseButton10_OnClick,T6LatchStatusBar,T6OpenButton10_OnClick	Статус заслонки транспортера в битах для формирования сообщений
T6LatchStatusByte2	Byte	СилКорпус / Статусы механизмов / Заслонки транспортера номер 6		T6CalScript2,T6CloseScript2,T6ErrorOffButton_OnClick,T6LatchMnemo,T6OpenScript2	T6CalButton2_OnClick,T6CalScript2,T6CloseButton2_OnClick,T6LatchStatusBar,T6OpenButton2_OnClick	Статус заслонки транспортера в битах для формирования сообщений
T6LatchStatusByte3	Byte	СилКорпус / Статусы механизмов / Заслонки транспортера номер 6		T6CalScript3,T6CloseScript3,T6ErrorOffButton_OnClick,T6LatchMnemo,T6OpenScript3	T6CalButton3_OnClick,T6CalScript3,T6CloseButton3_OnClick,T6LatchStatusBar,T6OpenButton3_OnClick	Статус заслонки транспортера в битах для формирования сообщений
T6LatchStatusByte4	Byte	СилКорпус / Статусы механизмов / Заслонки транспортера номер 6		T6CalScript4,T6CloseScript4,T6ErrorOffButton_OnClick,T6LatchMnemo,T6OpenScript4	T6CalButton4_OnClick,T6CalScript4,T6CloseButton4_OnClick,T6LatchStatusBar,T6OpenButton4_OnClick	Статус заслонки транспортера в битах для формирования сообщений
T6LatchStatusByte5	Byte	СилКорпус / Статусы механизмов / Заслонки транспортера номер 6		T6CalScript5,T6CloseScript5,T6ErrorOffButton_OnClick,T6LatchMnemo,T6OpenScript5	T6CalButton5_OnClick,T6CalScript5,T6CloseButton5_OnClick,T6LatchStatusBar,T6OpenButton5_OnClick	Статус заслонки транспортера в битах для формирования сообщений
T6LatchStatusByte6	Byte	СилКорпус / Статусы механизмов / Заслонки транспортера номер 6		T6CalScript6,T6CloseScript6,T6ErrorOffButton_OnClick,T6LatchMnemo,T6OpenScript6	T6CalButton6_OnClick,T6CalScript6,T6CloseButton6_OnClick,T6LatchStatusBar,T6OpenButton6_OnClick	Статус заслонки транспортера в битах для формирования сообщений
T6LatchStatusByte7	Byte	СилКорпус / Статусы механизмов / Заслонки транспортера номер 6		T6CalScript7,T6CloseScript7,T6ErrorOffButton_OnClick,T6LatchMnemo,T6OpenScript7	T6CalButton7_OnClick,T6CalScript7,T6CloseButton7_OnClick,T6LatchStatusBar,T6OpenButton7_OnClick	Статус заслонки транспортера в битах для формирования сообщений
T6LatchStatusByte8	Byte	СилКорпус / Статусы механизмов / Заслонки транспортера номер 6		T6CalScript8,T6CloseScript8,T6ErrorOffButton_OnClick,T6LatchMnemo,T6OpenScript8	T6CalButton8_OnClick,T6CalScript8,T6CloseButton8_OnClick,T6LatchStatusBar,T6OpenButton8_OnClick	Статус заслонки транспортера в битах для формирования сообщений
T6LatchStatusByte9	Byte	СилКорпус / Статусы механизмов / Заслонки транспортера номер 6		T6CalScript9,T6CloseScript9,T6ErrorOffButton_OnClick,T6LatchMnemo,T6OpenScript9	T6CalButton9_OnClick,T6CalScript9,T6CloseButton9_OnClick,T6LatchStatusBar,T6OpenButton9_OnClick	Статус заслонки транспортера в битах для формирования сообщений
T6OpenStatus1	Boolean	СилКорпус / Переменные управления заслонками / Заслонки транспортера номер 6		T6BlockOffButton_OnClick,T6OpenButton1_OnClick,T6OpenScript1	T6OpenScript1	Переменная для пуска алгоритма открытия заслонки
T6OpenStatus10	Boolean	СилКорпус / Переменные управления заслонками / Заслонки транспортера номер 6		T6BlockOffButton_OnClick,T6OpenButton10_OnClick,T6OpenScript10	T6OpenScript10	Переменная для пуска алгоритма открытия заслонки
T6OpenStatus2	Boolean	СилКорпус / Переменные управления заслонками / Заслонки транспортера номер 6		T6BlockOffButton_OnClick,T6OpenButton2_OnClick,T6OpenScript2	T6OpenScript2	Переменная для пуска алгоритма открытия заслонки
T6OpenStatus3	Boolean	СилКорпус / Переменные управления заслонками / Заслонки транспортера номер 6		T6BlockOffButton_OnClick,T6OpenButton3_OnClick,T6OpenScript3	T6OpenScript3	Переменная для пуска алгоритма открытия заслонки
T6OpenStatus4	Boolean	СилКорпус / Переменные управления заслонками / Заслонки транспортера номер 6		T6BlockOffButton_OnClick,T6OpenButton4_OnClick,T6OpenScript4	T6OpenScript4	Переменная для пуска алгоритма открытия заслонки
T6OpenStatus5	Boolean	СилКорпус / Переменные управления заслонками / Заслонки транспортера номер 6		T6BlockOffButton_OnClick,T6OpenButton5_OnClick,T6OpenScript5	T6OpenScript5	Переменная для пуска алгоритма открытия заслонки
T6OpenStatus6	Boolean	СилКорпус / Переменные управления заслонками / Заслонки транспортера номер 6		T6BlockOffButton_OnClick,T6OpenButton6_OnClick,T6OpenScript6	T6OpenScript6	Переменная для пуска алгоритма открытия заслонки
T6OpenStatus7	Boolean	СилКорпус / Переменные управления заслонками / Заслонки транспортера номер 6		T6BlockOffButton_OnClick,T6OpenButton7_OnClick,T6OpenScript7	T6OpenScript7	Переменная для пуска алгоритма открытия заслонки
T6OpenStatus8	Boolean	СилКорпус / Переменные управления заслонками / Заслонки транспортера номер 6		T6BlockOffButton_OnClick,T6OpenButton8_OnClick,T6OpenScript8	T6OpenScript8	Переменная для пуска алгоритма открытия заслонки
T6OpenStatus9	Boolean	СилКорпус / Переменные управления заслонками / Заслонки транспортера номер 6		T6BlockOffButton_OnClick,T6OpenButton9_OnClick,T6OpenScript9	T6OpenScript9	Переменная для пуска алгоритма открытия заслонки
T6OpenTimer1	Integer	СилКорпус / Таймеры / Заслонки транспортера номер 6		T6BlockOffButton_OnClick,T6OpenScript1	T6OpenScript1	Таймер алгоритма открытия заслонки
T6OpenTimer10	Integer	СилКорпус / Таймеры / Заслонки транспортера номер 6		T6BlockOffButton_OnClick,T6OpenScript10	T6OpenScript10	Таймер алгоритма открытия заслонки
T6OpenTimer2	Integer	СилКорпус / Таймеры / Заслонки транспортера номер 6		T6BlockOffButton_OnClick,T6OpenScript2	T6OpenScript2	Таймер алгоритма открытия заслонки
T6OpenTimer3	Integer	СилКорпус / Таймеры / Заслонки транспортера номер 6		T6BlockOffButton_OnClick,T6OpenScript3	T6OpenScript3	Таймер алгоритма открытия заслонки
T6OpenTimer4	Integer	СилКорпус / Таймеры / Заслонки транспортера номер 6		T6BlockOffButton_OnClick,T6OpenScript4	T6OpenScript4	Таймер алгоритма открытия заслонки
T6OpenTimer5	Integer	СилКорпус / Таймеры / Заслонки транспортера номер 6		T6BlockOffButton_OnClick,T6OpenScript5	T6OpenScript5	Таймер алгоритма открытия заслонки
T6OpenTimer6	Integer	СилКорпус / Таймеры / Заслонки транспортера номер 6		T6BlockOffButton_OnClick,T6OpenScript6	T6OpenScript6	Таймер алгоритма открытия заслонки
T6OpenTimer7	Integer	СилКорпус / Таймеры / Заслонки транспортера номер 6		T6BlockOffButton_OnClick,T6OpenScript7	T6OpenScript7	Таймер алгоритма открытия заслонки
T6OpenTimer8	Integer	СилКорпус / Таймеры / Заслонки транспортера номер 6		T6BlockOffButton_OnClick,T6OpenScript8	T6OpenScript8	Таймер алгоритма открытия заслонки
T6OpenTimer9	Integer	СилКорпус / Таймеры / Заслонки транспортера номер 6		T6BlockOffButton_OnClick,T6OpenScript9	T6OpenScript9	Таймер алгоритма открытия заслонки
T6Power	Single	СилКорпус / Входные переменные / Переменные телеметрии Частотных преобразователей	|var|PLC210 (Arm32bit + Linux ).Application.PLC_PRG.t6Power			Значение потребляемой мощности транспортера
T6TargerFreq	Single	СилКорпус / Выходные переменные / Задание частоты ЧП транспортеров		T1toT7StartFreq	T6FreqTarget	
T7AlarmStatus	Boolean	СилКорпус / Переменные управления заслонками / Служебные переменные заслонок				Включение оповещения движения задвижек
T7BlockSelectStatus	Boolean	СилКорпус / Переменные управления заслонками / Заслонки транспортера номер 7		T7BlockOffButton_OnClick,T7CalButton10_OnClick,T7CalButton1_OnClick,T7CalButton2_OnClick,T7CalButton3_OnClick,T7CalButton4_OnClick,T7CalButton5_OnClick,T7CalButton6_OnClick,T7CalButton7_OnClick,T7CalButton8_OnClick,T7CalButton9_OnClick,T7CalScript1,T7CalScript10,T7CalScript2,T7CalScript3,T7CalScript4,T7CalScript5,T7CalScript6,T7CalScript7,T7CalScript8,T7CalScript9,T7CloseButton10_OnClick,T7CloseButton1_OnClick,T7CloseButton2_OnClick,T7CloseButton3_OnClick,T7CloseButton4_OnClick,T7CloseButton5_OnClick,T7CloseButton6_OnClick,T7CloseButton7_OnClick,T7CloseButton8_OnClick,T7CloseButton9_OnClick,T7CloseScript1,T7CloseScript10,T7CloseScript2,T7CloseScript3,T7CloseScript4,T7CloseScript5,T7CloseScript6,T7CloseScript7,T7CloseScript8,T7CloseScript9,T7OpenButton10_OnClick,T7OpenButton1_OnClick,T7OpenButton2_OnClick,T7OpenButton3_OnClick,T7OpenButton4_OnClick,T7OpenButton5_OnClick,T7OpenButton6_OnClick,T7OpenButton7_OnClick,T7OpenButton8_OnClick,T7OpenButton9_OnClick,T7OpenScript1,T7OpenScript10,T7OpenScript2,T7OpenScript3,T7OpenScript4,T7OpenScript5,T7OpenScript6,T7OpenScript7,T7OpenScript8,T7OpenScript9	T7CalButton10_OnClick,T7CalButton1_OnClick,T7CalButton2_OnClick,T7CalButton3_OnClick,T7CalButton4_OnClick,T7CalButton5_OnClick,T7CalButton6_OnClick,T7CalButton7_OnClick,T7CalButton8_OnClick,T7CalButton9_OnClick,T7CloseButton10_OnClick,T7CloseButton1_OnClick,T7CloseButton2_OnClick,T7CloseButton3_OnClick,T7CloseButton4_OnClick,T7CloseButton5_OnClick,T7CloseButton6_OnClick,T7CloseButton7_OnClick,T7CloseButton8_OnClick,T7CloseButton9_OnClick,T7LatchMnemo,T7OpenButton10_OnClick,T7OpenButton1_OnClick,T7OpenButton2_OnClick,T7OpenButton3_OnClick,T7OpenButton4_OnClick,T7OpenButton5_OnClick,T7OpenButton6_OnClick,T7OpenButton7_OnClick,T7OpenButton8_OnClick,T7OpenButton9_OnClick	Переменная для блокировки управления заслонками транспортера
T7CalStatus1	Boolean	СилКорпус / Переменные управления заслонками / Заслонки транспортера номер 7		T7BlockOffButton_OnClick,T7CalButton1_OnClick,T7CalScript1	T7CalScript1	Переменная для пуска алгоритма калибровки заслонки
T7CalStatus10	Boolean	СилКорпус / Переменные управления заслонками / Заслонки транспортера номер 7		T7BlockOffButton_OnClick,T7CalButton10_OnClick,T7CalScript10	T7CalScript10	Переменная для пуска алгоритма калибровки заслонки
T7CalStatus2	Boolean	СилКорпус / Переменные управления заслонками / Заслонки транспортера номер 7		T7BlockOffButton_OnClick,T7CalButton2_OnClick,T7CalScript2	T7CalScript2	Переменная для пуска алгоритма калибровки заслонки
T7CalStatus3	Boolean	СилКорпус / Переменные управления заслонками / Заслонки транспортера номер 7		T7BlockOffButton_OnClick,T7CalButton3_OnClick,T7CalScript3	T7CalScript3	Переменная для пуска алгоритма калибровки заслонки
T7CalStatus4	Boolean	СилКорпус / Переменные управления заслонками / Заслонки транспортера номер 7		T7BlockOffButton_OnClick,T7CalButton4_OnClick,T7CalScript4	T7CalScript4	Переменная для пуска алгоритма калибровки заслонки
T7CalStatus5	Boolean	СилКорпус / Переменные управления заслонками / Заслонки транспортера номер 7		T7BlockOffButton_OnClick,T7CalButton5_OnClick,T7CalScript5	T7CalScript5	Переменная для пуска алгоритма калибровки заслонки
T7CalStatus6	Boolean	СилКорпус / Переменные управления заслонками / Заслонки транспортера номер 7		T7BlockOffButton_OnClick,T7CalButton6_OnClick,T7CalScript6	T7CalScript6	Переменная для пуска алгоритма калибровки заслонки
T7CalStatus7	Boolean	СилКорпус / Переменные управления заслонками / Заслонки транспортера номер 7		T7BlockOffButton_OnClick,T7CalButton7_OnClick,T7CalScript7	T7CalScript7	Переменная для пуска алгоритма калибровки заслонки
T7CalStatus8	Boolean	СилКорпус / Переменные управления заслонками / Заслонки транспортера номер 7		T7BlockOffButton_OnClick,T7CalButton8_OnClick,T7CalScript8	T7CalScript8	Переменная для пуска алгоритма калибровки заслонки
T7CalStatus9	Boolean	СилКорпус / Переменные управления заслонками / Заслонки транспортера номер 7		T7BlockOffButton_OnClick,T7CalButton9_OnClick,T7CalScript9	T7CalScript9	Переменная для пуска алгоритма калибровки заслонки
T7CalTimer1	Integer	СилКорпус / Таймеры / Заслонки транспортера номер 7		T7BlockOffButton_OnClick,T7CalScript1	T7CalScript1	Таймер алгоритма калибровки заслонки
T7CalTimer10	Integer	СилКорпус / Таймеры / Заслонки транспортера номер 7		T7BlockOffButton_OnClick,T7CalScript10	T7CalScript10	Таймер алгоритма калибровки заслонки
T7CalTimer2	Integer	СилКорпус / Таймеры / Заслонки транспортера номер 7		T7BlockOffButton_OnClick,T7CalScript2	T7CalScript2	Таймер алгоритма калибровки заслонки
T7CalTimer3	Integer	СилКорпус / Таймеры / Заслонки транспортера номер 7		T7BlockOffButton_OnClick,T7CalScript3	T7CalScript3	Таймер алгоритма калибровки заслонки
T7CalTimer4	Integer	СилКорпус / Таймеры / Заслонки транспортера номер 7		T7BlockOffButton_OnClick,T7CalScript4	T7CalScript4	Таймер алгоритма калибровки заслонки
T7CalTimer5	Integer	СилКорпус / Таймеры / Заслонки транспортера номер 7		T7BlockOffButton_OnClick,T7CalScript5	T7CalScript5	Таймер алгоритма калибровки заслонки
T7CalTimer6	Integer	СилКорпус / Таймеры / Заслонки транспортера номер 7		T7BlockOffButton_OnClick,T7CalScript6	T7CalScript6	Таймер алгоритма калибровки заслонки
T7CalTimer7	Integer	СилКорпус / Таймеры / Заслонки транспортера номер 7		T7BlockOffButton_OnClick,T7CalScript7	T7CalScript7	Таймер алгоритма калибровки заслонки
T7CalTimer8	Integer	СилКорпус / Таймеры / Заслонки транспортера номер 7		T7BlockOffButton_OnClick,T7CalScript8	T7CalScript8	Таймер алгоритма калибровки заслонки
T7CalTimer9	Integer	СилКорпус / Таймеры / Заслонки транспортера номер 7		T7BlockOffButton_OnClick,T7CalScript9	T7CalScript9	Таймер алгоритма калибровки заслонки
T7CloseStatus1	Boolean	СилКорпус / Переменные управления заслонками / Заслонки транспортера номер 7		T7BlockOffButton_OnClick,T7CalScript1,T7CloseButton1_OnClick,T7CloseScript1	T7CloseScript1	Переменная для пуска алгоритма закрытия заслонки
T7CloseStatus10	Boolean	СилКорпус / Переменные управления заслонками / Заслонки транспортера номер 7		T7BlockOffButton_OnClick,T7CalScript10,T7CloseButton10_OnClick,T7CloseScript10	T7CloseScript10	Переменная для пуска алгоритма закрытия заслонки
T7CloseStatus2	Boolean	СилКорпус / Переменные управления заслонками / Заслонки транспортера номер 7		T7BlockOffButton_OnClick,T7CalScript2,T7CloseButton2_OnClick,T7CloseScript2	T7CloseScript2	Переменная для пуска алгоритма закрытия заслонки
T7CloseStatus3	Boolean	СилКорпус / Переменные управления заслонками / Заслонки транспортера номер 7		T7BlockOffButton_OnClick,T7CalScript3,T7CloseButton3_OnClick,T7CloseScript3	T7CloseScript3	Переменная для пуска алгоритма закрытия заслонки
T7CloseStatus4	Boolean	СилКорпус / Переменные управления заслонками / Заслонки транспортера номер 7		T7BlockOffButton_OnClick,T7CalScript4,T7CloseButton4_OnClick,T7CloseScript4	T7CloseScript4	Переменная для пуска алгоритма закрытия заслонки
T7CloseStatus5	Boolean	СилКорпус / Переменные управления заслонками / Заслонки транспортера номер 7		T7BlockOffButton_OnClick,T7CalScript5,T7CloseButton5_OnClick,T7CloseScript5	T7CloseScript5	Переменная для пуска алгоритма закрытия заслонки
T7CloseStatus6	Boolean	СилКорпус / Переменные управления заслонками / Заслонки транспортера номер 7		T7BlockOffButton_OnClick,T7CalScript6,T7CloseButton6_OnClick,T7CloseScript6	T7CloseScript6	Переменная для пуска алгоритма закрытия заслонки
T7CloseStatus7	Boolean	СилКорпус / Переменные управления заслонками / Заслонки транспортера номер 7		T7BlockOffButton_OnClick,T7CalScript7,T7CloseButton7_OnClick,T7CloseScript7	T7CloseScript7	Переменная для пуска алгоритма закрытия заслонки
T7CloseStatus8	Boolean	СилКорпус / Переменные управления заслонками / Заслонки транспортера номер 7		T7BlockOffButton_OnClick,T7CalScript8,T7CloseButton8_OnClick,T7CloseScript8	T7CloseScript8	Переменная для пуска алгоритма закрытия заслонки
T7CloseStatus9	Boolean	СилКорпус / Переменные управления заслонками / Заслонки транспортера номер 7		T7BlockOffButton_OnClick,T7CalScript9,T7CloseButton9_OnClick,T7CloseScript9	T7CloseScript9	Переменная для пуска алгоритма закрытия заслонки
T7CloseTimer1	Integer	СилКорпус / Таймеры / Заслонки транспортера номер 7		T7BlockOffButton_OnClick,T7CloseScript1	T7CloseScript1	Таймер алгоритма закрытия заслонки
T7CloseTimer10	Integer	СилКорпус / Таймеры / Заслонки транспортера номер 7		T7BlockOffButton_OnClick,T7CloseScript10	T7CloseScript10	Таймер алгоритма закрытия заслонки
T7CloseTimer2	Integer	СилКорпус / Таймеры / Заслонки транспортера номер 7		T7BlockOffButton_OnClick,T7CloseScript2	T7CloseScript2	Таймер алгоритма закрытия заслонки
T7CloseTimer3	Integer	СилКорпус / Таймеры / Заслонки транспортера номер 7		T7BlockOffButton_OnClick,T7CloseScript3	T7CloseScript3	Таймер алгоритма закрытия заслонки
T7CloseTimer4	Integer	СилКорпус / Таймеры / Заслонки транспортера номер 7		T7BlockOffButton_OnClick,T7CloseScript4	T7CloseScript4	Таймер алгоритма закрытия заслонки
T7CloseTimer5	Integer	СилКорпус / Таймеры / Заслонки транспортера номер 7		T7BlockOffButton_OnClick,T7CloseScript5	T7CloseScript5	Таймер алгоритма закрытия заслонки
T7CloseTimer6	Integer	СилКорпус / Таймеры / Заслонки транспортера номер 7		T7BlockOffButton_OnClick,T7CloseScript6	T7CloseScript6	Таймер алгоритма закрытия заслонки
T7CloseTimer7	Integer	СилКорпус / Таймеры / Заслонки транспортера номер 7		T7BlockOffButton_OnClick,T7CloseScript7	T7CloseScript7	Таймер алгоритма закрытия заслонки
T7CloseTimer8	Integer	СилКорпус / Таймеры / Заслонки транспортера номер 7		T7BlockOffButton_OnClick,T7CloseScript8	T7CloseScript8	Таймер алгоритма закрытия заслонки
T7CloseTimer9	Integer	СилКорпус / Таймеры / Заслонки транспортера номер 7		T7BlockOffButton_OnClick,T7CloseScript9	T7CloseScript9	Таймер алгоритма закрытия заслонки
T7Freq	Single	СилКорпус / Входные переменные / Переменные телеметрии Частотных преобразователей	|var|PLC210 (Arm32bit + Linux ).Application.PLC_PRG.t7FreqMonitoring			Задание частоты для частотного преобразователя транспортера
T7FreqToPLC	Single	СилКорпус / Выходные переменные / Задание частоты ЧП транспортеров	|var|PLC210 (Arm32bit + Linux ).Application.PLC_PRG.t7Freq	T1toT7StartFreq,T7FreqTarget		
T7LatchCalCloseTime1	Integer	СилКорпус / Калибровки хода заслонок / Заслонки транспортера номер 7		T7CalScript1	T7CalScript1,T7CalValueBar,T7CloseButton1_OnClick,T7CloseScript1	Время хода задвижки от открытого состояния к закрытому
T7LatchCalCloseTime10	Integer	СилКорпус / Калибровки хода заслонок / Заслонки транспортера номер 7		T7CalScript10	T7CalScript10,T7CalValueBar,T7CloseButton10_OnClick,T7CloseScript10	Время хода задвижки от открытого состояния к закрытому
T7LatchCalCloseTime2	Integer	СилКорпус / Калибровки хода заслонок / Заслонки транспортера номер 7		T7CalScript2	T7CalScript2,T7CalValueBar,T7CloseButton2_OnClick,T7CloseScript2	Время хода задвижки от открытого состояния к закрытому
T7LatchCalCloseTime3	Integer	СилКорпус / Калибровки хода заслонок / Заслонки транспортера номер 7		T7CalScript3	T7CalScript3,T7CalValueBar,T7CloseButton3_OnClick,T7CloseScript3	Время хода задвижки от открытого состояния к закрытому
T7LatchCalCloseTime4	Integer	СилКорпус / Калибровки хода заслонок / Заслонки транспортера номер 7		T7CalScript4	T7CalScript4,T7CalValueBar,T7CloseButton4_OnClick,T7CloseScript4	Время хода задвижки от открытого состояния к закрытому
T7LatchCalCloseTime5	Integer	СилКорпус / Калибровки хода заслонок / Заслонки транспортера номер 7		T7CalScript5	T7CalScript5,T7CalValueBar,T7CloseButton5_OnClick,T7CloseScript5	Время хода задвижки от открытого состояния к закрытому
T7LatchCalCloseTime6	Integer	СилКорпус / Калибровки хода заслонок / Заслонки транспортера номер 7		T7CalScript6	T7CalScript6,T7CalValueBar,T7CloseButton6_OnClick,T7CloseScript6	Время хода задвижки от открытого состояния к закрытому
T7LatchCalCloseTime7	Integer	СилКорпус / Калибровки хода заслонок / Заслонки транспортера номер 7		T7CalScript7	T7CalScript7,T7CalValueBar,T7CloseButton7_OnClick,T7CloseScript7	Время хода задвижки от открытого состояния к закрытому
T7LatchCalCloseTime8	Integer	СилКорпус / Калибровки хода заслонок / Заслонки транспортера номер 7		T7CalScript8	T7CalScript8,T7CalValueBar,T7CloseButton8_OnClick,T7CloseScript8	Время хода задвижки от открытого состояния к закрытому
T7LatchCalCloseTime9	Integer	СилКорпус / Калибровки хода заслонок / Заслонки транспортера номер 7		T7CalScript9	T7CalScript9,T7CalValueBar,T7CloseButton9_OnClick,T7CloseScript9	Время хода задвижки от открытого состояния к закрытому
T7LatchCalOpenTime1	Integer	СилКорпус / Калибровки хода заслонок / Заслонки транспортера номер 7		T7CalScript1	T7CalScript1,T7CalValueBar,T7OpenButton1_OnClick,T7OpenScript1	Время хода задвижки от закрытого состояния к открытому
T7LatchCalOpenTime10	Integer	СилКорпус / Калибровки хода заслонок / Заслонки транспортера номер 7		T7CalScript10	T7CalScript10,T7CalValueBar,T7OpenButton10_OnClick,T7OpenScript10	Время хода задвижки от закрытого состояния к открытому
T7LatchCalOpenTime2	Integer	СилКорпус / Калибровки хода заслонок / Заслонки транспортера номер 7		T7CalScript2	T7CalScript2,T7CalValueBar,T7OpenButton2_OnClick,T7OpenScript2	Время хода задвижки от закрытого состояния к открытому
T7LatchCalOpenTime3	Integer	СилКорпус / Калибровки хода заслонок / Заслонки транспортера номер 7		T7CalScript3	T7CalScript3,T7CalValueBar,T7OpenButton3_OnClick,T7OpenScript3	Время хода задвижки от закрытого состояния к открытому
T7LatchCalOpenTime4	Integer	СилКорпус / Калибровки хода заслонок / Заслонки транспортера номер 7		T7CalScript4	T7CalScript4,T7CalValueBar,T7OpenButton4_OnClick,T7OpenScript4	Время хода задвижки от закрытого состояния к открытому
T7LatchCalOpenTime5	Integer	СилКорпус / Калибровки хода заслонок / Заслонки транспортера номер 7		T7CalScript5	T7CalScript5,T7CalValueBar,T7OpenButton5_OnClick,T7OpenScript5	Время хода задвижки от закрытого состояния к открытому
T7LatchCalOpenTime6	Integer	СилКорпус / Калибровки хода заслонок / Заслонки транспортера номер 7		T7CalScript6	T7CalScript6,T7CalValueBar,T7OpenButton6_OnClick,T7OpenScript6	Время хода задвижки от закрытого состояния к открытому
T7LatchCalOpenTime7	Integer	СилКорпус / Калибровки хода заслонок / Заслонки транспортера номер 7		T7CalScript7	T7CalScript7,T7CalValueBar,T7OpenButton7_OnClick,T7OpenScript7	Время хода задвижки от закрытого состояния к открытому
T7LatchCalOpenTime8	Integer	СилКорпус / Калибровки хода заслонок / Заслонки транспортера номер 7		T7CalScript8	T7CalScript8,T7CalValueBar,T7OpenButton8_OnClick,T7OpenScript8	Время хода задвижки от закрытого состояния к открытому
T7LatchCalOpenTime9	Integer	СилКорпус / Калибровки хода заслонок / Заслонки транспортера номер 7		T7CalScript9	T7CalScript9,T7CalValueBar,T7OpenButton9_OnClick,T7OpenScript9	Время хода задвижки от закрытого состояния к открытому
T7LatchClose1	Boolean	СилКорпус / Входные переменные / Заслонки транспортера номер 7	|var|PLC210 (Arm32bit + Linux ).Application.PLC_PRG.t7DI12		T7CalScript1,T7CloseScript1,T7LatchMnemo	Входое реле концевика закрытого состояния задвижки
T7LatchClose10	Boolean	СилКорпус / Входные переменные / Заслонки транспортера номер 7	|var|PLC210 (Arm32bit + Linux ).Application.PLC_PRG.t7DI30		T7CalScript10,T7CloseScript10,T7LatchMnemo	Входое реле концевика закрытого состояния задвижки
T7LatchClose2	Boolean	СилКорпус / Входные переменные / Заслонки транспортера номер 7	|var|PLC210 (Arm32bit + Linux ).Application.PLC_PRG.t7DI14		T7CalScript2,T7CloseScript2,T7LatchMnemo	Входое реле концевика закрытого состояния задвижки
T7LatchClose3	Boolean	СилКорпус / Входные переменные / Заслонки транспортера номер 7	|var|PLC210 (Arm32bit + Linux ).Application.PLC_PRG.t7DI16		T7CalScript3,T7CloseScript3,T7LatchMnemo	Входое реле концевика закрытого состояния задвижки
T7LatchClose4	Boolean	СилКорпус / Входные переменные / Заслонки транспортера номер 7	|var|PLC210 (Arm32bit + Linux ).Application.PLC_PRG.t7DI18		T7CalScript4,T7CloseScript4,T7LatchMnemo	Входое реле концевика закрытого состояния задвижки
T7LatchClose5	Boolean	СилКорпус / Входные переменные / Заслонки транспортера номер 7	|var|PLC210 (Arm32bit + Linux ).Application.PLC_PRG.t7DI20		T7CalScript5,T7CloseScript5,T7LatchMnemo	Входое реле концевика закрытого состояния задвижки
T7LatchClose6	Boolean	СилКорпус / Входные переменные / Заслонки транспортера номер 7	|var|PLC210 (Arm32bit + Linux ).Application.PLC_PRG.t7DI22		T7CalScript6,T7CloseScript6,T7LatchMnemo	Входое реле концевика закрытого состояния задвижки
T7LatchClose7	Boolean	СилКорпус / Входные переменные / Заслонки транспортера номер 7	|var|PLC210 (Arm32bit + Linux ).Application.PLC_PRG.t7DI24		T7CalScript7,T7CloseScript7,T7LatchMnemo	Входое реле концевика закрытого состояния задвижки
T7LatchClose8	Boolean	СилКорпус / Входные переменные / Заслонки транспортера номер 7	|var|PLC210 (Arm32bit + Linux ).Application.PLC_PRG.t7DI26		T7CalScript8,T7CloseScript8,T7LatchMnemo	Входое реле концевика закрытого состояния задвижки
T7LatchClose9	Boolean	СилКорпус / Входные переменные / Заслонки транспортера номер 7	|var|PLC210 (Arm32bit + Linux ).Application.PLC_PRG.t7DI28		T7CalScript9,T7CloseScript9,T7LatchMnemo	Входое реле концевика закрытого состояния задвижки
T7LatchOpen1	Boolean	СилКорпус / Входные переменные / Заслонки транспортера номер 7	|var|PLC210 (Arm32bit + Linux ).Application.PLC_PRG.t7DI11		T7CalScript1,T7LatchMnemo,T7OpenScript1	Входое реле концевика открытого состояния задвижки
T7LatchOpen10	Boolean	СилКорпус / Входные переменные / Заслонки транспортера номер 7	|var|PLC210 (Arm32bit + Linux ).Application.PLC_PRG.t7DI29		T7CalScript10,T7LatchMnemo,T7OpenScript10	Входое реле концевика открытого состояния задвижки
T7LatchOpen2	Boolean	СилКорпус / Входные переменные / Заслонки транспортера номер 7	|var|PLC210 (Arm32bit + Linux ).Application.PLC_PRG.t7DI13		T7CalScript2,T7LatchMnemo,T7OpenScript2	Входое реле концевика открытого состояния задвижки
T7LatchOpen3	Boolean	СилКорпус / Входные переменные / Заслонки транспортера номер 7	|var|PLC210 (Arm32bit + Linux ).Application.PLC_PRG.t7DI15		T7CalScript3,T7LatchMnemo,T7OpenScript3	Входое реле концевика открытого состояния задвижки
T7LatchOpen4	Boolean	СилКорпус / Входные переменные / Заслонки транспортера номер 7	|var|PLC210 (Arm32bit + Linux ).Application.PLC_PRG.t7DI17		T7CalScript4,T7LatchMnemo,T7OpenScript4	Входое реле концевика открытого состояния задвижки
T7LatchOpen5	Boolean	СилКорпус / Входные переменные / Заслонки транспортера номер 7	|var|PLC210 (Arm32bit + Linux ).Application.PLC_PRG.t7DI19		T7CalScript5,T7LatchMnemo,T7OpenScript5	Входое реле концевика открытого состояния задвижки
T7LatchOpen6	Boolean	СилКорпус / Входные переменные / Заслонки транспортера номер 7	|var|PLC210 (Arm32bit + Linux ).Application.PLC_PRG.t7DI21		T7CalScript6,T7LatchMnemo,T7OpenScript6	Входое реле концевика открытого состояния задвижки
T7LatchOpen7	Boolean	СилКорпус / Входные переменные / Заслонки транспортера номер 7	|var|PLC210 (Arm32bit + Linux ).Application.PLC_PRG.t7DI23		T7CalScript7,T7LatchMnemo,T7OpenScript7	Входое реле концевика открытого состояния задвижки
T7LatchOpen8	Boolean	СилКорпус / Входные переменные / Заслонки транспортера номер 7	|var|PLC210 (Arm32bit + Linux ).Application.PLC_PRG.t7DI25		T7CalScript8,T7LatchMnemo,T7OpenScript8	Входое реле концевика открытого состояния задвижки
T7LatchOpen9	Boolean	СилКорпус / Входные переменные / Заслонки транспортера номер 7	|var|PLC210 (Arm32bit + Linux ).Application.PLC_PRG.t7DI27		T7CalScript9,T7LatchMnemo,T7OpenScript9	Входое реле концевика открытого состояния задвижки
T7LatchRunClose	Boolean	СилКорпус / Выходные переменные / Заслонки транспортера номер 7	|var|PLC210 (Arm32bit + Linux ).Application.PLC_PRG.t7DO16	T7BlockOffButton_OnClick,T7CalScript1,T7CalScript10,T7CalScript2,T7CalScript3,T7CalScript4,T7CalScript5,T7CalScript6,T7CalScript7,T7CalScript8,T7CalScript9,T7CloseScript1,T7CloseScript10,T7CloseScript2,T7CloseScript3,T7CloseScript4,T7CloseScript5,T7CloseScript6,T7CloseScript7,T7CloseScript8,T7CloseScript9	T7CalScript1,T7CalScript10,T7CalScript2,T7CalScript3,T7CalScript4,T7CalScript5,T7CalScript6,T7CalScript7,T7CalScript8,T7CalScript9,T7LightControl	Выходное реле для закрытия выбранной заслонки
T7LatchRunOpen	Boolean	СилКорпус / Выходные переменные / Заслонки транспортера номер 7	|var|PLC210 (Arm32bit + Linux ).Application.PLC_PRG.t7DO15	T7BlockOffButton_OnClick,T7CalScript1,T7CalScript10,T7CalScript2,T7CalScript3,T7CalScript4,T7CalScript5,T7CalScript6,T7CalScript7,T7CalScript8,T7CalScript9,T7OpenScript1,T7OpenScript10,T7OpenScript2,T7OpenScript3,T7OpenScript4,T7OpenScript5,T7OpenScript6,T7OpenScript7,T7OpenScript8,T7OpenScript9	T7CalScript1,T7CalScript10,T7CalScript2,T7CalScript3,T7CalScript4,T7CalScript5,T7CalScript6,T7CalScript7,T7CalScript8,T7CalScript9,T7LightControl	Выходное реле для открытия выбранной заслонки
T7LatchSelect1	Boolean	СилКорпус / Выходные переменные / Заслонки транспортера номер 7	|var|PLC210 (Arm32bit + Linux ).Application.PLC_PRG.t7DO5	T7BlockOffButton_OnClick,T7CalScript1,T7CloseScript1,T7OpenScript1	T7LightControl	Выходное реле выбора заслонки для управления
T7LatchSelect10	Boolean	СилКорпус / Выходные переменные / Заслонки транспортера номер 7	|var|PLC210 (Arm32bit + Linux ).Application.PLC_PRG.t7DO14	T7BlockOffButton_OnClick,T7CalScript10,T7CloseScript10,T7OpenScript10	T7LightControl	Выходное реле выбора заслонки для управления
T7LatchSelect2	Boolean	СилКорпус / Выходные переменные / Заслонки транспортера номер 7	|var|PLC210 (Arm32bit + Linux ).Application.PLC_PRG.t7DO6	T7BlockOffButton_OnClick,T7CalScript2,T7CloseScript2,T7OpenScript2	T7LightControl	Выходное реле выбора заслонки для управления
T7LatchSelect3	Boolean	СилКорпус / Выходные переменные / Заслонки транспортера номер 7	|var|PLC210 (Arm32bit + Linux ).Application.PLC_PRG.t7DO7	T7BlockOffButton_OnClick,T7CalScript3,T7CloseScript3,T7OpenScript3	T7LightControl	Выходное реле выбора заслонки для управления
T7LatchSelect4	Boolean	СилКорпус / Выходные переменные / Заслонки транспортера номер 7	|var|PLC210 (Arm32bit + Linux ).Application.PLC_PRG.t7DO8	T7BlockOffButton_OnClick,T7CalScript4,T7CloseScript4,T7OpenScript4	T7LightControl	Выходное реле выбора заслонки для управления
T7LatchSelect5	Boolean	СилКорпус / Выходные переменные / Заслонки транспортера номер 7	|var|PLC210 (Arm32bit + Linux ).Application.PLC_PRG.t7DO9	T7BlockOffButton_OnClick,T7CalScript5,T7CloseScript5,T7OpenScript5	T7LightControl	Выходное реле выбора заслонки для управления
T7LatchSelect6	Boolean	СилКорпус / Выходные переменные / Заслонки транспортера номер 7	|var|PLC210 (Arm32bit + Linux ).Application.PLC_PRG.t7DO10	T7BlockOffButton_OnClick,T7CalScript6,T7CloseScript6,T7OpenScript6	T7LightControl	Выходное реле выбора заслонки для управления
T7LatchSelect7	Boolean	СилКорпус / Выходные переменные / Заслонки транспортера номер 7	|var|PLC210 (Arm32bit + Linux ).Application.PLC_PRG.t7DO11	T7BlockOffButton_OnClick,T7CalScript7,T7CloseScript7,T7OpenScript7	T7LightControl	Выходное реле выбора заслонки для управления
T7LatchSelect8	Boolean	СилКорпус / Выходные переменные / Заслонки транспортера номер 7	|var|PLC210 (Arm32bit + Linux ).Application.PLC_PRG.t7DO12	T7BlockOffButton_OnClick,T7CalScript8,T7CloseScript8,T7OpenScript8	T7LightControl	Выходное реле выбора заслонки для управления
T7LatchSelect9	Boolean	СилКорпус / Выходные переменные / Заслонки транспортера номер 7	|var|PLC210 (Arm32bit + Linux ).Application.PLC_PRG.t7DO13	T7BlockOffButton_OnClick,T7CalScript9,T7CloseScript9,T7OpenScript9	T7LightControl	Выходное реле выбора заслонки для управления
T7LatchStatus1	Word	СилКорпус / Статусы механизмов / Заслонки транспортера номер 7				Статус заслонки транспортера
T7LatchStatus10	Word	СилКорпус / Статусы механизмов / Заслонки транспортера номер 7				Статус заслонки транспортера
T7LatchStatus2	Word	СилКорпус / Статусы механизмов / Заслонки транспортера номер 7				Статус заслонки транспортера
T7LatchStatus3	Word	СилКорпус / Статусы механизмов / Заслонки транспортера номер 7				Статус заслонки транспортера
T7LatchStatus4	Word	СилКорпус / Статусы механизмов / Заслонки транспортера номер 7				Статус заслонки транспортера
T7LatchStatus5	Word	СилКорпус / Статусы механизмов / Заслонки транспортера номер 7				Статус заслонки транспортера
T7LatchStatus6	Word	СилКорпус / Статусы механизмов / Заслонки транспортера номер 7				Статус заслонки транспортера
T7LatchStatus7	Word	СилКорпус / Статусы механизмов / Заслонки транспортера номер 7				Статус заслонки транспортера
T7LatchStatus8	Word	СилКорпус / Статусы механизмов / Заслонки транспортера номер 7				Статус заслонки транспортера
T7LatchStatus9	Word	СилКорпус / Статусы механизмов / Заслонки транспортера номер 7				Статус заслонки транспортера
T7LatchStatusByte1	Byte	СилКорпус / Статусы механизмов / Заслонки транспортера номер 7		T7CalScript1,T7CloseScript1,T7ErrorOffButton_OnClick,T7LatchMnemo,T7OpenScript1	T7CalButton1_OnClick,T7CalScript1,T7CloseButton1_OnClick,T7LatchStatusBar,T7OpenButton1_OnClick	Статус заслонки транспортера в битах для формирования сообщений
T7LatchStatusByte10	Byte	СилКорпус / Статусы механизмов / Заслонки транспортера номер 7		T7CalScript10,T7CloseScript10,T7ErrorOffButton_OnClick,T7LatchMnemo,T7OpenScript10	T7CalButton10_OnClick,T7CalScript10,T7CloseButton10_OnClick,T7LatchStatusBar,T7OpenButton10_OnClick	Статус заслонки транспортера в битах для формирования сообщений
T7LatchStatusByte2	Byte	СилКорпус / Статусы механизмов / Заслонки транспортера номер 7		T7CalScript2,T7CloseScript2,T7ErrorOffButton_OnClick,T7LatchMnemo,T7OpenScript2	T7CalButton2_OnClick,T7CalScript2,T7CloseButton2_OnClick,T7LatchStatusBar,T7OpenButton2_OnClick	Статус заслонки транспортера в битах для формирования сообщений
T7LatchStatusByte3	Byte	СилКорпус / Статусы механизмов / Заслонки транспортера номер 7		T7CalScript3,T7CloseScript3,T7ErrorOffButton_OnClick,T7LatchMnemo,T7OpenScript3	T7CalButton3_OnClick,T7CalScript3,T7CloseButton3_OnClick,T7LatchStatusBar,T7OpenButton3_OnClick	Статус заслонки транспортера в битах для формирования сообщений
T7LatchStatusByte4	Byte	СилКорпус / Статусы механизмов / Заслонки транспортера номер 7		T7CalScript4,T7CloseScript4,T7ErrorOffButton_OnClick,T7LatchMnemo,T7OpenScript4	T7CalButton4_OnClick,T7CalScript4,T7CloseButton4_OnClick,T7LatchStatusBar,T7OpenButton4_OnClick	Статус заслонки транспортера в битах для формирования сообщений
T7LatchStatusByte5	Byte	СилКорпус / Статусы механизмов / Заслонки транспортера номер 7		T7CalScript5,T7CloseScript5,T7ErrorOffButton_OnClick,T7LatchMnemo,T7OpenScript5	T7CalButton5_OnClick,T7CalScript5,T7CloseButton5_OnClick,T7LatchStatusBar,T7OpenButton5_OnClick	Статус заслонки транспортера в битах для формирования сообщений
T7LatchStatusByte6	Byte	СилКорпус / Статусы механизмов / Заслонки транспортера номер 7		T7CalScript6,T7CloseScript6,T7ErrorOffButton_OnClick,T7LatchMnemo,T7OpenScript6	T7CalButton6_OnClick,T7CalScript6,T7CloseButton6_OnClick,T7LatchStatusBar,T7OpenButton6_OnClick	Статус заслонки транспортера в битах для формирования сообщений
T7LatchStatusByte7	Byte	СилКорпус / Статусы механизмов / Заслонки транспортера номер 7		T7CalScript7,T7CloseScript7,T7ErrorOffButton_OnClick,T7LatchMnemo,T7OpenScript7	T7CalButton7_OnClick,T7CalScript7,T7CloseButton7_OnClick,T7LatchStatusBar,T7OpenButton7_OnClick	Статус заслонки транспортера в битах для формирования сообщений
T7LatchStatusByte8	Byte	СилКорпус / Статусы механизмов / Заслонки транспортера номер 7		T7CalScript8,T7CloseScript8,T7ErrorOffButton_OnClick,T7LatchMnemo,T7OpenScript8	T7CalButton8_OnClick,T7CalScript8,T7CloseButton8_OnClick,T7LatchStatusBar,T7OpenButton8_OnClick	Статус заслонки транспортера в битах для формирования сообщений
T7LatchStatusByte9	Byte	СилКорпус / Статусы механизмов / Заслонки транспортера номер 7		T7CalScript9,T7CloseScript9,T7ErrorOffButton_OnClick,T7LatchMnemo,T7OpenScript9	T7CalButton9_OnClick,T7CalScript9,T7CloseButton9_OnClick,T7LatchStatusBar,T7OpenButton9_OnClick	Статус заслонки транспортера в битах для формирования сообщений
T7OpenStatus1	Boolean	СилКорпус / Переменные управления заслонками / Заслонки транспортера номер 7		T7BlockOffButton_OnClick,T7OpenButton1_OnClick,T7OpenScript1	T7OpenScript1	Переменная для пуска алгоритма открытия заслонки
T7OpenStatus10	Boolean	СилКорпус / Переменные управления заслонками / Заслонки транспортера номер 7		T7BlockOffButton_OnClick,T7OpenButton10_OnClick,T7OpenScript10	T7OpenScript10	Переменная для пуска алгоритма открытия заслонки
T7OpenStatus2	Boolean	СилКорпус / Переменные управления заслонками / Заслонки транспортера номер 7		T7BlockOffButton_OnClick,T7OpenButton2_OnClick,T7OpenScript2	T7OpenScript2	Переменная для пуска алгоритма открытия заслонки
T7OpenStatus3	Boolean	СилКорпус / Переменные управления заслонками / Заслонки транспортера номер 7		T7BlockOffButton_OnClick,T7OpenButton3_OnClick,T7OpenScript3	T7OpenScript3	Переменная для пуска алгоритма открытия заслонки
T7OpenStatus4	Boolean	СилКорпус / Переменные управления заслонками / Заслонки транспортера номер 7		T7BlockOffButton_OnClick,T7OpenButton4_OnClick,T7OpenScript4	T7OpenScript4	Переменная для пуска алгоритма открытия заслонки
T7OpenStatus5	Boolean	СилКорпус / Переменные управления заслонками / Заслонки транспортера номер 7		T7BlockOffButton_OnClick,T7OpenButton5_OnClick,T7OpenScript5	T7OpenScript5	Переменная для пуска алгоритма открытия заслонки
T7OpenStatus6	Boolean	СилКорпус / Переменные управления заслонками / Заслонки транспортера номер 7		T7BlockOffButton_OnClick,T7OpenButton6_OnClick,T7OpenScript6	T7OpenScript6	Переменная для пуска алгоритма открытия заслонки
T7OpenStatus7	Boolean	СилКорпус / Переменные управления заслонками / Заслонки транспортера номер 7		T7BlockOffButton_OnClick,T7OpenButton7_OnClick,T7OpenScript7	T7OpenScript7	Переменная для пуска алгоритма открытия заслонки
T7OpenStatus8	Boolean	СилКорпус / Переменные управления заслонками / Заслонки транспортера номер 7		T7BlockOffButton_OnClick,T7OpenButton8_OnClick,T7OpenScript8	T7OpenScript8	Переменная для пуска алгоритма открытия заслонки
T7OpenStatus9	Boolean	СилКорпус / Переменные управления заслонками / Заслонки транспортера номер 7		T7BlockOffButton_OnClick,T7OpenButton9_OnClick,T7OpenScript9	T7OpenScript9	Переменная для пуска алгоритма открытия заслонки
T7OpenTimer1	Integer	СилКорпус / Таймеры / Заслонки транспортера номер 7		T7BlockOffButton_OnClick,T7OpenScript1	T7OpenScript1	Таймер алгоритма открытия заслонки
T7OpenTimer10	Integer	СилКорпус / Таймеры / Заслонки транспортера номер 7		T7BlockOffButton_OnClick,T7OpenScript10	T7OpenScript10	Таймер алгоритма открытия заслонки
T7OpenTimer2	Integer	СилКорпус / Таймеры / Заслонки транспортера номер 7		T7BlockOffButton_OnClick,T7OpenScript2	T7OpenScript2	Таймер алгоритма открытия заслонки
T7OpenTimer3	Integer	СилКорпус / Таймеры / Заслонки транспортера номер 7		T7BlockOffButton_OnClick,T7OpenScript3	T7OpenScript3	Таймер алгоритма открытия заслонки
T7OpenTimer4	Integer	СилКорпус / Таймеры / Заслонки транспортера номер 7		T7BlockOffButton_OnClick,T7OpenScript4	T7OpenScript4	Таймер алгоритма открытия заслонки
T7OpenTimer5	Integer	СилКорпус / Таймеры / Заслонки транспортера номер 7		T7BlockOffButton_OnClick,T7OpenScript5	T7OpenScript5	Таймер алгоритма открытия заслонки
T7OpenTimer6	Integer	СилКорпус / Таймеры / Заслонки транспортера номер 7		T7BlockOffButton_OnClick,T7OpenScript6	T7OpenScript6	Таймер алгоритма открытия заслонки
T7OpenTimer7	Integer	СилКорпус / Таймеры / Заслонки транспортера номер 7		T7BlockOffButton_OnClick,T7OpenScript7	T7OpenScript7	Таймер алгоритма открытия заслонки
T7OpenTimer8	Integer	СилКорпус / Таймеры / Заслонки транспортера номер 7		T7BlockOffButton_OnClick,T7OpenScript8	T7OpenScript8	Таймер алгоритма открытия заслонки
T7OpenTimer9	Integer	СилКорпус / Таймеры / Заслонки транспортера номер 7		T7BlockOffButton_OnClick,T7OpenScript9	T7OpenScript9	Таймер алгоритма открытия заслонки
T7Power	Single	СилКорпус / Входные переменные / Переменные телеметрии Частотных преобразователей	|var|PLC210 (Arm32bit + Linux ).Application.PLC_PRG.t7Power			Значение потребляемой мощности транспортера
T7TargerFreq	Single	СилКорпус / Выходные переменные / Задание частоты ЧП транспортеров		T1toT7StartFreq	T7FreqTarget	
Timer	Integer	СилКорпус / Переменные весового терминала		Prod	Prod	
VesRepFrom	DateTime	СилКорпус / Переменные весового терминала				
VesRepTo	DateTime	СилКорпус / Переменные весового терминала				
mi0DI1	Boolean	..\	|var|PLC210 (Arm32bit + Linux ).Application.PLC_PRG.mi0DI1			
