id	name	type	group	opc_item	description
9223372036854775806	SysCurrentTime	DateTime	Системные переменные		Текущее время
9223372036854775805	SysServerStartTimestamp	DateTime	Системные переменные		Время запуска сервера Simple-Scada
9223372036854775804	SysProjectStartTimestamp	DateTime	Системные переменные		Время запуска проекта
9223372036854775803	SysProjectEditTimestamp	DateTime	Системные переменные		Время последнего редактирования проекта
9223372036854775802	SysProjectVersionAsInt	Double	Системные переменные		Номер версии Simple-Scada (в которой был создан проект) в виде целого числа. Например, если проект был создан в версии 2.6.12.3, то возвращаемое значение будет равно 2612003 (последнее число в версии представлено тремя знаками, а предпоследнее - двумя).
9223372036854775801	SysProjectVersionAsStr	Word	Системные переменные		Номер версии Simple-Scada (в которой был создан проект) в виде строки. Например: 2.6.12.3
9223372036854775800	SysLicenseType	Integer	Системные переменные		Код версии Simple-Scada. 0 - демо с ограничением на 64 тега; 1 - демо с ограничением по времени; 2 - minimal; 3 - standard; 4 - professional
9223372036854775799	SysClientsCount	Integer	Системные переменные		Количество клиентов, которые сейчас подключены к серверу.
9223372036854775798	SysTagLimit	Integer	Системные переменные		Ограничение по количеству тегов. -1, если количество тегов не ограничено.
9223372036854775797	SysKeyID	Double	Системные переменные		Уникальный идентификатор HASP-USB ключа.
9223372036854775796	SysDatabaseState	Integer	Системные переменные		Состояние БД. 1 если БД подключена и 0 в ином случае
9223372036854775795	SysDatabaseName	Word	Системные переменные		Имя БД в которую сейчас выполняется архивация
9223372036854775794	SysDatabaseType	Integer	Системные переменные		0 если в качестве СУБД используется MySQL, 1 если используется Microsoft SQL Server, 2 для PostgreSQL.
9223372036854775793	SysIsMaster	Boolean	Системные переменные		True если проект запущен на основном сервере, False в ином случае
9223372036854775792	SysMasterState	Boolean	Системные переменные		True если основной сервер запущен и готов к подключению клиентов, False в ином случае
9223372036854775791	SysSlaveState	Boolean	Системные переменные		True если резервный сервер запущен и готов к подключению клиентов, False в ином случае
9223372036854775790	SysDayName	Word	Системные переменные		Название дня недели, например: Вторник
9223372036854775789	SysDayNameShort	Word	Системные переменные		Сокращённое название дня недели, например: ВТ
9223372036854775788	SysRamCurrentUsage	Double	Системные переменные		Текущий объем оперативной памяти, используемый основным процессом SCADA-сервера (Кб)
9223372036854775787	SysRamMaxUsage	Double	Системные переменные		Максимальный объем оперативной памяти, использованный основным процессом SCADA-сервера (Кб)
1436	mi0DI1	Boolean	..\	mi0DI1	
0	StatusN1	Byte	СилКорпус / Статусы механизмов / Нории		Контроль состояния нории во время работы
1	StatusN2	Byte	СилКорпус / Статусы механизмов / Нории		Контроль состояния нории во время работы
2	StatusN3	Byte	СилКорпус / Статусы механизмов / Нории		Контроль состояния нории во время работы
3	StatusN4	Byte	СилКорпус / Статусы механизмов / Нории		Контроль состояния нории во время работы
4	StatusN5	Byte	СилКорпус / Статусы механизмов / Нории		Контроль состояния нории во время работы
5	StatusN6	Byte	СилКорпус / Статусы механизмов / Нории		Контроль состояния нории во время работы
6	StatusN7	Byte	СилКорпус / Статусы механизмов / Нории		Контроль состояния нории во время работы
7	StatusN8	Byte	СилКорпус / Статусы механизмов / Нории		Контроль состояния нории во время работы
8	StatusN9	Byte	СилКорпус / Статусы механизмов / Нории		Контроль состояния нории во время работы
9	StatusN10	Byte	СилКорпус / Статусы механизмов / Нории		Контроль состояния нории во время работы
10	StatusStartN1	Byte	СилКорпус / Статусы механизмов / Нории		Контроль алгоритма запуска нории
11	StatusStartN2	Byte	СилКорпус / Статусы механизмов / Нории		Контроль алгоритма запуска нории
12	StatusStartN3	Byte	СилКорпус / Статусы механизмов / Нории		Контроль алгоритма запуска нории
13	StatusStartN4	Byte	СилКорпус / Статусы механизмов / Нории		Контроль алгоритма запуска нории
14	StatusStartN5	Byte	СилКорпус / Статусы механизмов / Нории		Контроль алгоритма запуска нории
15	StatusStartN6	Byte	СилКорпус / Статусы механизмов / Нории		Контроль алгоритма запуска нории
16	StatusStartN7	Byte	СилКорпус / Статусы механизмов / Нории		Контроль алгоритма запуска нории
17	StatusStartN8	Byte	СилКорпус / Статусы механизмов / Нории		Контроль алгоритма запуска нории
18	StatusStartN9	Byte	СилКорпус / Статусы механизмов / Нории		Контроль алгоритма запуска нории
19	StatusStartN10	Byte	СилКорпус / Статусы механизмов / Нории		Контроль алгоритма запуска нории
20	AlarmStatusN1	Boolean	СилКорпус / Статусы механизмов / Нории		Состояние аварии нории
21	AlarmStatusN2	Boolean	СилКорпус / Статусы механизмов / Нории		Состояние аварии нории
22	AlarmStatusN3	Boolean	СилКорпус / Статусы механизмов / Нории		Состояние аварии нории
23	AlarmStatusN4	Boolean	СилКорпус / Статусы механизмов / Нории		Состояние аварии нории
24	AlarmStatusN5	Boolean	СилКорпус / Статусы механизмов / Нории		Состояние аварии нории
25	AlarmStatusN6	Boolean	СилКорпус / Статусы механизмов / Нории		Состояние аварии нории
26	AlarmStatusN7	Boolean	СилКорпус / Статусы механизмов / Нории		Состояние аварии нории
27	AlarmStatusN8	Boolean	СилКорпус / Статусы механизмов / Нории		Состояние аварии нории
28	AlarmStatusN9	Boolean	СилКорпус / Статусы механизмов / Нории		Состояние аварии нории
29	AlarmStatusN10	Boolean	СилКорпус / Статусы механизмов / Нории		Состояние аварии нории
30	StatusC1	Byte	СилКорпус / Статусы механизмов / Аспирация		Контроль состояния аспирации во время работы
31	StatusC2	Byte	СилКорпус / Статусы механизмов / Аспирация		Контроль состояния аспирации во время работы
32	StatusC3	Byte	СилКорпус / Статусы механизмов / Аспирация		Контроль состояния аспирации во время работы
33	StatusC4	Byte	СилКорпус / Статусы механизмов / Аспирация		Контроль состояния аспирации во время работы
34	StatusC5	Byte	СилКорпус / Статусы механизмов / Аспирация		Контроль состояния аспирации во время работы
35	StatusC6	Byte	СилКорпус / Статусы механизмов / Аспирация		Контроль состояния аспирации во время работы
36	StatusC7	Byte	СилКорпус / Статусы механизмов / Аспирация		Контроль состояния аспирации во время работы
37	StatusC8	Byte	СилКорпус / Статусы механизмов / Аспирация		Контроль состояния аспирации во время работы
38	StatusC9	Byte	СилКорпус / Статусы механизмов / Аспирация		Контроль состояния аспирации во время работы
39	StatusC10	Byte	СилКорпус / Статусы механизмов / Аспирация		Контроль состояния аспирации во время работы
40	StatusC11	Byte	СилКорпус / Статусы механизмов / Аспирация		Контроль состояния аспирации во время работы
41	StatusC12	Byte	СилКорпус / Статусы механизмов / Аспирация		Контроль состояния аспирации во время работы
42	StatusC13	Byte	СилКорпус / Статусы механизмов / Аспирация		Контроль состояния аспирации во время работы
43	StatusC14	Byte	СилКорпус / Статусы механизмов / Аспирация		Контроль состояния аспирации во время работы
44	StatusStartC1	Byte	СилКорпус / Статусы механизмов / Аспирация		Контроль алгоритма запуска аспирации
45	StatusStartC2	Byte	СилКорпус / Статусы механизмов / Аспирация		Контроль алгоритма запуска аспирации
46	StatusStartC3	Byte	СилКорпус / Статусы механизмов / Аспирация		Контроль алгоритма запуска аспирации
47	StatusStartC4	Byte	СилКорпус / Статусы механизмов / Аспирация		Контроль алгоритма запуска аспирации
48	StatusStartC5	Byte	СилКорпус / Статусы механизмов / Аспирация		Контроль алгоритма запуска аспирации
49	StatusStartC6	Byte	СилКорпус / Статусы механизмов / Аспирация		Контроль алгоритма запуска аспирации
50	StatusStartC7	Byte	СилКорпус / Статусы механизмов / Аспирация		Контроль алгоритма запуска аспирации
51	StatusStartC8	Byte	СилКорпус / Статусы механизмов / Аспирация		Контроль алгоритма запуска аспирации
52	StatusStartC9	Byte	СилКорпус / Статусы механизмов / Аспирация		Контроль алгоритма запуска аспирации
53	StatusStartC10	Byte	СилКорпус / Статусы механизмов / Аспирация		Контроль алгоритма запуска аспирации
54	StatusStartC11	Byte	СилКорпус / Статусы механизмов / Аспирация		Контроль алгоритма запуска аспирации
55	StatusStartC12	Byte	СилКорпус / Статусы механизмов / Аспирация		Контроль алгоритма запуска аспирации
56	StatusStartC13	Byte	СилКорпус / Статусы механизмов / Аспирация		Контроль алгоритма запуска аспирации
57	StatusStartC14	Byte	СилКорпус / Статусы механизмов / Аспирация		Контроль алгоритма запуска аспирации
58	StatusT1	Byte	СилКорпус / Статусы механизмов / Транспортеры		Контроль состояния транспортера во время работы
59	StatusT2	Byte	СилКорпус / Статусы механизмов / Транспортеры		Контроль состояния транспортера во время работы
60	StatusT3	Byte	СилКорпус / Статусы механизмов / Транспортеры		Контроль состояния транспортера во время работы
61	StatusT4	Byte	СилКорпус / Статусы механизмов / Транспортеры		Контроль состояния транспортера во время работы
62	StatusT5	Byte	СилКорпус / Статусы механизмов / Транспортеры		Контроль состояния транспортера во время работы
63	StatusT6	Byte	СилКорпус / Статусы механизмов / Транспортеры		Контроль состояния транспортера во время работы
64	StatusT7	Byte	СилКорпус / Статусы механизмов / Транспортеры		Контроль состояния транспортера во время работы
65	StatusT8	Byte	СилКорпус / Статусы механизмов / Транспортеры		Контроль состояния транспортера во время работы
66	StatusT9	Byte	СилКорпус / Статусы механизмов / Транспортеры		Контроль состояния транспортера во время работы
67	StatusT10	Byte	СилКорпус / Статусы механизмов / Транспортеры		Контроль состояния транспортера во время работы
68	StatusT11	Byte	СилКорпус / Статусы механизмов / Транспортеры		Контроль состояния транспортера во время работы
69	StatusT12	Byte	СилКорпус / Статусы механизмов / Транспортеры		Контроль состояния транспортера во время работы
70	StatusT13	Byte	СилКорпус / Статусы механизмов / Транспортеры		Контроль состояния транспортера во время работы
71	StatusT14	Byte	СилКорпус / Статусы механизмов / Транспортеры		Контроль состояния транспортера во время работы
72	StatusT15	Byte	СилКорпус / Статусы механизмов / Транспортеры		Контроль состояния транспортера во время работы
73	StatusT16	Byte	СилКорпус / Статусы механизмов / Транспортеры		Контроль состояния транспортера во время работы
74	StatusT17	Byte	СилКорпус / Статусы механизмов / Транспортеры		Контроль состояния транспортера во время работы
75	StatusT18	Byte	СилКорпус / Статусы механизмов / Транспортеры		Контроль состояния транспортера во время работы
76	StatusT19	Byte	СилКорпус / Статусы механизмов / Транспортеры		Контроль состояния транспортера во время работы
77	StatusT20	Byte	СилКорпус / Статусы механизмов / Транспортеры		Контроль состояния транспортера во время работы
78	StatusStartForwardT1	Byte	СилКорпус / Статусы механизмов / Транспортеры		Контроль алгоритма запуска транспортера
79	StatusStartForwardT2	Byte	СилКорпус / Статусы механизмов / Транспортеры		Контроль алгоритма запуска транспортера
80	StatusStartForwardT3	Byte	СилКорпус / Статусы механизмов / Транспортеры		Контроль алгоритма запуска транспортера
81	StatusStartForwardT4	Byte	СилКорпус / Статусы механизмов / Транспортеры		Контроль алгоритма запуска транспортера
82	StatusStartForwardT5	Byte	СилКорпус / Статусы механизмов / Транспортеры		Контроль алгоритма запуска транспортера
83	StatusStartForwardT6	Byte	СилКорпус / Статусы механизмов / Транспортеры		Контроль алгоритма запуска транспортера
84	StatusStartForwardT7	Byte	СилКорпус / Статусы механизмов / Транспортеры		Контроль алгоритма запуска транспортера
85	StatusStartForwardT8	Byte	СилКорпус / Статусы механизмов / Транспортеры		Контроль алгоритма запуска транспортера
86	StatusStartForwardT9	Byte	СилКорпус / Статусы механизмов / Транспортеры		Контроль алгоритма запуска транспортера
87	StatusStartForwardT10	Byte	СилКорпус / Статусы механизмов / Транспортеры		Контроль алгоритма запуска транспортера
88	StatusStartForwardT11	Byte	СилКорпус / Статусы механизмов / Транспортеры		Контроль алгоритма запуска транспортера
89	StatusStartForwardT12	Byte	СилКорпус / Статусы механизмов / Транспортеры		Контроль алгоритма запуска транспортера
90	StatusStartForwardT13	Byte	СилКорпус / Статусы механизмов / Транспортеры		Контроль алгоритма запуска транспортера
91	StatusStartForwardT14	Byte	СилКорпус / Статусы механизмов / Транспортеры		Контроль алгоритма запуска транспортера
92	StatusStartForwardT15	Byte	СилКорпус / Статусы механизмов / Транспортеры		Контроль алгоритма запуска транспортера
93	StatusStartForwardT16	Byte	СилКорпус / Статусы механизмов / Транспортеры		Контроль алгоритма запуска транспортера
94	StatusStartForwardT17	Byte	СилКорпус / Статусы механизмов / Транспортеры		Контроль алгоритма запуска транспортера
95	StatusStartForwardT18	Byte	СилКорпус / Статусы механизмов / Транспортеры		Контроль алгоритма запуска транспортера
96	StatusStartForwardT19	Byte	СилКорпус / Статусы механизмов / Транспортеры		Контроль алгоритма запуска транспортера
97	StatusStartForwardT20	Byte	СилКорпус / Статусы механизмов / Транспортеры		Контроль алгоритма запуска транспортера
98	AlarmStatusT1	Boolean	СилКорпус / Статусы механизмов / Транспортеры		Состояние аварии транспортера
99	AlarmStatusT2	Boolean	СилКорпус / Статусы механизмов / Транспортеры		Состояние аварии транспортера
100	AlarmStatusT3	Boolean	СилКорпус / Статусы механизмов / Транспортеры		Состояние аварии транспортера
101	AlarmStatusT4	Boolean	СилКорпус / Статусы механизмов / Транспортеры		Состояние аварии транспортера
102	AlarmStatusT5	Boolean	СилКорпус / Статусы механизмов / Транспортеры		Состояние аварии транспортера
103	AlarmStatusT6	Boolean	СилКорпус / Статусы механизмов / Транспортеры		Состояние аварии транспортера
104	AlarmStatusT7	Boolean	СилКорпус / Статусы механизмов / Транспортеры		Состояние аварии транспортера
105	AlarmStatusT8	Boolean	СилКорпус / Статусы механизмов / Транспортеры		Состояние аварии транспортера
106	AlarmStatusT9	Boolean	СилКорпус / Статусы механизмов / Транспортеры		Состояние аварии транспортера
107	AlarmStatusT10	Boolean	СилКорпус / Статусы механизмов / Транспортеры		Состояние аварии транспортера
108	AlarmStatusT11	Boolean	СилКорпус / Статусы механизмов / Транспортеры		Состояние аварии транспортера
109	AlarmStatusT12	Boolean	СилКорпус / Статусы механизмов / Транспортеры		Состояние аварии транспортера
110	AlarmStatusT13	Boolean	СилКорпус / Статусы механизмов / Транспортеры		Состояние аварии транспортера
111	AlarmStatusT14	Boolean	СилКорпус / Статусы механизмов / Транспортеры		Состояние аварии транспортера
112	AlarmStatusT15	Boolean	СилКорпус / Статусы механизмов / Транспортеры		Состояние аварии транспортера
113	AlarmStatusT16	Boolean	СилКорпус / Статусы механизмов / Транспортеры		Состояние аварии транспортера
114	AlarmStatusT17	Boolean	СилКорпус / Статусы механизмов / Транспортеры		Состояние аварии транспортера
115	AlarmStatusT18	Boolean	СилКорпус / Статусы механизмов / Транспортеры		Состояние аварии транспортера
116	AlarmStatusT19	Boolean	СилКорпус / Статусы механизмов / Транспортеры		Состояние аварии транспортера
117	AlarmStatusT20	Boolean	СилКорпус / Статусы механизмов / Транспортеры		Состояние аварии транспортера
674	StatusStartReversT1	Byte	СилКорпус / Статусы механизмов / Транспортеры		Контроль алгоритма запуска транспортера
675	StatusStartReversT2	Byte	СилКорпус / Статусы механизмов / Транспортеры		Контроль алгоритма запуска транспортера
676	StatusStartReversT3	Byte	СилКорпус / Статусы механизмов / Транспортеры		Контроль алгоритма запуска транспортера
677	StatusStartReversT4	Byte	СилКорпус / Статусы механизмов / Транспортеры		Контроль алгоритма запуска транспортера
678	StatusStartReversT5	Byte	СилКорпус / Статусы механизмов / Транспортеры		Контроль алгоритма запуска транспортера
679	StatusStartReversT6	Byte	СилКорпус / Статусы механизмов / Транспортеры		Контроль алгоритма запуска транспортера
680	StatusStartReversT7	Byte	СилКорпус / Статусы механизмов / Транспортеры		Контроль алгоритма запуска транспортера
681	StatusStartReversT8	Byte	СилКорпус / Статусы механизмов / Транспортеры		Контроль алгоритма запуска транспортера
682	StatusStartReversT9	Byte	СилКорпус / Статусы механизмов / Транспортеры		Контроль алгоритма запуска транспортера
683	StatusStartReversT10	Byte	СилКорпус / Статусы механизмов / Транспортеры		Контроль алгоритма запуска транспортера
684	StatusStartReversT11	Byte	СилКорпус / Статусы механизмов / Транспортеры		Контроль алгоритма запуска транспортера
685	StatusStartReversT12	Byte	СилКорпус / Статусы механизмов / Транспортеры		Контроль алгоритма запуска транспортера
686	StatusStartReversT13	Byte	СилКорпус / Статусы механизмов / Транспортеры		Контроль алгоритма запуска транспортера
687	StatusStartReversT14	Byte	СилКорпус / Статусы механизмов / Транспортеры		Контроль алгоритма запуска транспортера
688	StatusStartReversT15	Byte	СилКорпус / Статусы механизмов / Транспортеры		Контроль алгоритма запуска транспортера
689	StatusStartReversT16	Byte	СилКорпус / Статусы механизмов / Транспортеры		Контроль алгоритма запуска транспортера
690	StatusStartReversT17	Byte	СилКорпус / Статусы механизмов / Транспортеры		Контроль алгоритма запуска транспортера
691	StatusStartReversT18	Byte	СилКорпус / Статусы механизмов / Транспортеры		Контроль алгоритма запуска транспортера
692	StatusStartReversT19	Byte	СилКорпус / Статусы механизмов / Транспортеры		Контроль алгоритма запуска транспортера
693	StatusStartReversT20	Byte	СилКорпус / Статусы механизмов / Транспортеры		Контроль алгоритма запуска транспортера
451	T6LatchStatus1	Word	СилКорпус / Статусы механизмов / Заслонки транспортера номер 6		Статус заслонки транспортера
452	T6LatchStatus2	Word	СилКорпус / Статусы механизмов / Заслонки транспортера номер 6		Статус заслонки транспортера
453	T6LatchStatus3	Word	СилКорпус / Статусы механизмов / Заслонки транспортера номер 6		Статус заслонки транспортера
454	T6LatchStatus4	Word	СилКорпус / Статусы механизмов / Заслонки транспортера номер 6		Статус заслонки транспортера
455	T6LatchStatus5	Word	СилКорпус / Статусы механизмов / Заслонки транспортера номер 6		Статус заслонки транспортера
456	T6LatchStatus6	Word	СилКорпус / Статусы механизмов / Заслонки транспортера номер 6		Статус заслонки транспортера
457	T6LatchStatus7	Word	СилКорпус / Статусы механизмов / Заслонки транспортера номер 6		Статус заслонки транспортера
458	T6LatchStatus8	Word	СилКорпус / Статусы механизмов / Заслонки транспортера номер 6		Статус заслонки транспортера
459	T6LatchStatus9	Word	СилКорпус / Статусы механизмов / Заслонки транспортера номер 6		Статус заслонки транспортера
460	T6LatchStatus10	Word	СилКорпус / Статусы механизмов / Заслонки транспортера номер 6		Статус заслонки транспортера
471	T6LatchStatusByte1	Byte	СилКорпус / Статусы механизмов / Заслонки транспортера номер 6		Статус заслонки транспортера в битах для формирования сообщений
472	T6LatchStatusByte2	Byte	СилКорпус / Статусы механизмов / Заслонки транспортера номер 6		Статус заслонки транспортера в битах для формирования сообщений
473	T6LatchStatusByte3	Byte	СилКорпус / Статусы механизмов / Заслонки транспортера номер 6		Статус заслонки транспортера в битах для формирования сообщений
474	T6LatchStatusByte4	Byte	СилКорпус / Статусы механизмов / Заслонки транспортера номер 6		Статус заслонки транспортера в битах для формирования сообщений
475	T6LatchStatusByte5	Byte	СилКорпус / Статусы механизмов / Заслонки транспортера номер 6		Статус заслонки транспортера в битах для формирования сообщений
476	T6LatchStatusByte6	Byte	СилКорпус / Статусы механизмов / Заслонки транспортера номер 6		Статус заслонки транспортера в битах для формирования сообщений
477	T6LatchStatusByte7	Byte	СилКорпус / Статусы механизмов / Заслонки транспортера номер 6		Статус заслонки транспортера в битах для формирования сообщений
478	T6LatchStatusByte8	Byte	СилКорпус / Статусы механизмов / Заслонки транспортера номер 6		Статус заслонки транспортера в битах для формирования сообщений
479	T6LatchStatusByte9	Byte	СилКорпус / Статусы механизмов / Заслонки транспортера номер 6		Статус заслонки транспортера в битах для формирования сообщений
480	T6LatchStatusByte10	Byte	СилКорпус / Статусы механизмов / Заслонки транспортера номер 6		Статус заслонки транспортера в битах для формирования сообщений
461	T7LatchStatus1	Word	СилКорпус / Статусы механизмов / Заслонки транспортера номер 7		Статус заслонки транспортера
462	T7LatchStatus2	Word	СилКорпус / Статусы механизмов / Заслонки транспортера номер 7		Статус заслонки транспортера
463	T7LatchStatus3	Word	СилКорпус / Статусы механизмов / Заслонки транспортера номер 7		Статус заслонки транспортера
464	T7LatchStatus4	Word	СилКорпус / Статусы механизмов / Заслонки транспортера номер 7		Статус заслонки транспортера
465	T7LatchStatus5	Word	СилКорпус / Статусы механизмов / Заслонки транспортера номер 7		Статус заслонки транспортера
466	T7LatchStatus6	Word	СилКорпус / Статусы механизмов / Заслонки транспортера номер 7		Статус заслонки транспортера
467	T7LatchStatus7	Word	СилКорпус / Статусы механизмов / Заслонки транспортера номер 7		Статус заслонки транспортера
468	T7LatchStatus8	Word	СилКорпус / Статусы механизмов / Заслонки транспортера номер 7		Статус заслонки транспортера
469	T7LatchStatus9	Word	СилКорпус / Статусы механизмов / Заслонки транспортера номер 7		Статус заслонки транспортера
470	T7LatchStatus10	Word	СилКорпус / Статусы механизмов / Заслонки транспортера номер 7		Статус заслонки транспортера
481	T7LatchStatusByte1	Byte	СилКорпус / Статусы механизмов / Заслонки транспортера номер 7		Статус заслонки транспортера в битах для формирования сообщений
482	T7LatchStatusByte2	Byte	СилКорпус / Статусы механизмов / Заслонки транспортера номер 7		Статус заслонки транспортера в битах для формирования сообщений
483	T7LatchStatusByte3	Byte	СилКорпус / Статусы механизмов / Заслонки транспортера номер 7		Статус заслонки транспортера в битах для формирования сообщений
484	T7LatchStatusByte4	Byte	СилКорпус / Статусы механизмов / Заслонки транспортера номер 7		Статус заслонки транспортера в битах для формирования сообщений
485	T7LatchStatusByte5	Byte	СилКорпус / Статусы механизмов / Заслонки транспортера номер 7		Статус заслонки транспортера в битах для формирования сообщений
486	T7LatchStatusByte6	Byte	СилКорпус / Статусы механизмов / Заслонки транспортера номер 7		Статус заслонки транспортера в битах для формирования сообщений
487	T7LatchStatusByte7	Byte	СилКорпус / Статусы механизмов / Заслонки транспортера номер 7		Статус заслонки транспортера в битах для формирования сообщений
488	T7LatchStatusByte8	Byte	СилКорпус / Статусы механизмов / Заслонки транспортера номер 7		Статус заслонки транспортера в битах для формирования сообщений
489	T7LatchStatusByte9	Byte	СилКорпус / Статусы механизмов / Заслонки транспортера номер 7		Статус заслонки транспортера в битах для формирования сообщений
490	T7LatchStatusByte10	Byte	СилКорпус / Статусы механизмов / Заслонки транспортера номер 7		Статус заслонки транспортера в битах для формирования сообщений
1208	T4LatchStatus1	Word	СилКорпус / Статусы механизмов / Заслонки транспортера номер 4		Статус заслонки транспортера
1209	T4LatchStatus2	Word	СилКорпус / Статусы механизмов / Заслонки транспортера номер 4		Статус заслонки транспортера
1210	T4LatchStatus3	Word	СилКорпус / Статусы механизмов / Заслонки транспортера номер 4		Статус заслонки транспортера
1211	T4LatchStatus4	Word	СилКорпус / Статусы механизмов / Заслонки транспортера номер 4		Статус заслонки транспортера
1212	T4LatchStatus5	Word	СилКорпус / Статусы механизмов / Заслонки транспортера номер 4		Статус заслонки транспортера
1213	T4LatchStatus6	Word	СилКорпус / Статусы механизмов / Заслонки транспортера номер 4		Статус заслонки транспортера
1214	T4LatchStatus7	Word	СилКорпус / Статусы механизмов / Заслонки транспортера номер 4		Статус заслонки транспортера
1215	T4LatchStatus8	Word	СилКорпус / Статусы механизмов / Заслонки транспортера номер 4		Статус заслонки транспортера
1216	T4LatchStatus9	Word	СилКорпус / Статусы механизмов / Заслонки транспортера номер 4		Статус заслонки транспортера
1217	T4LatchStatus10	Word	СилКорпус / Статусы механизмов / Заслонки транспортера номер 4		Статус заслонки транспортера
1218	T4LatchStatusByte1	Byte	СилКорпус / Статусы механизмов / Заслонки транспортера номер 4		Статус заслонки транспортера в битах для формирования сообщений
1219	T4LatchStatusByte2	Byte	СилКорпус / Статусы механизмов / Заслонки транспортера номер 4		Статус заслонки транспортера в битах для формирования сообщений
1220	T4LatchStatusByte3	Byte	СилКорпус / Статусы механизмов / Заслонки транспортера номер 4		Статус заслонки транспортера в битах для формирования сообщений
1221	T4LatchStatusByte4	Byte	СилКорпус / Статусы механизмов / Заслонки транспортера номер 4		Статус заслонки транспортера в битах для формирования сообщений
1222	T4LatchStatusByte5	Byte	СилКорпус / Статусы механизмов / Заслонки транспортера номер 4		Статус заслонки транспортера в битах для формирования сообщений
1223	T4LatchStatusByte6	Byte	СилКорпус / Статусы механизмов / Заслонки транспортера номер 4		Статус заслонки транспортера в битах для формирования сообщений
1224	T4LatchStatusByte7	Byte	СилКорпус / Статусы механизмов / Заслонки транспортера номер 4		Статус заслонки транспортера в битах для формирования сообщений
1225	T4LatchStatusByte8	Byte	СилКорпус / Статусы механизмов / Заслонки транспортера номер 4		Статус заслонки транспортера в битах для формирования сообщений
1226	T4LatchStatusByte9	Byte	СилКорпус / Статусы механизмов / Заслонки транспортера номер 4		Статус заслонки транспортера в битах для формирования сообщений
1227	T4LatchStatusByte10	Byte	СилКорпус / Статусы механизмов / Заслонки транспортера номер 4		Статус заслонки транспортера в битах для формирования сообщений
1228	T4ClapLatchStatus1	Word	СилКорпус / Статусы механизмов / Заслонки транспортера номер 4		Статус заслонки транспортера
1229	T4ClapLatchStatus2	Word	СилКорпус / Статусы механизмов / Заслонки транспортера номер 4		Статус заслонки транспортера
1230	T4ClapLatchStatus3	Word	СилКорпус / Статусы механизмов / Заслонки транспортера номер 4		Статус заслонки транспортера
1231	T4ClapLatchStatus4	Word	СилКорпус / Статусы механизмов / Заслонки транспортера номер 4		Статус заслонки транспортера
1232	T4ClapLatchStatus5	Word	СилКорпус / Статусы механизмов / Заслонки транспортера номер 4		Статус заслонки транспортера
1233	T4ClapLatchStatus6	Word	СилКорпус / Статусы механизмов / Заслонки транспортера номер 4		Статус заслонки транспортера
1234	T4ClapLatchStatus7	Word	СилКорпус / Статусы механизмов / Заслонки транспортера номер 4		Статус заслонки транспортера
1235	T4ClapLatchStatus8	Word	СилКорпус / Статусы механизмов / Заслонки транспортера номер 4		Статус заслонки транспортера
1236	T4ClapLatchStatus9	Word	СилКорпус / Статусы механизмов / Заслонки транспортера номер 4		Статус заслонки транспортера
1237	T4ClapLatchStatus10	Word	СилКорпус / Статусы механизмов / Заслонки транспортера номер 4		Статус заслонки транспортера
1238	T4ClapLatchStatusByte1	Byte	СилКорпус / Статусы механизмов / Заслонки транспортера номер 4		Статус заслонки транспортера в битах для формирования сообщений
1239	T4ClapLatchStatusByte2	Byte	СилКорпус / Статусы механизмов / Заслонки транспортера номер 4		Статус заслонки транспортера в битах для формирования сообщений
1240	T4ClapLatchStatusByte3	Byte	СилКорпус / Статусы механизмов / Заслонки транспортера номер 4		Статус заслонки транспортера в битах для формирования сообщений
1241	T4ClapLatchStatusByte4	Byte	СилКорпус / Статусы механизмов / Заслонки транспортера номер 4		Статус заслонки транспортера в битах для формирования сообщений
1242	T4ClapLatchStatusByte5	Byte	СилКорпус / Статусы механизмов / Заслонки транспортера номер 4		Статус заслонки транспортера в битах для формирования сообщений
1243	T4ClapLatchStatusByte6	Byte	СилКорпус / Статусы механизмов / Заслонки транспортера номер 4		Статус заслонки транспортера в битах для формирования сообщений
1244	T4ClapLatchStatusByte7	Byte	СилКорпус / Статусы механизмов / Заслонки транспортера номер 4		Статус заслонки транспортера в битах для формирования сообщений
1245	T4ClapLatchStatusByte8	Byte	СилКорпус / Статусы механизмов / Заслонки транспортера номер 4		Статус заслонки транспортера в битах для формирования сообщений
1246	T4ClapLatchStatusByte9	Byte	СилКорпус / Статусы механизмов / Заслонки транспортера номер 4		Статус заслонки транспортера в битах для формирования сообщений
1247	T4ClapLatchStatusByte10	Byte	СилКорпус / Статусы механизмов / Заслонки транспортера номер 4		Статус заслонки транспортера в битах для формирования сообщений
1248	T5LatchStatus1	Word	СилКорпус / Статусы механизмов / Заслонки транспортера номер 5		Статус заслонки транспортера
1249	T5LatchStatus2	Word	СилКорпус / Статусы механизмов / Заслонки транспортера номер 5		Статус заслонки транспортера
1250	T5LatchStatus3	Word	СилКорпус / Статусы механизмов / Заслонки транспортера номер 5		Статус заслонки транспортера
1251	T5LatchStatus4	Word	СилКорпус / Статусы механизмов / Заслонки транспортера номер 5		Статус заслонки транспортера
1252	T5LatchStatus5	Word	СилКорпус / Статусы механизмов / Заслонки транспортера номер 5		Статус заслонки транспортера
1253	T5LatchStatus6	Word	СилКорпус / Статусы механизмов / Заслонки транспортера номер 5		Статус заслонки транспортера
1254	T5LatchStatus7	Word	СилКорпус / Статусы механизмов / Заслонки транспортера номер 5		Статус заслонки транспортера
1255	T5LatchStatus8	Word	СилКорпус / Статусы механизмов / Заслонки транспортера номер 5		Статус заслонки транспортера
1256	T5LatchStatusByte1	Byte	СилКорпус / Статусы механизмов / Заслонки транспортера номер 5		Статус заслонки транспортера в битах для формирования сообщений
1257	T5LatchStatusByte2	Byte	СилКорпус / Статусы механизмов / Заслонки транспортера номер 5		Статус заслонки транспортера в битах для формирования сообщений
1258	T5LatchStatusByte3	Byte	СилКорпус / Статусы механизмов / Заслонки транспортера номер 5		Статус заслонки транспортера в битах для формирования сообщений
1259	T5LatchStatusByte4	Byte	СилКорпус / Статусы механизмов / Заслонки транспортера номер 5		Статус заслонки транспортера в битах для формирования сообщений
1260	T5LatchStatusByte5	Byte	СилКорпус / Статусы механизмов / Заслонки транспортера номер 5		Статус заслонки транспортера в битах для формирования сообщений
1261	T5LatchStatusByte6	Byte	СилКорпус / Статусы механизмов / Заслонки транспортера номер 5		Статус заслонки транспортера в битах для формирования сообщений
1262	T5LatchStatusByte7	Byte	СилКорпус / Статусы механизмов / Заслонки транспортера номер 5		Статус заслонки транспортера в битах для формирования сообщений
1263	T5LatchStatusByte8	Byte	СилКорпус / Статусы механизмов / Заслонки транспортера номер 5		Статус заслонки транспортера в битах для формирования сообщений
1264	T5ClapLatchStatus1	Word	СилКорпус / Статусы механизмов / Заслонки транспортера номер 5		Статус заслонки транспортера
1265	T5ClapLatchStatus2	Word	СилКорпус / Статусы механизмов / Заслонки транспортера номер 5		Статус заслонки транспортера
1266	T5ClapLatchStatus3	Word	СилКорпус / Статусы механизмов / Заслонки транспортера номер 5		Статус заслонки транспортера
1267	T5ClapLatchStatus4	Word	СилКорпус / Статусы механизмов / Заслонки транспортера номер 5		Статус заслонки транспортера
1268	T5ClapLatchStatus5	Word	СилКорпус / Статусы механизмов / Заслонки транспортера номер 5		Статус заслонки транспортера
1269	T5ClapLatchStatus6	Word	СилКорпус / Статусы механизмов / Заслонки транспортера номер 5		Статус заслонки транспортера
1270	T5ClapLatchStatus7	Word	СилКорпус / Статусы механизмов / Заслонки транспортера номер 5		Статус заслонки транспортера
1271	T5ClapLatchStatus8	Word	СилКорпус / Статусы механизмов / Заслонки транспортера номер 5		Статус заслонки транспортера
1272	T5ClapLatchStatusByte1	Byte	СилКорпус / Статусы механизмов / Заслонки транспортера номер 5		Статус заслонки транспортера в битах для формирования сообщений
1273	T5ClapLatchStatusByte2	Byte	СилКорпус / Статусы механизмов / Заслонки транспортера номер 5		Статус заслонки транспортера в битах для формирования сообщений
1274	T5ClapLatchStatusByte3	Byte	СилКорпус / Статусы механизмов / Заслонки транспортера номер 5		Статус заслонки транспортера в битах для формирования сообщений
1275	T5ClapLatchStatusByte4	Byte	СилКорпус / Статусы механизмов / Заслонки транспортера номер 5		Статус заслонки транспортера в битах для формирования сообщений
1276	T5ClapLatchStatusByte5	Byte	СилКорпус / Статусы механизмов / Заслонки транспортера номер 5		Статус заслонки транспортера в битах для формирования сообщений
1277	T5ClapLatchStatusByte6	Byte	СилКорпус / Статусы механизмов / Заслонки транспортера номер 5		Статус заслонки транспортера в битах для формирования сообщений
1278	T5ClapLatchStatusByte7	Byte	СилКорпус / Статусы механизмов / Заслонки транспортера номер 5		Статус заслонки транспортера в битах для формирования сообщений
1279	T5ClapLatchStatusByte8	Byte	СилКорпус / Статусы механизмов / Заслонки транспортера номер 5		Статус заслонки транспортера в битах для формирования сообщений
1291	T1LatchStatus1	Word	СилКорпус / Статусы механизмов / Заслонки транспортера номер 1-3		Статус заслонки транспортера
1292	T1LatchStatus2	Word	СилКорпус / Статусы механизмов / Заслонки транспортера номер 1-3		Статус заслонки транспортера
1293	T1LatchStatus3	Word	СилКорпус / Статусы механизмов / Заслонки транспортера номер 1-3		Статус заслонки транспортера
1294	T1LatchStatus4	Word	СилКорпус / Статусы механизмов / Заслонки транспортера номер 1-3		Статус заслонки транспортера
1295	T1LatchStatus5	Word	СилКорпус / Статусы механизмов / Заслонки транспортера номер 1-3		Статус заслонки транспортера
1296	T1LatchStatus6	Word	СилКорпус / Статусы механизмов / Заслонки транспортера номер 1-3		Статус заслонки транспортера
1297	T1LatchStatus7	Word	СилКорпус / Статусы механизмов / Заслонки транспортера номер 1-3		Статус заслонки транспортера
1298	T1LatchStatus8	Word	СилКорпус / Статусы механизмов / Заслонки транспортера номер 1-3		Статус заслонки транспортера
1299	T1LatchStatusByte1	Byte	СилКорпус / Статусы механизмов / Заслонки транспортера номер 1-3		Статус заслонки транспортера в битах для формирования сообщений
1300	T1LatchStatusByte2	Byte	СилКорпус / Статусы механизмов / Заслонки транспортера номер 1-3		Статус заслонки транспортера в битах для формирования сообщений
1301	T1LatchStatusByte3	Byte	СилКорпус / Статусы механизмов / Заслонки транспортера номер 1-3		Статус заслонки транспортера в битах для формирования сообщений
1302	T1LatchStatusByte4	Byte	СилКорпус / Статусы механизмов / Заслонки транспортера номер 1-3		Статус заслонки транспортера в битах для формирования сообщений
1303	T1LatchStatusByte5	Byte	СилКорпус / Статусы механизмов / Заслонки транспортера номер 1-3		Статус заслонки транспортера в битах для формирования сообщений
1304	T1LatchStatusByte6	Byte	СилКорпус / Статусы механизмов / Заслонки транспортера номер 1-3		Статус заслонки транспортера в битах для формирования сообщений
1305	T1LatchStatusByte7	Byte	СилКорпус / Статусы механизмов / Заслонки транспортера номер 1-3		Статус заслонки транспортера в битах для формирования сообщений
1306	T1LatchStatusByte8	Byte	СилКорпус / Статусы механизмов / Заслонки транспортера номер 1-3		Статус заслонки транспортера в битах для формирования сообщений
1440	T1LatchStatus9	Word	СилКорпус / Статусы механизмов / Заслонки транспортера номер 1-3		Статус заслонки транспортера
1441	T1LatchStatusByte9	Byte	СилКорпус / Статусы механизмов / Заслонки транспортера номер 1-3		Статус заслонки транспортера в битах для формирования сообщений
118	RelayOutN1	Boolean	СилКорпус / Выходные переменные / Нории	mo1DO17	Выходное реле управления нории
119	RelayOutN2	Boolean	СилКорпус / Выходные переменные / Нории	mo1DO18	Выходное реле управления нории
120	RelayOutN3	Boolean	СилКорпус / Выходные переменные / Нории	mo1DO19	Выходное реле управления нории
121	RelayOutN4	Boolean	СилКорпус / Выходные переменные / Нории	mo1DO20	Выходное реле управления нории
122	RelayOutN5	Boolean	СилКорпус / Выходные переменные / Нории	mo1DO21	Выходное реле управления нории
123	RelayOutN6	Boolean	СилКорпус / Выходные переменные / Нории	mo1DO22	Выходное реле управления нории
124	RelayOutN7	Boolean	СилКорпус / Выходные переменные / Нории		Выходное реле управления нории
125	RelayOutN8	Boolean	СилКорпус / Выходные переменные / Нории		Выходное реле управления нории
126	RelayOutN9	Boolean	СилКорпус / Выходные переменные / Нории		Выходное реле управления нории
127	RelayOutN10	Boolean	СилКорпус / Выходные переменные / Нории		Выходное реле управления нории
128	RelayOutC1	Boolean	СилКорпус / Выходные переменные / Аспирация		Выходное реле управления аспирации
129	RelayOutC2	Boolean	СилКорпус / Выходные переменные / Аспирация		Выходное реле управления аспирации
130	RelayOutC3	Boolean	СилКорпус / Выходные переменные / Аспирация		Выходное реле управления аспирации
131	RelayOutC4	Boolean	СилКорпус / Выходные переменные / Аспирация		Выходное реле управления аспирации
132	RelayOutC5	Boolean	СилКорпус / Выходные переменные / Аспирация		Выходное реле управления аспирации
133	RelayOutC6	Boolean	СилКорпус / Выходные переменные / Аспирация		Выходное реле управления аспирации
134	RelayOutC7	Boolean	СилКорпус / Выходные переменные / Аспирация		Выходное реле управления аспирации
135	RelayOutC8	Boolean	СилКорпус / Выходные переменные / Аспирация		Выходное реле управления аспирации
136	RelayOutC9	Boolean	СилКорпус / Выходные переменные / Аспирация		Выходное реле управления аспирации
137	RelayOutC10	Boolean	СилКорпус / Выходные переменные / Аспирация		Выходное реле управления аспирации
138	RelayOutC11	Boolean	СилКорпус / Выходные переменные / Аспирация		Выходное реле управления аспирации
139	RelayOutC12	Boolean	СилКорпус / Выходные переменные / Аспирация		Выходное реле управления аспирации
140	RelayOutC13	Boolean	СилКорпус / Выходные переменные / Аспирация		Выходное реле управления аспирации
141	RelayOutC14	Boolean	СилКорпус / Выходные переменные / Аспирация		Выходное реле управления аспирации
142	RelayOutForwardT1	Boolean	СилКорпус / Выходные переменные / Транспортеры	mo1DO1	Выходное реле управления транспортера в прямом направлении
143	RelayOutForwardT2	Boolean	СилКорпус / Выходные переменные / Транспортеры	mo1DO11	Выходное реле управления транспортера в прямом направлении
144	RelayOutForwardT3	Boolean	СилКорпус / Выходные переменные / Транспортеры	mo1DO12	Выходное реле управления транспортера в прямом направлении
145	RelayOutForwardT4	Boolean	СилКорпус / Выходные переменные / Транспортеры	mo1DO3	Выходное реле управления транспортера в прямом направлении
146	RelayOutForwardT5	Boolean	СилКорпус / Выходные переменные / Транспортеры	mo1DO5	Выходное реле управления транспортера в прямом направлении
147	RelayOutForwardT6	Boolean	СилКорпус / Выходные переменные / Транспортеры	mo1DO7	Выходное реле управления транспортера в прямом направлении
148	RelayOutForwardT7	Boolean	СилКорпус / Выходные переменные / Транспортеры	mo1DO9	Выходное реле управления транспортера в прямом направлении
149	RelayOutForwardT8	Boolean	СилКорпус / Выходные переменные / Транспортеры		Выходное реле управления транспортера в прямом направлении
150	RelayOutForwardT9	Boolean	СилКорпус / Выходные переменные / Транспортеры		Выходное реле управления транспортера в прямом направлении
151	RelayOutForwardT10	Boolean	СилКорпус / Выходные переменные / Транспортеры		Выходное реле управления транспортера в прямом направлении
152	RelayOutForwardT11	Boolean	СилКорпус / Выходные переменные / Транспортеры		Выходное реле управления транспортера в прямом направлении
153	RelayOutForwardT12	Boolean	СилКорпус / Выходные переменные / Транспортеры		Выходное реле управления транспортера в прямом направлении
154	RelayOutForwardT13	Boolean	СилКорпус / Выходные переменные / Транспортеры		Выходное реле управления транспортера в прямом направлении
155	RelayOutForwardT14	Boolean	СилКорпус / Выходные переменные / Транспортеры		Выходное реле управления транспортера в прямом направлении
156	RelayOutForwardT15	Boolean	СилКорпус / Выходные переменные / Транспортеры		Выходное реле управления транспортера в прямом направлении
157	RelayOutForwardT16	Boolean	СилКорпус / Выходные переменные / Транспортеры		Выходное реле управления транспортера в прямом направлении
158	RelayOutForwardT17	Boolean	СилКорпус / Выходные переменные / Транспортеры		Выходное реле управления транспортера в прямом направлении
159	RelayOutForwardT18	Boolean	СилКорпус / Выходные переменные / Транспортеры		Выходное реле управления транспортера в прямом направлении
160	RelayOutForwardT19	Boolean	СилКорпус / Выходные переменные / Транспортеры		Выходное реле управления транспортера в прямом направлении
161	RelayOutForwardT20	Boolean	СилКорпус / Выходные переменные / Транспортеры		Выходное реле управления транспортера в прямом направлении
162	RelayOutReversT1	Boolean	СилКорпус / Выходные переменные / Транспортеры	mo1DO2	Выходное реле управления транспортера в обратном направлении
163	RelayOutReversT2	Boolean	СилКорпус / Выходные переменные / Транспортеры		Выходное реле управления транспортера в обратном направлении
164	RelayOutReversT3	Boolean	СилКорпус / Выходные переменные / Транспортеры		Выходное реле управления транспортера в обратном направлении
165	RelayOutReversT4	Boolean	СилКорпус / Выходные переменные / Транспортеры	mo1DO4	Выходное реле управления транспортера в обратном направлении
166	RelayOutReversT5	Boolean	СилКорпус / Выходные переменные / Транспортеры	mo1DO6	Выходное реле управления транспортера в обратном направлении
167	RelayOutReversT6	Boolean	СилКорпус / Выходные переменные / Транспортеры	mo1DO8	Выходное реле управления транспортера в обратном направлении
168	RelayOutReversT7	Boolean	СилКорпус / Выходные переменные / Транспортеры	mo1DO10	Выходное реле управления транспортера в обратном направлении
169	RelayOutReversT8	Boolean	СилКорпус / Выходные переменные / Транспортеры		Выходное реле управления транспортера в обратном направлении
170	RelayOutReversT9	Boolean	СилКорпус / Выходные переменные / Транспортеры		Выходное реле управления транспортера в обратном направлении
171	RelayOutReversT10	Boolean	СилКорпус / Выходные переменные / Транспортеры		Выходное реле управления транспортера в обратном направлении
172	RelayOutReversT11	Boolean	СилКорпус / Выходные переменные / Транспортеры		Выходное реле управления транспортера в обратном направлении
173	RelayOutReversT12	Boolean	СилКорпус / Выходные переменные / Транспортеры		Выходное реле управления транспортера в обратном направлении
174	RelayOutReversT13	Boolean	СилКорпус / Выходные переменные / Транспортеры		Выходное реле управления транспортера в обратном направлении
175	RelayOutReversT14	Boolean	СилКорпус / Выходные переменные / Транспортеры		Выходное реле управления транспортера в обратном направлении
176	RelayOutReversT15	Boolean	СилКорпус / Выходные переменные / Транспортеры		Выходное реле управления транспортера в обратном направлении
177	RelayOutReversT16	Boolean	СилКорпус / Выходные переменные / Транспортеры		Выходное реле управления транспортера в обратном направлении
178	RelayOutReversT17	Boolean	СилКорпус / Выходные переменные / Транспортеры		Выходное реле управления транспортера в обратном направлении
179	RelayOutReversT18	Boolean	СилКорпус / Выходные переменные / Транспортеры		Выходное реле управления транспортера в обратном направлении
180	RelayOutReversT19	Boolean	СилКорпус / Выходные переменные / Транспортеры		Выходное реле управления транспортера в обратном направлении
181	RelayOutReversT20	Boolean	СилКорпус / Выходные переменные / Транспортеры		Выходное реле управления транспортера в обратном направлении
370	T6LatchSelect1	Boolean	СилКорпус / Выходные переменные / Заслонки транспортера номер 6	t6DO5	Выходное реле выбора заслонки для управления
371	T6LatchSelect2	Boolean	СилКорпус / Выходные переменные / Заслонки транспортера номер 6	t6DO6	Выходное реле выбора заслонки для управления
372	T6LatchSelect3	Boolean	СилКорпус / Выходные переменные / Заслонки транспортера номер 6	t6DO7	Выходное реле выбора заслонки для управления
373	T6LatchSelect4	Boolean	СилКорпус / Выходные переменные / Заслонки транспортера номер 6	t6DO8	Выходное реле выбора заслонки для управления
374	T6LatchSelect5	Boolean	СилКорпус / Выходные переменные / Заслонки транспортера номер 6	t6DO9	Выходное реле выбора заслонки для управления
375	T6LatchSelect6	Boolean	СилКорпус / Выходные переменные / Заслонки транспортера номер 6	t6DO10	Выходное реле выбора заслонки для управления
376	T6LatchSelect7	Boolean	СилКорпус / Выходные переменные / Заслонки транспортера номер 6	t6DO11	Выходное реле выбора заслонки для управления
377	T6LatchSelect8	Boolean	СилКорпус / Выходные переменные / Заслонки транспортера номер 6	t6DO12	Выходное реле выбора заслонки для управления
378	T6LatchSelect9	Boolean	СилКорпус / Выходные переменные / Заслонки транспортера номер 6	t6DO13	Выходное реле выбора заслонки для управления
379	T6LatchSelect10	Boolean	СилКорпус / Выходные переменные / Заслонки транспортера номер 6	t6DO14	Выходное реле выбора заслонки для управления
380	T6LatchRunOpen	Boolean	СилКорпус / Выходные переменные / Заслонки транспортера номер 6	t6DO15	Выходное реле для открытия выбранной заслонки
381	T6LatchRunClose	Boolean	СилКорпус / Выходные переменные / Заслонки транспортера номер 6	t6DO16	Выходное реле для закрытия выбранной заслонки
398	T7LatchRunOpen	Boolean	СилКорпус / Выходные переменные / Заслонки транспортера номер 7	t7DO15	Выходное реле для открытия выбранной заслонки
399	T7LatchRunClose	Boolean	СилКорпус / Выходные переменные / Заслонки транспортера номер 7	t7DO16	Выходное реле для закрытия выбранной заслонки
401	T7LatchSelect1	Boolean	СилКорпус / Выходные переменные / Заслонки транспортера номер 7	t7DO5	Выходное реле выбора заслонки для управления
402	T7LatchSelect2	Boolean	СилКорпус / Выходные переменные / Заслонки транспортера номер 7	t7DO6	Выходное реле выбора заслонки для управления
403	T7LatchSelect3	Boolean	СилКорпус / Выходные переменные / Заслонки транспортера номер 7	t7DO7	Выходное реле выбора заслонки для управления
404	T7LatchSelect4	Boolean	СилКорпус / Выходные переменные / Заслонки транспортера номер 7	t7DO8	Выходное реле выбора заслонки для управления
405	T7LatchSelect5	Boolean	СилКорпус / Выходные переменные / Заслонки транспортера номер 7	t7DO9	Выходное реле выбора заслонки для управления
406	T7LatchSelect6	Boolean	СилКорпус / Выходные переменные / Заслонки транспортера номер 7	t7DO10	Выходное реле выбора заслонки для управления
407	T7LatchSelect7	Boolean	СилКорпус / Выходные переменные / Заслонки транспортера номер 7	t7DO11	Выходное реле выбора заслонки для управления
408	T7LatchSelect8	Boolean	СилКорпус / Выходные переменные / Заслонки транспортера номер 7	t7DO12	Выходное реле выбора заслонки для управления
409	T7LatchSelect9	Boolean	СилКорпус / Выходные переменные / Заслонки транспортера номер 7	t7DO13	Выходное реле выбора заслонки для управления
410	T7LatchSelect10	Boolean	СилКорпус / Выходные переменные / Заслонки транспортера номер 7	t7DO14	Выходное реле выбора заслонки для управления
694	Alarm16Level	Boolean	СилКорпус / Выходные переменные / Служебные	mo1DO32	Выходное реле запуска звукового оповещения 16 этажа
697	Alarm1Level	Integer	СилКорпус / Выходные переменные / Служебные	mo1DO32	Выходное реле запуска звукового оповещения первого этажа
1163	T4LatchSelect1	Boolean	СилКорпус / Выходные переменные / Заслонки транспортера номер 4	t4DO1	Выходное реле выбора заслонки для управления
1164	T4LatchSelect2	Boolean	СилКорпус / Выходные переменные / Заслонки транспортера номер 4	t4DO2	Выходное реле выбора заслонки для управления
1165	T4LatchSelect3	Boolean	СилКорпус / Выходные переменные / Заслонки транспортера номер 4	t4DO3	Выходное реле выбора заслонки для управления
1166	T4LatchSelect4	Boolean	СилКорпус / Выходные переменные / Заслонки транспортера номер 4	t4DO4	Выходное реле выбора заслонки для управления
1167	T4LatchSelect5	Boolean	СилКорпус / Выходные переменные / Заслонки транспортера номер 4	t4DO5	Выходное реле выбора заслонки для управления
1168	T4LatchSelect6	Boolean	СилКорпус / Выходные переменные / Заслонки транспортера номер 4	t4DO6	Выходное реле выбора заслонки для управления
1169	T4LatchSelect7	Boolean	СилКорпус / Выходные переменные / Заслонки транспортера номер 4	t4DO7	Выходное реле выбора заслонки для управления
1170	T4LatchSelect8	Boolean	СилКорпус / Выходные переменные / Заслонки транспортера номер 4	t4DO8	Выходное реле выбора заслонки для управления
1171	T4LatchSelect9	Boolean	СилКорпус / Выходные переменные / Заслонки транспортера номер 4	t4DO9	Выходное реле выбора заслонки для управления
1172	T4LatchSelect10	Boolean	СилКорпус / Выходные переменные / Заслонки транспортера номер 4	t4DO10	Выходное реле выбора заслонки для управления
1173	T4LatchRunOpen	Boolean	СилКорпус / Выходные переменные / Заслонки транспортера номер 4	t4DO11	Выходное реле для открытия выбранной заслонки
1174	T4LatchRunClose	Boolean	СилКорпус / Выходные переменные / Заслонки транспортера номер 4	t4DO12	Выходное реле для закрытия выбранной заслонки
1175	T4ClapLatchSelect1	Boolean	СилКорпус / Выходные переменные / Заслонки транспортера номер 4	t41DO1	Выходное реле выбора заслонки для управления
1176	T4ClapLatchSelect2	Boolean	СилКорпус / Выходные переменные / Заслонки транспортера номер 4	t41DO2	Выходное реле выбора заслонки для управления
1177	T4ClapLatchSelect3	Boolean	СилКорпус / Выходные переменные / Заслонки транспортера номер 4	t41DO3	Выходное реле выбора заслонки для управления
1178	T4ClapLatchSelect4	Boolean	СилКорпус / Выходные переменные / Заслонки транспортера номер 4	t41DO4	Выходное реле выбора заслонки для управления
1179	T4ClapLatchSelect5	Boolean	СилКорпус / Выходные переменные / Заслонки транспортера номер 4	t41DO5	Выходное реле выбора заслонки для управления
1180	T4ClapLatchSelect6	Boolean	СилКорпус / Выходные переменные / Заслонки транспортера номер 4	t41DO6	Выходное реле выбора заслонки для управления
1181	T4ClapLatchSelect7	Boolean	СилКорпус / Выходные переменные / Заслонки транспортера номер 4	t41DO7	Выходное реле выбора заслонки для управления
1182	T4ClapLatchSelect8	Boolean	СилКорпус / Выходные переменные / Заслонки транспортера номер 4	t41DO8	Выходное реле выбора заслонки для управления
1183	T4ClapLatchSelect9	Boolean	СилКорпус / Выходные переменные / Заслонки транспортера номер 4	t41DO9	Выходное реле выбора заслонки для управления
1184	T4ClapLatchSelect10	Boolean	СилКорпус / Выходные переменные / Заслонки транспортера номер 4	t41DO10	Выходное реле выбора заслонки для управления
1185	T4ClapLatchRunOpen	Boolean	СилКорпус / Выходные переменные / Заслонки транспортера номер 4	t41DO11	Выходное реле для открытия выбранной заслонки
1186	T4ClapLatchRunClose	Boolean	СилКорпус / Выходные переменные / Заслонки транспортера номер 4	t41DO12	Выходное реле для закрытия выбранной заслонки
1187	T5LatchSelect1	Boolean	СилКорпус / Выходные переменные / Заслонки транспортера номер 5	t5DO1	Выходное реле выбора заслонки для управления
1188	T5LatchSelect2	Boolean	СилКорпус / Выходные переменные / Заслонки транспортера номер 5	t5DO2	Выходное реле выбора заслонки для управления
1189	T5LatchSelect3	Boolean	СилКорпус / Выходные переменные / Заслонки транспортера номер 5	t5DO3	Выходное реле выбора заслонки для управления
1190	T5LatchSelect4	Boolean	СилКорпус / Выходные переменные / Заслонки транспортера номер 5	t5DO4	Выходное реле выбора заслонки для управления
1191	T5LatchSelect5	Boolean	СилКорпус / Выходные переменные / Заслонки транспортера номер 5	t5DO5	Выходное реле выбора заслонки для управления
1192	T5LatchSelect6	Boolean	СилКорпус / Выходные переменные / Заслонки транспортера номер 5	t5DO6	Выходное реле выбора заслонки для управления
1193	T5LatchSelect7	Boolean	СилКорпус / Выходные переменные / Заслонки транспортера номер 5	t5DO7	Выходное реле выбора заслонки для управления
1194	T5LatchSelect8	Boolean	СилКорпус / Выходные переменные / Заслонки транспортера номер 5	t5DO8	Выходное реле выбора заслонки для управления
1195	T5LatchRunOpen	Boolean	СилКорпус / Выходные переменные / Заслонки транспортера номер 5	t5DO11	Выходное реле для открытия выбранной заслонки
1197	T5LatchRunClose	Boolean	СилКорпус / Выходные переменные / Заслонки транспортера номер 5	t5DO12	Выходное реле для закрытия выбранной заслонки
1198	T5ClapLatchSelect1	Boolean	СилКорпус / Выходные переменные / Заслонки транспортера номер 5	t51DO1	Выходное реле выбора заслонки для управления
1199	T5ClapLatchSelect2	Boolean	СилКорпус / Выходные переменные / Заслонки транспортера номер 5	t51DO2	Выходное реле выбора заслонки для управления
1200	T5ClapLatchSelect3	Boolean	СилКорпус / Выходные переменные / Заслонки транспортера номер 5	t51DO3	Выходное реле выбора заслонки для управления
1201	T5ClapLatchSelect4	Boolean	СилКорпус / Выходные переменные / Заслонки транспортера номер 5	t51DO4	Выходное реле выбора заслонки для управления
1202	T5ClapLatchSelect5	Boolean	СилКорпус / Выходные переменные / Заслонки транспортера номер 5	t51DO5	Выходное реле выбора заслонки для управления
1203	T5ClapLatchSelect6	Boolean	СилКорпус / Выходные переменные / Заслонки транспортера номер 5	t51DO6	Выходное реле выбора заслонки для управления
1204	T5ClapLatchSelect7	Boolean	СилКорпус / Выходные переменные / Заслонки транспортера номер 5	t51DO7	Выходное реле выбора заслонки для управления
1205	T5ClapLatchSelect8	Boolean	СилКорпус / Выходные переменные / Заслонки транспортера номер 5	t51DO8	Выходное реле выбора заслонки для управления
1206	T5ClapLatchRunOpen	Boolean	СилКорпус / Выходные переменные / Заслонки транспортера номер 5	t51DO11	Выходное реле для открытия выбранной заслонки
1207	T5ClapLatchRunClose	Boolean	СилКорпус / Выходные переменные / Заслонки транспортера номер 5	t51DO12	Выходное реле для закрытия выбранной заслонки
1281	T1LatchSelect1	Boolean	СилКорпус / Выходные переменные / Заслонки транспортера номер 1-3	t1DO1	Выходное реле выбора заслонки для управления
1282	T1LatchSelect2	Boolean	СилКорпус / Выходные переменные / Заслонки транспортера номер 1-3	t1DO2	Выходное реле выбора заслонки для управления
1283	T1LatchSelect3	Boolean	СилКорпус / Выходные переменные / Заслонки транспортера номер 1-3	t1DO3	Выходное реле выбора заслонки для управления
1284	T1LatchSelect4	Boolean	СилКорпус / Выходные переменные / Заслонки транспортера номер 1-3	t1DO4	Выходное реле выбора заслонки для управления
1285	T1LatchSelect5	Boolean	СилКорпус / Выходные переменные / Заслонки транспортера номер 1-3	t1DO5	Выходное реле выбора заслонки для управления
1286	T1LatchSelect6	Boolean	СилКорпус / Выходные переменные / Заслонки транспортера номер 1-3	t1DO6	Выходное реле выбора заслонки для управления
1287	T1LatchSelect7	Boolean	СилКорпус / Выходные переменные / Заслонки транспортера номер 1-3	t1DO7	Выходное реле выбора заслонки для управления
1288	T1LatchSelect8	Boolean	СилКорпус / Выходные переменные / Заслонки транспортера номер 1-3	t1DO8	Выходное реле выбора заслонки для управления
1289	T1LatchRunOpen	Boolean	СилКорпус / Выходные переменные / Заслонки транспортера номер 1-3	t1DO11	Выходное реле для открытия выбранной заслонки
1290	T1LatchRunClose	Boolean	СилКорпус / Выходные переменные / Заслонки транспортера номер 1-3	t1DO12	Выходное реле для закрытия выбранной заслонки
1437	T1LatchSelect9	Boolean	СилКорпус / Выходные переменные / Заслонки транспортера номер 1-3	t1DO9	Выходное реле выбора заслонки для управления
1450	T1TargerFreq	Single	СилКорпус / Выходные переменные / Задание частоты ЧП транспортеров		
1451	T2TargerFreq	Single	СилКорпус / Выходные переменные / Задание частоты ЧП транспортеров		
1452	T3TargerFreq	Single	СилКорпус / Выходные переменные / Задание частоты ЧП транспортеров		
1453	T4TargerFreq	Single	СилКорпус / Выходные переменные / Задание частоты ЧП транспортеров		
1454	T5TargerFreq	Single	СилКорпус / Выходные переменные / Задание частоты ЧП транспортеров		
1455	T6TargerFreq	Single	СилКорпус / Выходные переменные / Задание частоты ЧП транспортеров		
1456	T7TargerFreq	Single	СилКорпус / Выходные переменные / Задание частоты ЧП транспортеров		
1457	T1FreqToPLC	Single	СилКорпус / Выходные переменные / Задание частоты ЧП транспортеров	t1Freq	
1458	T2FreqToPLC	Single	СилКорпус / Выходные переменные / Задание частоты ЧП транспортеров	t2Freq	
1459	T3FreqToPLC	Single	СилКорпус / Выходные переменные / Задание частоты ЧП транспортеров	t3Freq	
1460	T4FreqToPLC	Single	СилКорпус / Выходные переменные / Задание частоты ЧП транспортеров	t4Freq	
1461	T5FreqToPLC	Single	СилКорпус / Выходные переменные / Задание частоты ЧП транспортеров	t5Freq	
1462	T6FreqToPLC	Single	СилКорпус / Выходные переменные / Задание частоты ЧП транспортеров	t6Freq	
1463	T7FreqToPLC	Single	СилКорпус / Выходные переменные / Задание частоты ЧП транспортеров	t7Freq	
182	RelayInN1	Boolean	СилКорпус / Входные переменные / Нории	mi1DI17	Входное реле ответа пускателя нории
183	RelayInN2	Boolean	СилКорпус / Входные переменные / Нории	mi1DI18	Входное реле ответа пускателя нории
184	RelayInN3	Boolean	СилКорпус / Входные переменные / Нории	mi1DI19	Входное реле ответа пускателя нории
185	RelayInN4	Boolean	СилКорпус / Входные переменные / Нории	mi1DI20	Входное реле ответа пускателя нории
186	RelayInN5	Boolean	СилКорпус / Входные переменные / Нории	mi1DI21	Входное реле ответа пускателя нории
187	RelayInN6	Boolean	СилКорпус / Входные переменные / Нории	mi1DI22	Входное реле ответа пускателя нории
188	RelayInN7	Boolean	СилКорпус / Входные переменные / Нории		Входное реле ответа пускателя нории
189	RelayInN8	Boolean	СилКорпус / Входные переменные / Нории		Входное реле ответа пускателя нории
190	RelayInN9	Boolean	СилКорпус / Входные переменные / Нории		Входное реле ответа пускателя нории
191	RelayInN10	Boolean	СилКорпус / Входные переменные / Нории		Входное реле ответа пускателя нории
192	RelayAlarmN1	Boolean	СилКорпус / Входные переменные / Нории	mi3DI14	Входное реле аварии нории
193	RelayAlarmN2	Boolean	СилКорпус / Входные переменные / Нории		Входное реле аварии нории
194	RelayAlarmN3	Boolean	СилКорпус / Входные переменные / Нории		Входное реле аварии нории
195	RelayAlarmN4	Boolean	СилКорпус / Входные переменные / Нории	mi3DI13	Входное реле аварии нории
196	RelayAlarmN5	Boolean	СилКорпус / Входные переменные / Нории		Входное реле аварии нории
197	RelayAlarmN6	Boolean	СилКорпус / Входные переменные / Нории	mi3DI15	Входное реле аварии нории
198	RelayAlarmN7	Boolean	СилКорпус / Входные переменные / Нории		Входное реле аварии нории
199	RelayAlarmN8	Boolean	СилКорпус / Входные переменные / Нории		Входное реле аварии нории
200	RelayAlarmN9	Boolean	СилКорпус / Входные переменные / Нории		Входное реле аварии нории
201	RelayAlarmN10	Boolean	СилКорпус / Входные переменные / Нории		Входное реле аварии нории
732	RelayStopInN1	Boolean	СилКорпус / Входные переменные / Нории	mi1DI30	Входное реле стоповой кнопки пускателя
733	RelayStopInN2	Boolean	СилКорпус / Входные переменные / Нории	mi1DI31	Входное реле стоповой кнопки пускателя
734	RelayStopInN3	Boolean	СилКорпус / Входные переменные / Нории	mi1DI32	Входное реле стоповой кнопки пускателя
735	RelayStopInN4	Boolean	СилКорпус / Входные переменные / Нории	mi3DI2	Входное реле стоповой кнопки пускателя
736	RelayStopInN5	Boolean	СилКорпус / Входные переменные / Нории	mi3DI3	Входное реле стоповой кнопки пускателя
737	RelayStopInN6	Boolean	СилКорпус / Входные переменные / Нории	mi3DI1	Входное реле стоповой кнопки пускателя
738	RelayStopInN7	Boolean	СилКорпус / Входные переменные / Нории		Входное реле стоповой кнопки пускателя
739	RelayStopInN8	Boolean	СилКорпус / Входные переменные / Нории		Входное реле стоповой кнопки пускателя
740	RelayStopInN9	Boolean	СилКорпус / Входные переменные / Нории		Входное реле стоповой кнопки пускателя
741	RelayStopInN10	Boolean	СилКорпус / Входные переменные / Нории		Входное реле стоповой кнопки пускателя
202	RelayInC1	Boolean	СилКорпус / Входные переменные / Аспирация		Входное реле ответа пускателя аспирации
203	RelayInC2	Boolean	СилКорпус / Входные переменные / Аспирация		Входное реле ответа пускателя аспирации
204	RelayInC3	Boolean	СилКорпус / Входные переменные / Аспирация		Входное реле ответа пускателя аспирации
205	RelayInC4	Boolean	СилКорпус / Входные переменные / Аспирация		Входное реле ответа пускателя аспирации
206	RelayInC5	Boolean	СилКорпус / Входные переменные / Аспирация		Входное реле ответа пускателя аспирации
207	RelayInC6	Boolean	СилКорпус / Входные переменные / Аспирация		Входное реле ответа пускателя аспирации
208	RelayInC7	Boolean	СилКорпус / Входные переменные / Аспирация		Входное реле ответа пускателя аспирации
209	RelayInC8	Boolean	СилКорпус / Входные переменные / Аспирация		Входное реле ответа пускателя аспирации
210	RelayInC9	Boolean	СилКорпус / Входные переменные / Аспирация		Входное реле ответа пускателя аспирации
211	RelayInC10	Boolean	СилКорпус / Входные переменные / Аспирация		Входное реле ответа пускателя аспирации
212	RelayInC11	Boolean	СилКорпус / Входные переменные / Аспирация		Входное реле ответа пускателя аспирации
213	RelayInC12	Boolean	СилКорпус / Входные переменные / Аспирация		Входное реле ответа пускателя аспирации
214	RelayInC13	Boolean	СилКорпус / Входные переменные / Аспирация		Входное реле ответа пускателя аспирации
215	RelayInC14	Boolean	СилКорпус / Входные переменные / Аспирация		Входное реле ответа пускателя аспирации
742	RelayStopInC1	Boolean	СилКорпус / Входные переменные / Аспирация		Входное реле стоповой кнопки пускателя
743	RelayStopInC2	Boolean	СилКорпус / Входные переменные / Аспирация		Входное реле стоповой кнопки пускателя
744	RelayStopInC3	Boolean	СилКорпус / Входные переменные / Аспирация		Входное реле стоповой кнопки пускателя
745	RelayStopInC4	Boolean	СилКорпус / Входные переменные / Аспирация		Входное реле стоповой кнопки пускателя
746	RelayStopInC5	Boolean	СилКорпус / Входные переменные / Аспирация		Входное реле стоповой кнопки пускателя
747	RelayStopInC6	Boolean	СилКорпус / Входные переменные / Аспирация		Входное реле стоповой кнопки пускателя
748	RelayStopInC7	Boolean	СилКорпус / Входные переменные / Аспирация		Входное реле стоповой кнопки пускателя
749	RelayStopInC8	Boolean	СилКорпус / Входные переменные / Аспирация		Входное реле стоповой кнопки пускателя
750	RelayStopInC9	Boolean	СилКорпус / Входные переменные / Аспирация		Входное реле стоповой кнопки пускателя
751	RelayStopInC10	Boolean	СилКорпус / Входные переменные / Аспирация		Входное реле стоповой кнопки пускателя
752	RelayStopInC11	Boolean	СилКорпус / Входные переменные / Аспирация		Входное реле стоповой кнопки пускателя
753	RelayStopInC12	Boolean	СилКорпус / Входные переменные / Аспирация		Входное реле стоповой кнопки пускателя
754	RelayStopInC13	Boolean	СилКорпус / Входные переменные / Аспирация		Входное реле стоповой кнопки пускателя
755	RelayStopInC14	Boolean	СилКорпус / Входные переменные / Аспирация		Входное реле стоповой кнопки пускателя
216	RelayInForwardT1	Boolean	СилКорпус / Входные переменные / Транспортеры	mi1DI1	Входное реле ответа пускателя транспортера в прямом направлении
217	RelayInForwardT2	Boolean	СилКорпус / Входные переменные / Транспортеры	mi1DI11	Входное реле ответа пускателя транспортера в прямом направлении
218	RelayInForwardT3	Boolean	СилКорпус / Входные переменные / Транспортеры	mi1DI12	Входное реле ответа пускателя транспортера в прямом направлении
219	RelayInForwardT4	Boolean	СилКорпус / Входные переменные / Транспортеры	mi1DI3	Входное реле ответа пускателя транспортера в прямом направлении
220	RelayInForwardT5	Boolean	СилКорпус / Входные переменные / Транспортеры	mi1DI5	Входное реле ответа пускателя транспортера в прямом направлении
221	RelayInForwardT6	Boolean	СилКорпус / Входные переменные / Транспортеры	mi1DI7	Входное реле ответа пускателя транспортера в прямом направлении
222	RelayInForwardT7	Boolean	СилКорпус / Входные переменные / Транспортеры	mi1DI9	Входное реле ответа пускателя транспортера в прямом направлении
223	RelayInForwardT8	Boolean	СилКорпус / Входные переменные / Транспортеры		Входное реле ответа пускателя транспортера в прямом направлении
224	RelayInForwardT9	Boolean	СилКорпус / Входные переменные / Транспортеры		Входное реле ответа пускателя транспортера в прямом направлении
225	RelayInForwardT10	Boolean	СилКорпус / Входные переменные / Транспортеры		Входное реле ответа пускателя транспортера в прямом направлении
226	RelayInForwardT11	Boolean	СилКорпус / Входные переменные / Транспортеры		Входное реле ответа пускателя транспортера в прямом направлении
227	RelayInForwardT12	Boolean	СилКорпус / Входные переменные / Транспортеры		Входное реле ответа пускателя транспортера в прямом направлении
228	RelayInForwardT13	Boolean	СилКорпус / Входные переменные / Транспортеры		Входное реле ответа пускателя транспортера в прямом направлении
229	RelayInForwardT14	Boolean	СилКорпус / Входные переменные / Транспортеры		Входное реле ответа пускателя транспортера в прямом направлении
230	RelayInForwardT15	Boolean	СилКорпус / Входные переменные / Транспортеры		Входное реле ответа пускателя транспортера в прямом направлении
231	RelayInForwardT16	Boolean	СилКорпус / Входные переменные / Транспортеры		Входное реле ответа пускателя транспортера в прямом направлении
232	RelayInForwardT17	Boolean	СилКорпус / Входные переменные / Транспортеры		Входное реле ответа пускателя транспортера в прямом направлении
233	RelayInForwardT18	Boolean	СилКорпус / Входные переменные / Транспортеры		Входное реле ответа пускателя транспортера в прямом направлении
234	RelayInForwardT19	Boolean	СилКорпус / Входные переменные / Транспортеры		Входное реле ответа пускателя транспортера в прямом направлении
235	RelayInForwardT20	Boolean	СилКорпус / Входные переменные / Транспортеры		Входное реле ответа пускателя транспортера в прямом направлении
236	RelayInReversT1	Boolean	СилКорпус / Входные переменные / Транспортеры	mi1DI2	Входное реле ответа пускателя транспортера в обратном направлении
237	RelayInReversT2	Boolean	СилКорпус / Входные переменные / Транспортеры	mi1DI4	Входное реле ответа пускателя транспортера в обратном направлении
238	RelayInReversT3	Boolean	СилКорпус / Входные переменные / Транспортеры	mi1DI6	Входное реле ответа пускателя транспортера в обратном направлении
239	RelayInReversT4	Boolean	СилКорпус / Входные переменные / Транспортеры	mi3DI4	Входное реле ответа пускателя транспортера в обратном направлении
240	RelayInReversT5	Boolean	СилКорпус / Входные переменные / Транспортеры	mi1DI6	Входное реле ответа пускателя транспортера в обратном направлении
241	RelayInReversT6	Boolean	СилКорпус / Входные переменные / Транспортеры	mi1DI8	Входное реле ответа пускателя транспортера в обратном направлении
242	RelayInReversT7	Boolean	СилКорпус / Входные переменные / Транспортеры	mi1DI10	Входное реле ответа пускателя транспортера в обратном направлении
243	RelayInReversT8	Boolean	СилКорпус / Входные переменные / Транспортеры		Входное реле ответа пускателя транспортера в обратном направлении
244	RelayInReversT9	Boolean	СилКорпус / Входные переменные / Транспортеры		Входное реле ответа пускателя транспортера в обратном направлении
245	RelayInReversT10	Boolean	СилКорпус / Входные переменные / Транспортеры		Входное реле ответа пускателя транспортера в обратном направлении
246	RelayInReversT11	Boolean	СилКорпус / Входные переменные / Транспортеры		Входное реле ответа пускателя транспортера в обратном направлении
247	RelayInReversT12	Boolean	СилКорпус / Входные переменные / Транспортеры		Входное реле ответа пускателя транспортера в обратном направлении
248	RelayInReversT13	Boolean	СилКорпус / Входные переменные / Транспортеры		Входное реле ответа пускателя транспортера в обратном направлении
249	RelayInReversT14	Boolean	СилКорпус / Входные переменные / Транспортеры		Входное реле ответа пускателя транспортера в обратном направлении
250	RelayInReversT15	Boolean	СилКорпус / Входные переменные / Транспортеры		Входное реле ответа пускателя транспортера в обратном направлении
251	RelayInReversT16	Boolean	СилКорпус / Входные переменные / Транспортеры		Входное реле ответа пускателя транспортера в обратном направлении
252	RelayInReversT17	Boolean	СилКорпус / Входные переменные / Транспортеры		Входное реле ответа пускателя транспортера в обратном направлении
253	RelayInReversT18	Boolean	СилКорпус / Входные переменные / Транспортеры		Входное реле ответа пускателя транспортера в обратном направлении
254	RelayInReversT19	Boolean	СилКорпус / Входные переменные / Транспортеры		Входное реле ответа пускателя транспортера в обратном направлении
255	RelayInReversT20	Boolean	СилКорпус / Входные переменные / Транспортеры		Входное реле ответа пускателя транспортера в обратном направлении
757	RelayStopInT1	Boolean	СилКорпус / Входные переменные / Транспортеры	mi1DI23	Входное реле стоповой кнопки пускателя
758	RelayStopInT2	Boolean	СилКорпус / Входные переменные / Транспортеры	mi1DI28	Входное реле стоповой кнопки пускателя
759	RelayStopInT3	Boolean	СилКорпус / Входные переменные / Транспортеры	mi1DI29	Входное реле стоповой кнопки пускателя
760	RelayStopInT4	Boolean	СилКорпус / Входные переменные / Транспортеры	mi1DI24	Входное реле стоповой кнопки пускателя
761	RelayStopInT5	Boolean	СилКорпус / Входные переменные / Транспортеры	mi1DI25	Входное реле стоповой кнопки пускателя
762	RelayStopInT6	Boolean	СилКорпус / Входные переменные / Транспортеры	mi1DI26	Входное реле стоповой кнопки пускателя
763	RelayStopInT7	Boolean	СилКорпус / Входные переменные / Транспортеры	mi1DI27	Входное реле стоповой кнопки пускателя
764	RelayStopInT8	Boolean	СилКорпус / Входные переменные / Транспортеры		Входное реле стоповой кнопки пускателя
765	RelayStopInT9	Boolean	СилКорпус / Входные переменные / Транспортеры		Входное реле стоповой кнопки пускателя
766	RelayStopInT10	Boolean	СилКорпус / Входные переменные / Транспортеры		Входное реле стоповой кнопки пускателя
767	RelayStopInT11	Boolean	СилКорпус / Входные переменные / Транспортеры		Входное реле стоповой кнопки пускателя
768	RelayStopInT12	Boolean	СилКорпус / Входные переменные / Транспортеры		Входное реле стоповой кнопки пускателя
769	RelayStopInT13	Boolean	СилКорпус / Входные переменные / Транспортеры		Входное реле стоповой кнопки пускателя
770	RelayStopInT14	Boolean	СилКорпус / Входные переменные / Транспортеры		Входное реле стоповой кнопки пускателя
771	RelayStopInT15	Boolean	СилКорпус / Входные переменные / Транспортеры		Входное реле стоповой кнопки пускателя
772	RelayStopInT16	Boolean	СилКорпус / Входные переменные / Транспортеры		Входное реле стоповой кнопки пускателя
773	RelayStopInT17	Boolean	СилКорпус / Входные переменные / Транспортеры		Входное реле стоповой кнопки пускателя
774	RelayStopInT18	Boolean	СилКорпус / Входные переменные / Транспортеры		Входное реле стоповой кнопки пускателя
775	RelayStopInT19	Boolean	СилКорпус / Входные переменные / Транспортеры		Входное реле стоповой кнопки пускателя
776	RelayStopInT20	Boolean	СилКорпус / Входные переменные / Транспортеры		Входное реле стоповой кнопки пускателя
1508	MembSensorAT1	Boolean	СилКорпус / Входные переменные / Транспортеры	t1DI21	Сигнал мембранного датчика транспортера
1509	MembSensorAT2	Boolean	СилКорпус / Входные переменные / Транспортеры	t1DI22	Сигнал мембранного датчика транспортера
1510	MembSensorAT3	Boolean	СилКорпус / Входные переменные / Транспортеры	t1DI22	Сигнал мембранного датчика транспортера
1511	MembSensorAT4	Boolean	СилКорпус / Входные переменные / Транспортеры	t4DI21	Сигнал мембранного датчика транспортера
1512	MembSensorAT5	Boolean	СилКорпус / Входные переменные / Транспортеры	t5DI21	Сигнал мембранного датчика транспортера
1513	MembSensorAT6	Boolean	СилКорпус / Входные переменные / Транспортеры	t6DI32	Сигнал мембранного датчика транспортера
1514	MembSensorAT7	Boolean	СилКорпус / Входные переменные / Транспортеры	t7DI32	Сигнал мембранного датчика транспортера
1515	MembSensorBT1	Boolean	СилКорпус / Входные переменные / Транспортеры		Сигнал мембранного датчика транспортера
1516	MembSensorBT2	Boolean	СилКорпус / Входные переменные / Транспортеры		Сигнал мембранного датчика транспортера
1517	MembSensorBT3	Boolean	СилКорпус / Входные переменные / Транспортеры		Сигнал мембранного датчика транспортера
1518	MembSensorBT4	Boolean	СилКорпус / Входные переменные / Транспортеры	t4DI22	Сигнал мембранного датчика транспортера
1519	MembSensorBT5	Boolean	СилКорпус / Входные переменные / Транспортеры	t5DI22	Сигнал мембранного датчика транспортера
1520	MembSensorBT6	Boolean	СилКорпус / Входные переменные / Транспортеры	t6DI1	Сигнал мембранного датчика транспортера
1521	MembSensorBT7	Boolean	СилКорпус / Входные переменные / Транспортеры	t7DI1	Сигнал мембранного датчика транспортера
411	T6LatchOpen1	Boolean	СилКорпус / Входные переменные / Заслонки транспортера номер 6	t6DI11	Входое реле концевика открытого состояния задвижки
412	T6LatchOpen2	Boolean	СилКорпус / Входные переменные / Заслонки транспортера номер 6	t6DI13	Входое реле концевика открытого состояния задвижки
413	T6LatchOpen3	Boolean	СилКорпус / Входные переменные / Заслонки транспортера номер 6	t6DI15	Входое реле концевика открытого состояния задвижки
414	T6LatchOpen4	Boolean	СилКорпус / Входные переменные / Заслонки транспортера номер 6	t6DI17	Входое реле концевика открытого состояния задвижки
415	T6LatchOpen5	Boolean	СилКорпус / Входные переменные / Заслонки транспортера номер 6	t6DI19	Входое реле концевика открытого состояния задвижки
416	T6LatchOpen6	Boolean	СилКорпус / Входные переменные / Заслонки транспортера номер 6	t6DI21	Входое реле концевика открытого состояния задвижки
417	T6LatchOpen7	Boolean	СилКорпус / Входные переменные / Заслонки транспортера номер 6	t6DI23	Входое реле концевика открытого состояния задвижки
418	T6LatchOpen8	Boolean	СилКорпус / Входные переменные / Заслонки транспортера номер 6	t6DI25	Входое реле концевика открытого состояния задвижки
419	T6LatchOpen9	Boolean	СилКорпус / Входные переменные / Заслонки транспортера номер 6	t6DI27	Входое реле концевика открытого состояния задвижки
420	T6LatchOpen10	Boolean	СилКорпус / Входные переменные / Заслонки транспортера номер 6	t6DI29	Входое реле концевика открытого состояния задвижки
421	T6LatchClose1	Boolean	СилКорпус / Входные переменные / Заслонки транспортера номер 6	t6DI12	Входое реле концевика закрытого состояния задвижки
422	T6LatchClose2	Boolean	СилКорпус / Входные переменные / Заслонки транспортера номер 6	t6DI14	Входое реле концевика закрытого состояния задвижки
423	T6LatchClose3	Boolean	СилКорпус / Входные переменные / Заслонки транспортера номер 6	t6DI16	Входое реле концевика закрытого состояния задвижки
424	T6LatchClose4	Boolean	СилКорпус / Входные переменные / Заслонки транспортера номер 6	t6DI18	Входое реле концевика закрытого состояния задвижки
425	T6LatchClose5	Boolean	СилКорпус / Входные переменные / Заслонки транспортера номер 6	t6DI20	Входое реле концевика закрытого состояния задвижки
426	T6LatchClose6	Boolean	СилКорпус / Входные переменные / Заслонки транспортера номер 6	t6DI22	Входое реле концевика закрытого состояния задвижки
427	T6LatchClose7	Boolean	СилКорпус / Входные переменные / Заслонки транспортера номер 6	t6DI24	Входое реле концевика закрытого состояния задвижки
428	T6LatchClose8	Boolean	СилКорпус / Входные переменные / Заслонки транспортера номер 6	t6DI26	Входое реле концевика закрытого состояния задвижки
429	T6LatchClose9	Boolean	СилКорпус / Входные переменные / Заслонки транспортера номер 6	t6DI28	Входое реле концевика закрытого состояния задвижки
430	T6LatchClose10	Boolean	СилКорпус / Входные переменные / Заслонки транспортера номер 6	t6DI30	Входое реле концевика закрытого состояния задвижки
431	T7LatchOpen1	Boolean	СилКорпус / Входные переменные / Заслонки транспортера номер 7	t7DI11	Входое реле концевика открытого состояния задвижки
432	T7LatchOpen2	Boolean	СилКорпус / Входные переменные / Заслонки транспортера номер 7	t7DI13	Входое реле концевика открытого состояния задвижки
433	T7LatchOpen3	Boolean	СилКорпус / Входные переменные / Заслонки транспортера номер 7	t7DI15	Входое реле концевика открытого состояния задвижки
434	T7LatchOpen4	Boolean	СилКорпус / Входные переменные / Заслонки транспортера номер 7	t7DI17	Входое реле концевика открытого состояния задвижки
435	T7LatchOpen5	Boolean	СилКорпус / Входные переменные / Заслонки транспортера номер 7	t7DI19	Входое реле концевика открытого состояния задвижки
436	T7LatchOpen6	Boolean	СилКорпус / Входные переменные / Заслонки транспортера номер 7	t7DI21	Входое реле концевика открытого состояния задвижки
437	T7LatchOpen7	Boolean	СилКорпус / Входные переменные / Заслонки транспортера номер 7	t7DI23	Входое реле концевика открытого состояния задвижки
438	T7LatchOpen8	Boolean	СилКорпус / Входные переменные / Заслонки транспортера номер 7	t7DI25	Входое реле концевика открытого состояния задвижки
439	T7LatchOpen9	Boolean	СилКорпус / Входные переменные / Заслонки транспортера номер 7	t7DI27	Входое реле концевика открытого состояния задвижки
440	T7LatchOpen10	Boolean	СилКорпус / Входные переменные / Заслонки транспортера номер 7	t7DI29	Входое реле концевика открытого состояния задвижки
441	T7LatchClose1	Boolean	СилКорпус / Входные переменные / Заслонки транспортера номер 7	t7DI12	Входое реле концевика закрытого состояния задвижки
442	T7LatchClose2	Boolean	СилКорпус / Входные переменные / Заслонки транспортера номер 7	t7DI14	Входое реле концевика закрытого состояния задвижки
443	T7LatchClose3	Boolean	СилКорпус / Входные переменные / Заслонки транспортера номер 7	t7DI16	Входое реле концевика закрытого состояния задвижки
444	T7LatchClose4	Boolean	СилКорпус / Входные переменные / Заслонки транспортера номер 7	t7DI18	Входое реле концевика закрытого состояния задвижки
445	T7LatchClose5	Boolean	СилКорпус / Входные переменные / Заслонки транспортера номер 7	t7DI20	Входое реле концевика закрытого состояния задвижки
446	T7LatchClose6	Boolean	СилКорпус / Входные переменные / Заслонки транспортера номер 7	t7DI22	Входое реле концевика закрытого состояния задвижки
447	T7LatchClose7	Boolean	СилКорпус / Входные переменные / Заслонки транспортера номер 7	t7DI24	Входое реле концевика закрытого состояния задвижки
448	T7LatchClose8	Boolean	СилКорпус / Входные переменные / Заслонки транспортера номер 7	t7DI26	Входое реле концевика закрытого состояния задвижки
449	T7LatchClose9	Boolean	СилКорпус / Входные переменные / Заслонки транспортера номер 7	t7DI28	Входое реле концевика закрытого состояния задвижки
450	T7LatchClose10	Boolean	СилКорпус / Входные переменные / Заслонки транспортера номер 7	t7DI30	Входое реле концевика закрытого состояния задвижки
1090	T4LatchOpen1	Boolean	СилКорпус / Входные переменные / Заслонки транспортера номер 4	t4DI1	Входое реле концевика открытого состояния задвижки
1091	T4LatchOpen2	Boolean	СилКорпус / Входные переменные / Заслонки транспортера номер 4	t4DI3	Входое реле концевика открытого состояния задвижки
1092	T4LatchOpen3	Boolean	СилКорпус / Входные переменные / Заслонки транспортера номер 4	t4DI5	Входое реле концевика открытого состояния задвижки
1093	T4LatchOpen4	Boolean	СилКорпус / Входные переменные / Заслонки транспортера номер 4	t4DI7	Входое реле концевика открытого состояния задвижки
1094	T4LatchOpen5	Boolean	СилКорпус / Входные переменные / Заслонки транспортера номер 4	t4DI9	Входое реле концевика открытого состояния задвижки
1095	T4LatchOpen6	Boolean	СилКорпус / Входные переменные / Заслонки транспортера номер 4	t4DI11	Входое реле концевика открытого состояния задвижки
1096	T4LatchOpen7	Boolean	СилКорпус / Входные переменные / Заслонки транспортера номер 4	t4DI13	Входое реле концевика открытого состояния задвижки
1097	T4LatchOpen8	Boolean	СилКорпус / Входные переменные / Заслонки транспортера номер 4	t4DI15	Входое реле концевика открытого состояния задвижки
1098	T4LatchOpen9	Boolean	СилКорпус / Входные переменные / Заслонки транспортера номер 4	t4DI17	Входое реле концевика открытого состояния задвижки
1099	T4LatchOpen10	Boolean	СилКорпус / Входные переменные / Заслонки транспортера номер 4	t4DI19	Входое реле концевика открытого состояния задвижки
1100	T4LatchClose1	Boolean	СилКорпус / Входные переменные / Заслонки транспортера номер 4	t4DI2	Входое реле концевика закрытого состояния задвижки
1101	T4LatchClose2	Boolean	СилКорпус / Входные переменные / Заслонки транспортера номер 4	t4DI4	Входое реле концевика закрытого состояния задвижки
1102	T4LatchClose3	Boolean	СилКорпус / Входные переменные / Заслонки транспортера номер 4	t4DI6	Входое реле концевика закрытого состояния задвижки
1103	T4LatchClose4	Boolean	СилКорпус / Входные переменные / Заслонки транспортера номер 4	t4DI8	Входое реле концевика закрытого состояния задвижки
1104	T4LatchClose5	Boolean	СилКорпус / Входные переменные / Заслонки транспортера номер 4	t4DI10	Входое реле концевика закрытого состояния задвижки
1105	T4LatchClose6	Boolean	СилКорпус / Входные переменные / Заслонки транспортера номер 4	t4DI12	Входое реле концевика закрытого состояния задвижки
1106	T4LatchClose7	Boolean	СилКорпус / Входные переменные / Заслонки транспортера номер 4	t4DI14	Входое реле концевика закрытого состояния задвижки
1107	T4LatchClose8	Boolean	СилКорпус / Входные переменные / Заслонки транспортера номер 4	t4DI16	Входое реле концевика закрытого состояния задвижки
1108	T4LatchClose9	Boolean	СилКорпус / Входные переменные / Заслонки транспортера номер 4	t4DI18	Входое реле концевика закрытого состояния задвижки
1109	T4LatchClose10	Boolean	СилКорпус / Входные переменные / Заслонки транспортера номер 4	t4DI20	Входое реле концевика закрытого состояния задвижки
1110	T4ClapLatchOpen1	Boolean	СилКорпус / Входные переменные / Заслонки транспортера номер 4	t41DI1	Входое реле концевика открытого состояния задвижки
1111	T4ClapLatchOpen2	Boolean	СилКорпус / Входные переменные / Заслонки транспортера номер 4	t41DI3	Входое реле концевика открытого состояния задвижки
1112	T4ClapLatchOpen3	Boolean	СилКорпус / Входные переменные / Заслонки транспортера номер 4	t41DI5	Входое реле концевика открытого состояния задвижки
1113	T4ClapLatchOpen4	Boolean	СилКорпус / Входные переменные / Заслонки транспортера номер 4	t41DI7	Входое реле концевика открытого состояния задвижки
1114	T4ClapLatchOpen5	Boolean	СилКорпус / Входные переменные / Заслонки транспортера номер 4	t41DI9	Входое реле концевика открытого состояния задвижки
1115	T4ClapLatchOpen6	Boolean	СилКорпус / Входные переменные / Заслонки транспортера номер 4	t41DI11	Входое реле концевика открытого состояния задвижки
1116	T4ClapLatchOpen7	Boolean	СилКорпус / Входные переменные / Заслонки транспортера номер 4	t41DI13	Входое реле концевика открытого состояния задвижки
1117	T4ClapLatchOpen8	Boolean	СилКорпус / Входные переменные / Заслонки транспортера номер 4	t41DI15	Входое реле концевика открытого состояния задвижки
1118	T4ClapLatchOpen9	Boolean	СилКорпус / Входные переменные / Заслонки транспортера номер 4	t41DI17	Входое реле концевика открытого состояния задвижки
1119	T4ClapLatchOpen10	Boolean	СилКорпус / Входные переменные / Заслонки транспортера номер 4	t41DI19	Входое реле концевика открытого состояния задвижки
1120	T4ClapLatchClose1	Boolean	СилКорпус / Входные переменные / Заслонки транспортера номер 4	t41DI2	Входое реле концевика закрытого состояния задвижки
1121	T4ClapLatchClose2	Boolean	СилКорпус / Входные переменные / Заслонки транспортера номер 4	t41DI4	Входое реле концевика закрытого состояния задвижки
1122	T4ClapLatchClose3	Boolean	СилКорпус / Входные переменные / Заслонки транспортера номер 4	t41DI6	Входое реле концевика закрытого состояния задвижки
1123	T4ClapLatchClose4	Boolean	СилКорпус / Входные переменные / Заслонки транспортера номер 4	t41DI8	Входое реле концевика закрытого состояния задвижки
1124	T4ClapLatchClose5	Boolean	СилКорпус / Входные переменные / Заслонки транспортера номер 4	t41DI10	Входое реле концевика закрытого состояния задвижки
1125	T4ClapLatchClose6	Boolean	СилКорпус / Входные переменные / Заслонки транспортера номер 4	t41DI12	Входое реле концевика закрытого состояния задвижки
1126	T4ClapLatchClose7	Boolean	СилКорпус / Входные переменные / Заслонки транспортера номер 4	t41DI14	Входое реле концевика закрытого состояния задвижки
1127	T4ClapLatchClose8	Boolean	СилКорпус / Входные переменные / Заслонки транспортера номер 4	t41DI16	Входое реле концевика закрытого состояния задвижки
1128	T4ClapLatchClose9	Boolean	СилКорпус / Входные переменные / Заслонки транспортера номер 4	t41DI18	Входое реле концевика закрытого состояния задвижки
1129	T4ClapLatchClose10	Boolean	СилКорпус / Входные переменные / Заслонки транспортера номер 4	t41DI20	Входое реле концевика закрытого состояния задвижки
1130	T5LatchOpen1	Boolean	СилКорпус / Входные переменные / Заслонки транспортера номер 5	t5DI1	Входое реле концевика открытого состояния задвижки
1131	T5LatchOpen2	Boolean	СилКорпус / Входные переменные / Заслонки транспортера номер 5	t5DI3	Входое реле концевика открытого состояния задвижки
1132	T5LatchOpen3	Boolean	СилКорпус / Входные переменные / Заслонки транспортера номер 5	t5DI5	Входое реле концевика открытого состояния задвижки
1133	T5LatchOpen4	Boolean	СилКорпус / Входные переменные / Заслонки транспортера номер 5	t5DI7	Входое реле концевика открытого состояния задвижки
1134	T5LatchOpen5	Boolean	СилКорпус / Входные переменные / Заслонки транспортера номер 5	t5DI9	Входое реле концевика открытого состояния задвижки
1135	T5LatchOpen6	Boolean	СилКорпус / Входные переменные / Заслонки транспортера номер 5	t5DI11	Входое реле концевика открытого состояния задвижки
1136	T5LatchOpen7	Boolean	СилКорпус / Входные переменные / Заслонки транспортера номер 5	t5DI13	Входое реле концевика открытого состояния задвижки
1137	T5LatchOpen8	Boolean	СилКорпус / Входные переменные / Заслонки транспортера номер 5	t5DI15	Входое реле концевика открытого состояния задвижки
1139	T5LatchClose1	Boolean	СилКорпус / Входные переменные / Заслонки транспортера номер 5	t5DI2	Входое реле концевика закрытого состояния задвижки
1140	T5LatchClose2	Boolean	СилКорпус / Входные переменные / Заслонки транспортера номер 5	t5DI4	Входое реле концевика закрытого состояния задвижки
1141	T5LatchClose3	Boolean	СилКорпус / Входные переменные / Заслонки транспортера номер 5	t5DI6	Входое реле концевика закрытого состояния задвижки
1142	T5LatchClose4	Boolean	СилКорпус / Входные переменные / Заслонки транспортера номер 5	t5DI8	Входое реле концевика закрытого состояния задвижки
1143	T5LatchClose5	Boolean	СилКорпус / Входные переменные / Заслонки транспортера номер 5	t5DI10	Входое реле концевика закрытого состояния задвижки
1144	T5LatchClose6	Boolean	СилКорпус / Входные переменные / Заслонки транспортера номер 5	t5DI12	Входое реле концевика закрытого состояния задвижки
1145	T5LatchClose7	Boolean	СилКорпус / Входные переменные / Заслонки транспортера номер 5	t5DI14	Входое реле концевика закрытого состояния задвижки
1146	T5LatchClose8	Boolean	СилКорпус / Входные переменные / Заслонки транспортера номер 5	t5DI16	Входое реле концевика закрытого состояния задвижки
1147	T5ClapLatchOpen1	Boolean	СилКорпус / Входные переменные / Заслонки транспортера номер 5	t51DI1	Входое реле концевика открытого состояния задвижки
1148	T5ClapLatchOpen2	Boolean	СилКорпус / Входные переменные / Заслонки транспортера номер 5	t51DI3	Входое реле концевика открытого состояния задвижки
1149	T5ClapLatchOpen3	Boolean	СилКорпус / Входные переменные / Заслонки транспортера номер 5	t51DI5	Входое реле концевика открытого состояния задвижки
1150	T5ClapLatchOpen4	Boolean	СилКорпус / Входные переменные / Заслонки транспортера номер 5	t51DI7	Входое реле концевика открытого состояния задвижки
1151	T5ClapLatchOpen5	Boolean	СилКорпус / Входные переменные / Заслонки транспортера номер 5	t51DI9	Входое реле концевика открытого состояния задвижки
1152	T5ClapLatchOpen6	Boolean	СилКорпус / Входные переменные / Заслонки транспортера номер 5	t51DI11	Входое реле концевика открытого состояния задвижки
1153	T5ClapLatchOpen7	Boolean	СилКорпус / Входные переменные / Заслонки транспортера номер 5	t51DI13	Входое реле концевика открытого состояния задвижки
1154	T5ClapLatchOpen8	Boolean	СилКорпус / Входные переменные / Заслонки транспортера номер 5	t51DI15	Входое реле концевика открытого состояния задвижки
1155	T5ClapLatchClose1	Boolean	СилКорпус / Входные переменные / Заслонки транспортера номер 5	t51DI2	Входое реле концевика закрытого состояния задвижки
1156	T5ClapLatchClose2	Boolean	СилКорпус / Входные переменные / Заслонки транспортера номер 5	t51DI4	Входое реле концевика закрытого состояния задвижки
1157	T5ClapLatchClose3	Boolean	СилКорпус / Входные переменные / Заслонки транспортера номер 5	t51DI6	Входое реле концевика закрытого состояния задвижки
1158	T5ClapLatchClose4	Boolean	СилКорпус / Входные переменные / Заслонки транспортера номер 5	t51DI8	Входое реле концевика закрытого состояния задвижки
1159	T5ClapLatchClose5	Boolean	СилКорпус / Входные переменные / Заслонки транспортера номер 5	t51DI10	Входое реле концевика закрытого состояния задвижки
1160	T5ClapLatchClose6	Boolean	СилКорпус / Входные переменные / Заслонки транспортера номер 5	t51DI12	Входое реле концевика закрытого состояния задвижки
1161	T5ClapLatchClose7	Boolean	СилКорпус / Входные переменные / Заслонки транспортера номер 5	t51DI14	Входое реле концевика закрытого состояния задвижки
1162	T5ClapLatchClose8	Boolean	СилКорпус / Входные переменные / Заслонки транспортера номер 5	t51DI16	Входое реле концевика закрытого состояния задвижки
1347	T1LatchOpen1	Boolean	СилКорпус / Входные переменные / Заслонки транспортера номер 1-3	t1DI1	Входое реле концевика открытого состояния задвижки
1348	T1LatchOpen2	Boolean	СилКорпус / Входные переменные / Заслонки транспортера номер 1-3	t1DI3	Входое реле концевика открытого состояния задвижки
1349	T1LatchOpen3	Boolean	СилКорпус / Входные переменные / Заслонки транспортера номер 1-3	t1DI5	Входое реле концевика открытого состояния задвижки
1350	T1LatchOpen4	Boolean	СилКорпус / Входные переменные / Заслонки транспортера номер 1-3	t1DI7	Входое реле концевика открытого состояния задвижки
1351	T1LatchOpen5	Boolean	СилКорпус / Входные переменные / Заслонки транспортера номер 1-3	t1DI9	Входое реле концевика открытого состояния задвижки
1352	T1LatchOpen6	Boolean	СилКорпус / Входные переменные / Заслонки транспортера номер 1-3	t1DI11	Входое реле концевика открытого состояния задвижки
1353	T1LatchOpen7	Boolean	СилКорпус / Входные переменные / Заслонки транспортера номер 1-3	t1DI13	Входое реле концевика открытого состояния задвижки
1354	T1LatchOpen8	Boolean	СилКорпус / Входные переменные / Заслонки транспортера номер 1-3	t1DI15	Входое реле концевика открытого состояния задвижки
1355	T1LatchClose1	Boolean	СилКорпус / Входные переменные / Заслонки транспортера номер 1-3	t1DI2	Входое реле концевика закрытого состояния задвижки
1356	T1LatchClose2	Boolean	СилКорпус / Входные переменные / Заслонки транспортера номер 1-3	t1DI4	Входое реле концевика закрытого состояния задвижки
1357	T1LatchClose3	Boolean	СилКорпус / Входные переменные / Заслонки транспортера номер 1-3	t1DI6	Входое реле концевика закрытого состояния задвижки
1358	T1LatchClose4	Boolean	СилКорпус / Входные переменные / Заслонки транспортера номер 1-3	t1DI8	Входое реле концевика закрытого состояния задвижки
1359	T1LatchClose5	Boolean	СилКорпус / Входные переменные / Заслонки транспортера номер 1-3	t1DI10	Входое реле концевика закрытого состояния задвижки
1360	T1LatchClose6	Boolean	СилКорпус / Входные переменные / Заслонки транспортера номер 1-3	t1DI12	Входое реле концевика закрытого состояния задвижки
1361	T1LatchClose7	Boolean	СилКорпус / Входные переменные / Заслонки транспортера номер 1-3	t1DI14	Входое реле концевика закрытого состояния задвижки
1362	T1LatchClose8	Boolean	СилКорпус / Входные переменные / Заслонки транспортера номер 1-3	t1DI16	Входое реле концевика закрытого состояния задвижки
1438	T1LatchOpen9	Boolean	СилКорпус / Входные переменные / Заслонки транспортера номер 1-3	t1DI17	Входое реле концевика открытого состояния задвижки
1439	T1LatchClose9	Boolean	СилКорпус / Входные переменные / Заслонки транспортера номер 1-3	t1DI18	Входое реле концевика закрытого состояния задвижки
1429	T1Power	Single	СилКорпус / Входные переменные / Переменные телеметрии Частотных преобразователей	t1Power	Значение потребляемой мощности транспортера
1430	T2Power	Single	СилКорпус / Входные переменные / Переменные телеметрии Частотных преобразователей	t2Power	Значение потребляемой мощности транспортера
1431	T3Power	Single	СилКорпус / Входные переменные / Переменные телеметрии Частотных преобразователей	t3Power	Значение потребляемой мощности транспортера
1432	T4Power	Single	СилКорпус / Входные переменные / Переменные телеметрии Частотных преобразователей	t4Power	Значение потребляемой мощности транспортера
1433	T5Power	Single	СилКорпус / Входные переменные / Переменные телеметрии Частотных преобразователей	t5Power	Значение потребляемой мощности транспортера
1434	T6Power	Single	СилКорпус / Входные переменные / Переменные телеметрии Частотных преобразователей	t6Power	Значение потребляемой мощности транспортера
1435	T7Power	Single	СилКорпус / Входные переменные / Переменные телеметрии Частотных преобразователей	t7Power	Значение потребляемой мощности транспортера
1388	T1Freq	Single	СилКорпус / Входные переменные / Переменные телеметрии Частотных преобразователей	t1FreqMonitoring	Задание частоты для частотного преобразователя транспортера
1389	T2Freq	Single	СилКорпус / Входные переменные / Переменные телеметрии Частотных преобразователей	t2FreqMonitoring	Задание частоты для частотного преобразователя транспортера
1390	T3Freq	Single	СилКорпус / Входные переменные / Переменные телеметрии Частотных преобразователей	t3FreqMonitoring	Задание частоты для частотного преобразователя транспортера
1391	T4Freq	Single	СилКорпус / Входные переменные / Переменные телеметрии Частотных преобразователей	t4FreqMonitoring	Задание частоты для частотного преобразователя транспортера
1392	T5Freq	Single	СилКорпус / Входные переменные / Переменные телеметрии Частотных преобразователей	t5FreqMonitoring	Задание частоты для частотного преобразователя транспортера
1393	T6Freq	Single	СилКорпус / Входные переменные / Переменные телеметрии Частотных преобразователей	t6FreqMonitoring	Задание частоты для частотного преобразователя транспортера
1394	T7Freq	Single	СилКорпус / Входные переменные / Переменные телеметрии Частотных преобразователей	t7FreqMonitoring	Задание частоты для частотного преобразователя транспортера
296	StartTimeN1	Integer	СилКорпус / Таймеры / Нории / Таймеры старта		Таймер старта нории
297	StartTimeN2	Integer	СилКорпус / Таймеры / Нории / Таймеры старта		Таймер старта нории
298	StartTimeN3	Integer	СилКорпус / Таймеры / Нории / Таймеры старта		Таймер старта нории
299	StartTimeN4	Integer	СилКорпус / Таймеры / Нории / Таймеры старта		Таймер старта нории
300	StartTimeN5	Integer	СилКорпус / Таймеры / Нории / Таймеры старта		Таймер старта нории
301	StartTimeN6	Integer	СилКорпус / Таймеры / Нории / Таймеры старта		Таймер старта нории
302	StartTimeN7	Integer	СилКорпус / Таймеры / Нории / Таймеры старта		Таймер старта нории
303	StartTimeN8	Integer	СилКорпус / Таймеры / Нории / Таймеры старта		Таймер старта нории
304	StartTimeN9	Integer	СилКорпус / Таймеры / Нории / Таймеры старта		Таймер старта нории
305	StartTimeN10	Integer	СилКорпус / Таймеры / Нории / Таймеры старта		Таймер старта нории
306	AlarmTimeN1	Integer	СилКорпус / Таймеры / Нории / Таймеры аварий		Таймер аварии нории
307	AlarmTimeN2	Integer	СилКорпус / Таймеры / Нории / Таймеры аварий		Таймер аварии нории
308	AlarmTimeN3	Integer	СилКорпус / Таймеры / Нории / Таймеры аварий		Таймер аварии нории
309	AlarmTimeN4	Integer	СилКорпус / Таймеры / Нории / Таймеры аварий		Таймер аварии нории
310	AlarmTimeN5	Integer	СилКорпус / Таймеры / Нории / Таймеры аварий		Таймер аварии нории
311	AlarmTimeN6	Integer	СилКорпус / Таймеры / Нории / Таймеры аварий		Таймер аварии нории
312	AlarmTimeN7	Integer	СилКорпус / Таймеры / Нории / Таймеры аварий		Таймер аварии нории
313	AlarmTimeN8	Integer	СилКорпус / Таймеры / Нории / Таймеры аварий		Таймер аварии нории
314	AlarmTimeN9	Integer	СилКорпус / Таймеры / Нории / Таймеры аварий		Таймер аварии нории
315	AlarmTimeN10	Integer	СилКорпус / Таймеры / Нории / Таймеры аварий		Таймер аварии нории
702	StatusAlarmN1	Boolean	СилКорпус / Таймеры / Нории / Таймеры аварий		Служебный статус для контроля аварии нории
703	StatusAlarmN2	Boolean	СилКорпус / Таймеры / Нории / Таймеры аварий		Служебный статус для контроля аварии нории
704	StatusAlarmN3	Boolean	СилКорпус / Таймеры / Нории / Таймеры аварий		Служебный статус для контроля аварии нории
705	StatusAlarmN4	Boolean	СилКорпус / Таймеры / Нории / Таймеры аварий		Служебный статус для контроля аварии нории
706	StatusAlarmN5	Boolean	СилКорпус / Таймеры / Нории / Таймеры аварий		Служебный статус для контроля аварии нории
707	StatusAlarmN6	Boolean	СилКорпус / Таймеры / Нории / Таймеры аварий		Служебный статус для контроля аварии нории
708	StatusAlarmN7	Boolean	СилКорпус / Таймеры / Нории / Таймеры аварий		Служебный статус для контроля аварии нории
709	StatusAlarmN8	Boolean	СилКорпус / Таймеры / Нории / Таймеры аварий		Служебный статус для контроля аварии нории
710	StatusAlarmN9	Boolean	СилКорпус / Таймеры / Нории / Таймеры аварий		Служебный статус для контроля аварии нории
711	StatusAlarmN10	Boolean	СилКорпус / Таймеры / Нории / Таймеры аварий		Служебный статус для контроля аварии нории
316	StartTimeC1	Integer	СилКорпус / Таймеры / Аспирация / Таймеры старта		Таймер старта аспирации
317	StartTimeC2	Integer	СилКорпус / Таймеры / Аспирация / Таймеры старта		Таймер старта аспирации
318	StartTimeC3	Integer	СилКорпус / Таймеры / Аспирация / Таймеры старта		Таймер старта аспирации
319	StartTimeC4	Integer	СилКорпус / Таймеры / Аспирация / Таймеры старта		Таймер старта аспирации
320	StartTimeC5	Integer	СилКорпус / Таймеры / Аспирация / Таймеры старта		Таймер старта аспирации
321	StartTimeC6	Integer	СилКорпус / Таймеры / Аспирация / Таймеры старта		Таймер старта аспирации
322	StartTimeC7	Integer	СилКорпус / Таймеры / Аспирация / Таймеры старта		Таймер старта аспирации
323	StartTimeC8	Integer	СилКорпус / Таймеры / Аспирация / Таймеры старта		Таймер старта аспирации
324	StartTimeC9	Integer	СилКорпус / Таймеры / Аспирация / Таймеры старта		Таймер старта аспирации
325	StartTimeC10	Integer	СилКорпус / Таймеры / Аспирация / Таймеры старта		Таймер старта аспирации
326	StartTimeC11	Integer	СилКорпус / Таймеры / Аспирация / Таймеры старта		Таймер старта аспирации
327	StartTimeC12	Integer	СилКорпус / Таймеры / Аспирация / Таймеры старта		Таймер старта аспирации
328	StartTimeC13	Integer	СилКорпус / Таймеры / Аспирация / Таймеры старта		Таймер старта аспирации
329	StartTimeC14	Integer	СилКорпус / Таймеры / Аспирация / Таймеры старта		Таймер старта аспирации
330	StartTimeT1	Integer	СилКорпус / Таймеры / Транспортеры / Таймеры старта		Таймер старта транспортера
331	StartTimeT2	Integer	СилКорпус / Таймеры / Транспортеры / Таймеры старта		Таймер старта транспортера
332	StartTimeT3	Integer	СилКорпус / Таймеры / Транспортеры / Таймеры старта		Таймер старта транспортера
333	StartTimeT4	Integer	СилКорпус / Таймеры / Транспортеры / Таймеры старта		Таймер старта транспортера
334	StartTimeT5	Integer	СилКорпус / Таймеры / Транспортеры / Таймеры старта		Таймер старта транспортера
335	StartTimeT6	Integer	СилКорпус / Таймеры / Транспортеры / Таймеры старта		Таймер старта транспортера
336	StartTimeT7	Integer	СилКорпус / Таймеры / Транспортеры / Таймеры старта		Таймер старта транспортера
337	StartTimeT8	Integer	СилКорпус / Таймеры / Транспортеры / Таймеры старта		Таймер старта транспортера
338	StartTimeT9	Integer	СилКорпус / Таймеры / Транспортеры / Таймеры старта		Таймер старта транспортера
339	StartTimeT10	Integer	СилКорпус / Таймеры / Транспортеры / Таймеры старта		Таймер старта транспортера
340	StartTimeT11	Integer	СилКорпус / Таймеры / Транспортеры / Таймеры старта		Таймер старта транспортера
341	StartTimeT12	Integer	СилКорпус / Таймеры / Транспортеры / Таймеры старта		Таймер старта транспортера
342	StartTimeT13	Integer	СилКорпус / Таймеры / Транспортеры / Таймеры старта		Таймер старта транспортера
343	StartTimeT14	Integer	СилКорпус / Таймеры / Транспортеры / Таймеры старта		Таймер старта транспортера
344	StartTimeT15	Integer	СилКорпус / Таймеры / Транспортеры / Таймеры старта		Таймер старта транспортера
345	StartTimeT16	Integer	СилКорпус / Таймеры / Транспортеры / Таймеры старта		Таймер старта транспортера
346	StartTimeT17	Integer	СилКорпус / Таймеры / Транспортеры / Таймеры старта		Таймер старта транспортера
347	StartTimeT18	Integer	СилКорпус / Таймеры / Транспортеры / Таймеры старта		Таймер старта транспортера
348	StartTimeT19	Integer	СилКорпус / Таймеры / Транспортеры / Таймеры старта		Таймер старта транспортера
349	StartTimeT20	Integer	СилКорпус / Таймеры / Транспортеры / Таймеры старта		Таймер старта транспортера
350	AlarmTimeT1	Integer	СилКорпус / Таймеры / Транспортеры / Таймеры аварий		Таймер аварии транспортера
351	AlarmTimeT2	Integer	СилКорпус / Таймеры / Транспортеры / Таймеры аварий		Таймер аварии транспортера
352	AlarmTimeT3	Integer	СилКорпус / Таймеры / Транспортеры / Таймеры аварий		Таймер аварии транспортера
353	AlarmTimeT4	Integer	СилКорпус / Таймеры / Транспортеры / Таймеры аварий		Таймер аварии транспортера
354	AlarmTimeT5	Integer	СилКорпус / Таймеры / Транспортеры / Таймеры аварий		Таймер аварии транспортера
355	AlarmTimeT6	Integer	СилКорпус / Таймеры / Транспортеры / Таймеры аварий		Таймер аварии транспортера
356	AlarmTimeT7	Integer	СилКорпус / Таймеры / Транспортеры / Таймеры аварий		Таймер аварии транспортера
357	AlarmTimeT8	Integer	СилКорпус / Таймеры / Транспортеры / Таймеры аварий		Таймер аварии транспортера
358	AlarmTimeT9	Integer	СилКорпус / Таймеры / Транспортеры / Таймеры аварий		Таймер аварии транспортера
359	AlarmTimeT10	Integer	СилКорпус / Таймеры / Транспортеры / Таймеры аварий		Таймер аварии транспортера
360	AlarmTimeT11	Integer	СилКорпус / Таймеры / Транспортеры / Таймеры аварий		Таймер аварии транспортера
361	AlarmTimeT12	Integer	СилКорпус / Таймеры / Транспортеры / Таймеры аварий		Таймер аварии транспортера
362	AlarmTimeT13	Integer	СилКорпус / Таймеры / Транспортеры / Таймеры аварий		Таймер аварии транспортера
363	AlarmTimeT14	Integer	СилКорпус / Таймеры / Транспортеры / Таймеры аварий		Таймер аварии транспортера
364	AlarmTimeT15	Integer	СилКорпус / Таймеры / Транспортеры / Таймеры аварий		Таймер аварии транспортера
365	AlarmTimeT16	Integer	СилКорпус / Таймеры / Транспортеры / Таймеры аварий		Таймер аварии транспортера
366	AlarmTimeT17	Integer	СилКорпус / Таймеры / Транспортеры / Таймеры аварий		Таймер аварии транспортера
367	AlarmTimeT18	Integer	СилКорпус / Таймеры / Транспортеры / Таймеры аварий		Таймер аварии транспортера
368	AlarmTimeT19	Integer	СилКорпус / Таймеры / Транспортеры / Таймеры аварий		Таймер аварии транспортера
369	AlarmTimeT20	Integer	СилКорпус / Таймеры / Транспортеры / Таймеры аварий		Таймер аварии транспортера
712	StatusAlarmT1	Boolean	СилКорпус / Таймеры / Транспортеры / Таймеры аварий		Служебный статус для контроля аварии транспортера
713	StatusAlarmT2	Boolean	СилКорпус / Таймеры / Транспортеры / Таймеры аварий		Служебный статус для контроля аварии транспортера
714	StatusAlarmT3	Boolean	СилКорпус / Таймеры / Транспортеры / Таймеры аварий		Служебный статус для контроля аварии транспортера
715	StatusAlarmT4	Boolean	СилКорпус / Таймеры / Транспортеры / Таймеры аварий		Служебный статус для контроля аварии транспортера
716	StatusAlarmT5	Boolean	СилКорпус / Таймеры / Транспортеры / Таймеры аварий		Служебный статус для контроля аварии транспортера
717	StatusAlarmT6	Boolean	СилКорпус / Таймеры / Транспортеры / Таймеры аварий		Служебный статус для контроля аварии транспортера
718	StatusAlarmT7	Boolean	СилКорпус / Таймеры / Транспортеры / Таймеры аварий		Служебный статус для контроля аварии транспортера
719	StatusAlarmT8	Boolean	СилКорпус / Таймеры / Транспортеры / Таймеры аварий		Служебный статус для контроля аварии транспортера
720	StatusAlarmT9	Boolean	СилКорпус / Таймеры / Транспортеры / Таймеры аварий		Служебный статус для контроля аварии транспортера
721	StatusAlarmT10	Boolean	СилКорпус / Таймеры / Транспортеры / Таймеры аварий		Служебный статус для контроля аварии транспортера
722	StatusAlarmT11	Boolean	СилКорпус / Таймеры / Транспортеры / Таймеры аварий		Служебный статус для контроля аварии транспортера
723	StatusAlarmT12	Boolean	СилКорпус / Таймеры / Транспортеры / Таймеры аварий		Служебный статус для контроля аварии транспортера
724	StatusAlarmT13	Boolean	СилКорпус / Таймеры / Транспортеры / Таймеры аварий		Служебный статус для контроля аварии транспортера
725	StatusAlarmT14	Boolean	СилКорпус / Таймеры / Транспортеры / Таймеры аварий		Служебный статус для контроля аварии транспортера
726	StatusAlarmT15	Boolean	СилКорпус / Таймеры / Транспортеры / Таймеры аварий		Служебный статус для контроля аварии транспортера
727	StatusAlarmT16	Boolean	СилКорпус / Таймеры / Транспортеры / Таймеры аварий		Служебный статус для контроля аварии транспортера
728	StatusAlarmT17	Boolean	СилКорпус / Таймеры / Транспортеры / Таймеры аварий		Служебный статус для контроля аварии транспортера
729	StatusAlarmT18	Boolean	СилКорпус / Таймеры / Транспортеры / Таймеры аварий		Служебный статус для контроля аварии транспортера
730	StatusAlarmT19	Boolean	СилКорпус / Таймеры / Транспортеры / Таймеры аварий		Служебный статус для контроля аварии транспортера
731	StatusAlarmT20	Boolean	СилКорпус / Таймеры / Транспортеры / Таймеры аварий		Служебный статус для контроля аварии транспортера
779	RPMTimerT1	Integer	СилКорпус / Таймеры / Транспортеры / Таймеры контроля оборотов валов		
780	RPMTimerT2	Integer	СилКорпус / Таймеры / Транспортеры / Таймеры контроля оборотов валов		
781	RPMTimerT3	Integer	СилКорпус / Таймеры / Транспортеры / Таймеры контроля оборотов валов		
782	RPMTimerT4	Integer	СилКорпус / Таймеры / Транспортеры / Таймеры контроля оборотов валов		
783	RPMTimerT5	Integer	СилКорпус / Таймеры / Транспортеры / Таймеры контроля оборотов валов		
784	RPMTimerT6	Integer	СилКорпус / Таймеры / Транспортеры / Таймеры контроля оборотов валов		
785	RPMTimerT7	Integer	СилКорпус / Таймеры / Транспортеры / Таймеры контроля оборотов валов		
786	RPMTimerT8	Integer	СилКорпус / Таймеры / Транспортеры / Таймеры контроля оборотов валов		
787	RPMTimerT9	Integer	СилКорпус / Таймеры / Транспортеры / Таймеры контроля оборотов валов		
788	RPMTimerT10	Integer	СилКорпус / Таймеры / Транспортеры / Таймеры контроля оборотов валов		
789	RPMTimerT11	Integer	СилКорпус / Таймеры / Транспортеры / Таймеры контроля оборотов валов		
790	RPMTimerT12	Integer	СилКорпус / Таймеры / Транспортеры / Таймеры контроля оборотов валов		
791	RPMTimerT13	Integer	СилКорпус / Таймеры / Транспортеры / Таймеры контроля оборотов валов		
792	RPMTimerT14	Integer	СилКорпус / Таймеры / Транспортеры / Таймеры контроля оборотов валов		
793	RPMTimerT15	Integer	СилКорпус / Таймеры / Транспортеры / Таймеры контроля оборотов валов		
794	RPMTimerT16	Integer	СилКорпус / Таймеры / Транспортеры / Таймеры контроля оборотов валов		
795	RPMTimerT17	Integer	СилКорпус / Таймеры / Транспортеры / Таймеры контроля оборотов валов		
796	RPMTimerT18	Integer	СилКорпус / Таймеры / Транспортеры / Таймеры контроля оборотов валов		
535	T6OpenTimer1	Integer	СилКорпус / Таймеры / Заслонки транспортера номер 6		Таймер алгоритма открытия заслонки
594	T6CloseTimer1	Integer	СилКорпус / Таймеры / Заслонки транспортера номер 6		Таймер алгоритма закрытия заслонки
595	T6CalTimer1	Integer	СилКорпус / Таймеры / Заслонки транспортера номер 6		Таймер алгоритма калибровки заслонки
596	T6OpenTimer2	Integer	СилКорпус / Таймеры / Заслонки транспортера номер 6		Таймер алгоритма открытия заслонки
597	T6CloseTimer2	Integer	СилКорпус / Таймеры / Заслонки транспортера номер 6		Таймер алгоритма закрытия заслонки
598	T6CalTimer2	Integer	СилКорпус / Таймеры / Заслонки транспортера номер 6		Таймер алгоритма калибровки заслонки
599	T6OpenTimer3	Integer	СилКорпус / Таймеры / Заслонки транспортера номер 6		Таймер алгоритма открытия заслонки
600	T6CloseTimer3	Integer	СилКорпус / Таймеры / Заслонки транспортера номер 6		Таймер алгоритма закрытия заслонки
601	T6CalTimer3	Integer	СилКорпус / Таймеры / Заслонки транспортера номер 6		Таймер алгоритма калибровки заслонки
602	T6OpenTimer4	Integer	СилКорпус / Таймеры / Заслонки транспортера номер 6		Таймер алгоритма открытия заслонки
603	T6CloseTimer4	Integer	СилКорпус / Таймеры / Заслонки транспортера номер 6		Таймер алгоритма закрытия заслонки
604	T6CalTimer4	Integer	СилКорпус / Таймеры / Заслонки транспортера номер 6		Таймер алгоритма калибровки заслонки
605	T6OpenTimer5	Integer	СилКорпус / Таймеры / Заслонки транспортера номер 6		Таймер алгоритма открытия заслонки
606	T6CloseTimer5	Integer	СилКорпус / Таймеры / Заслонки транспортера номер 6		Таймер алгоритма закрытия заслонки
607	T6CalTimer5	Integer	СилКорпус / Таймеры / Заслонки транспортера номер 6		Таймер алгоритма калибровки заслонки
608	T6OpenTimer6	Integer	СилКорпус / Таймеры / Заслонки транспортера номер 6		Таймер алгоритма открытия заслонки
609	T6CloseTimer6	Integer	СилКорпус / Таймеры / Заслонки транспортера номер 6		Таймер алгоритма закрытия заслонки
610	T6CalTimer6	Integer	СилКорпус / Таймеры / Заслонки транспортера номер 6		Таймер алгоритма калибровки заслонки
611	T6OpenTimer7	Integer	СилКорпус / Таймеры / Заслонки транспортера номер 6		Таймер алгоритма открытия заслонки
612	T6CloseTimer7	Integer	СилКорпус / Таймеры / Заслонки транспортера номер 6		Таймер алгоритма закрытия заслонки
613	T6CalTimer7	Integer	СилКорпус / Таймеры / Заслонки транспортера номер 6		Таймер алгоритма калибровки заслонки
614	T6OpenTimer8	Integer	СилКорпус / Таймеры / Заслонки транспортера номер 6		Таймер алгоритма открытия заслонки
615	T6CloseTimer8	Integer	СилКорпус / Таймеры / Заслонки транспортера номер 6		Таймер алгоритма закрытия заслонки
616	T6CalTimer8	Integer	СилКорпус / Таймеры / Заслонки транспортера номер 6		Таймер алгоритма калибровки заслонки
617	T6OpenTimer9	Integer	СилКорпус / Таймеры / Заслонки транспортера номер 6		Таймер алгоритма открытия заслонки
618	T6CloseTimer9	Integer	СилКорпус / Таймеры / Заслонки транспортера номер 6		Таймер алгоритма закрытия заслонки
619	T6CalTimer9	Integer	СилКорпус / Таймеры / Заслонки транспортера номер 6		Таймер алгоритма калибровки заслонки
620	T6OpenTimer10	Integer	СилКорпус / Таймеры / Заслонки транспортера номер 6		Таймер алгоритма открытия заслонки
621	T6CloseTimer10	Integer	СилКорпус / Таймеры / Заслонки транспортера номер 6		Таймер алгоритма закрытия заслонки
622	T6CalTimer10	Integer	СилКорпус / Таймеры / Заслонки транспортера номер 6		Таймер алгоритма калибровки заслонки
623	T7OpenTimer1	Integer	СилКорпус / Таймеры / Заслонки транспортера номер 7		Таймер алгоритма открытия заслонки
624	T7CloseTimer1	Integer	СилКорпус / Таймеры / Заслонки транспортера номер 7		Таймер алгоритма закрытия заслонки
625	T7CalTimer1	Integer	СилКорпус / Таймеры / Заслонки транспортера номер 7		Таймер алгоритма калибровки заслонки
626	T7OpenTimer2	Integer	СилКорпус / Таймеры / Заслонки транспортера номер 7		Таймер алгоритма открытия заслонки
627	T7CloseTimer2	Integer	СилКорпус / Таймеры / Заслонки транспортера номер 7		Таймер алгоритма закрытия заслонки
628	T7CalTimer2	Integer	СилКорпус / Таймеры / Заслонки транспортера номер 7		Таймер алгоритма калибровки заслонки
629	T7OpenTimer3	Integer	СилКорпус / Таймеры / Заслонки транспортера номер 7		Таймер алгоритма открытия заслонки
630	T7CloseTimer3	Integer	СилКорпус / Таймеры / Заслонки транспортера номер 7		Таймер алгоритма закрытия заслонки
631	T7CalTimer3	Integer	СилКорпус / Таймеры / Заслонки транспортера номер 7		Таймер алгоритма калибровки заслонки
632	T7OpenTimer4	Integer	СилКорпус / Таймеры / Заслонки транспортера номер 7		Таймер алгоритма открытия заслонки
633	T7CloseTimer4	Integer	СилКорпус / Таймеры / Заслонки транспортера номер 7		Таймер алгоритма закрытия заслонки
634	T7CalTimer4	Integer	СилКорпус / Таймеры / Заслонки транспортера номер 7		Таймер алгоритма калибровки заслонки
635	T7OpenTimer5	Integer	СилКорпус / Таймеры / Заслонки транспортера номер 7		Таймер алгоритма открытия заслонки
636	T7CloseTimer5	Integer	СилКорпус / Таймеры / Заслонки транспортера номер 7		Таймер алгоритма закрытия заслонки
637	T7CalTimer5	Integer	СилКорпус / Таймеры / Заслонки транспортера номер 7		Таймер алгоритма калибровки заслонки
638	T7OpenTimer6	Integer	СилКорпус / Таймеры / Заслонки транспортера номер 7		Таймер алгоритма открытия заслонки
639	T7CloseTimer6	Integer	СилКорпус / Таймеры / Заслонки транспортера номер 7		Таймер алгоритма закрытия заслонки
640	T7CalTimer6	Integer	СилКорпус / Таймеры / Заслонки транспортера номер 7		Таймер алгоритма калибровки заслонки
641	T7OpenTimer7	Integer	СилКорпус / Таймеры / Заслонки транспортера номер 7		Таймер алгоритма открытия заслонки
642	T7CloseTimer7	Integer	СилКорпус / Таймеры / Заслонки транспортера номер 7		Таймер алгоритма закрытия заслонки
643	T7CalTimer7	Integer	СилКорпус / Таймеры / Заслонки транспортера номер 7		Таймер алгоритма калибровки заслонки
644	T7OpenTimer8	Integer	СилКорпус / Таймеры / Заслонки транспортера номер 7		Таймер алгоритма открытия заслонки
645	T7CloseTimer8	Integer	СилКорпус / Таймеры / Заслонки транспортера номер 7		Таймер алгоритма закрытия заслонки
646	T7CalTimer8	Integer	СилКорпус / Таймеры / Заслонки транспортера номер 7		Таймер алгоритма калибровки заслонки
647	T7OpenTimer9	Integer	СилКорпус / Таймеры / Заслонки транспортера номер 7		Таймер алгоритма открытия заслонки
648	T7CloseTimer9	Integer	СилКорпус / Таймеры / Заслонки транспортера номер 7		Таймер алгоритма закрытия заслонки
649	T7CalTimer9	Integer	СилКорпус / Таймеры / Заслонки транспортера номер 7		Таймер алгоритма калибровки заслонки
650	T7OpenTimer10	Integer	СилКорпус / Таймеры / Заслонки транспортера номер 7		Таймер алгоритма открытия заслонки
651	T7CloseTimer10	Integer	СилКорпус / Таймеры / Заслонки транспортера номер 7		Таймер алгоритма закрытия заслонки
652	T7CalTimer10	Integer	СилКорпус / Таймеры / Заслонки транспортера номер 7		Таймер алгоритма калибровки заслонки
696	AlarmStartTimer	Integer	СилКорпус / Таймеры / Служебные таймеры		Таймер контроля аварийного звукового оповещения
699	ManualTimer	Integer	СилКорпус / Таймеры / Служебные таймеры		Таймер контроля алгоритма пуска механизмов
700	ManualTimerAlarm	Integer	СилКорпус / Таймеры / Служебные таймеры		Таймер контроля алгоритма пуска механизмов
701	ManualTimerDelay	Integer	СилКорпус / Таймеры / Служебные таймеры		Таймер контроля алгоритма пуска механизмов
981	T4OpenTimer1	Integer	СилКорпус / Таймеры / Заслонки транспортера номер 4		Таймер алгоритма открытия заслонки
982	T4CloseTimer1	Integer	СилКорпус / Таймеры / Заслонки транспортера номер 4		Таймер алгоритма закрытия заслонки
983	T4CalTimer1	Integer	СилКорпус / Таймеры / Заслонки транспортера номер 4		Таймер алгоритма калибровки заслонки
984	T4OpenTimer2	Integer	СилКорпус / Таймеры / Заслонки транспортера номер 4		Таймер алгоритма открытия заслонки
985	T4CloseTimer2	Integer	СилКорпус / Таймеры / Заслонки транспортера номер 4		Таймер алгоритма закрытия заслонки
986	T4CalTimer2	Integer	СилКорпус / Таймеры / Заслонки транспортера номер 4		Таймер алгоритма калибровки заслонки
987	T4OpenTimer3	Integer	СилКорпус / Таймеры / Заслонки транспортера номер 4		Таймер алгоритма открытия заслонки
988	T4CloseTimer3	Integer	СилКорпус / Таймеры / Заслонки транспортера номер 4		Таймер алгоритма закрытия заслонки
989	T4CalTimer3	Integer	СилКорпус / Таймеры / Заслонки транспортера номер 4		Таймер алгоритма калибровки заслонки
990	T4OpenTimer4	Integer	СилКорпус / Таймеры / Заслонки транспортера номер 4		Таймер алгоритма открытия заслонки
991	T4CloseTimer4	Integer	СилКорпус / Таймеры / Заслонки транспортера номер 4		Таймер алгоритма закрытия заслонки
992	T4CalTimer4	Integer	СилКорпус / Таймеры / Заслонки транспортера номер 4		Таймер алгоритма калибровки заслонки
993	T4OpenTimer5	Integer	СилКорпус / Таймеры / Заслонки транспортера номер 4		Таймер алгоритма открытия заслонки
994	T4CloseTimer5	Integer	СилКорпус / Таймеры / Заслонки транспортера номер 4		Таймер алгоритма закрытия заслонки
995	T4CalTimer5	Integer	СилКорпус / Таймеры / Заслонки транспортера номер 4		Таймер алгоритма калибровки заслонки
996	T4OpenTimer6	Integer	СилКорпус / Таймеры / Заслонки транспортера номер 4		Таймер алгоритма открытия заслонки
997	T4CloseTimer6	Integer	СилКорпус / Таймеры / Заслонки транспортера номер 4		Таймер алгоритма закрытия заслонки
998	T4CalTimer6	Integer	СилКорпус / Таймеры / Заслонки транспортера номер 4		Таймер алгоритма калибровки заслонки
999	T4OpenTimer7	Integer	СилКорпус / Таймеры / Заслонки транспортера номер 4		Таймер алгоритма открытия заслонки
1000	T4CloseTimer7	Integer	СилКорпус / Таймеры / Заслонки транспортера номер 4		Таймер алгоритма закрытия заслонки
1001	T4CalTimer7	Integer	СилКорпус / Таймеры / Заслонки транспортера номер 4		Таймер алгоритма калибровки заслонки
1002	T4OpenTimer8	Integer	СилКорпус / Таймеры / Заслонки транспортера номер 4		Таймер алгоритма открытия заслонки
1003	T4CloseTimer8	Integer	СилКорпус / Таймеры / Заслонки транспортера номер 4		Таймер алгоритма закрытия заслонки
1004	T4CalTimer8	Integer	СилКорпус / Таймеры / Заслонки транспортера номер 4		Таймер алгоритма калибровки заслонки
1005	T4OpenTimer9	Integer	СилКорпус / Таймеры / Заслонки транспортера номер 4		Таймер алгоритма открытия заслонки
1006	T4CloseTimer9	Integer	СилКорпус / Таймеры / Заслонки транспортера номер 4		Таймер алгоритма закрытия заслонки
1007	T4CalTimer9	Integer	СилКорпус / Таймеры / Заслонки транспортера номер 4		Таймер алгоритма калибровки заслонки
1008	T4OpenTimer10	Integer	СилКорпус / Таймеры / Заслонки транспортера номер 4		Таймер алгоритма открытия заслонки
1009	T4CloseTimer10	Integer	СилКорпус / Таймеры / Заслонки транспортера номер 4		Таймер алгоритма закрытия заслонки
1010	T4CalTimer10	Integer	СилКорпус / Таймеры / Заслонки транспортера номер 4		Таймер алгоритма калибровки заслонки
1011	T4ClapOpenTimer1	Integer	СилКорпус / Таймеры / Заслонки транспортера номер 4		Таймер алгоритма открытия заслонки
1012	T4ClapCloseTimer1	Integer	СилКорпус / Таймеры / Заслонки транспортера номер 4		Таймер алгоритма закрытия заслонки
1013	T4ClapCalTimer1	Integer	СилКорпус / Таймеры / Заслонки транспортера номер 4		Таймер алгоритма калибровки заслонки
1014	T4ClapOpenTimer2	Integer	СилКорпус / Таймеры / Заслонки транспортера номер 4		Таймер алгоритма открытия заслонки
1015	T4ClapCloseTimer2	Integer	СилКорпус / Таймеры / Заслонки транспортера номер 4		Таймер алгоритма закрытия заслонки
1016	T4ClapCalTimer2	Integer	СилКорпус / Таймеры / Заслонки транспортера номер 4		Таймер алгоритма калибровки заслонки
1017	T4ClapOpenTimer3	Integer	СилКорпус / Таймеры / Заслонки транспортера номер 4		Таймер алгоритма открытия заслонки
1018	T4ClapCloseTimer3	Integer	СилКорпус / Таймеры / Заслонки транспортера номер 4		Таймер алгоритма закрытия заслонки
1019	T4ClapCalTimer3	Integer	СилКорпус / Таймеры / Заслонки транспортера номер 4		Таймер алгоритма калибровки заслонки
1020	T4ClapOpenTimer4	Integer	СилКорпус / Таймеры / Заслонки транспортера номер 4		Таймер алгоритма открытия заслонки
1021	T4ClapCloseTimer4	Integer	СилКорпус / Таймеры / Заслонки транспортера номер 4		Таймер алгоритма закрытия заслонки
1022	T4ClapCalTimer4	Integer	СилКорпус / Таймеры / Заслонки транспортера номер 4		Таймер алгоритма калибровки заслонки
1023	T4ClapOpenTimer5	Integer	СилКорпус / Таймеры / Заслонки транспортера номер 4		Таймер алгоритма открытия заслонки
1024	T4ClapCloseTimer5	Integer	СилКорпус / Таймеры / Заслонки транспортера номер 4		Таймер алгоритма закрытия заслонки
1025	T4ClapCalTimer5	Integer	СилКорпус / Таймеры / Заслонки транспортера номер 4		Таймер алгоритма калибровки заслонки
1026	T4ClapOpenTimer6	Integer	СилКорпус / Таймеры / Заслонки транспортера номер 4		Таймер алгоритма открытия заслонки
1027	T4ClapCloseTimer6	Integer	СилКорпус / Таймеры / Заслонки транспортера номер 4		Таймер алгоритма закрытия заслонки
1028	T4ClapCalTimer6	Integer	СилКорпус / Таймеры / Заслонки транспортера номер 4		Таймер алгоритма калибровки заслонки
1029	T4ClapOpenTimer7	Integer	СилКорпус / Таймеры / Заслонки транспортера номер 4		Таймер алгоритма открытия заслонки
1030	T4ClapCloseTimer7	Integer	СилКорпус / Таймеры / Заслонки транспортера номер 4		Таймер алгоритма закрытия заслонки
1031	T4ClapCalTimer7	Integer	СилКорпус / Таймеры / Заслонки транспортера номер 4		Таймер алгоритма калибровки заслонки
1032	T4ClapOpenTimer8	Integer	СилКорпус / Таймеры / Заслонки транспортера номер 4		Таймер алгоритма открытия заслонки
1033	T4ClapCloseTimer8	Integer	СилКорпус / Таймеры / Заслонки транспортера номер 4		Таймер алгоритма закрытия заслонки
1034	T4ClapCalTimer8	Integer	СилКорпус / Таймеры / Заслонки транспортера номер 4		Таймер алгоритма калибровки заслонки
1035	T4ClapOpenTimer9	Integer	СилКорпус / Таймеры / Заслонки транспортера номер 4		Таймер алгоритма открытия заслонки
1036	T4ClapCloseTimer9	Integer	СилКорпус / Таймеры / Заслонки транспортера номер 4		Таймер алгоритма закрытия заслонки
1037	T4ClapCalTimer9	Integer	СилКорпус / Таймеры / Заслонки транспортера номер 4		Таймер алгоритма калибровки заслонки
1038	T4ClapOpenTimer10	Integer	СилКорпус / Таймеры / Заслонки транспортера номер 4		Таймер алгоритма открытия заслонки
1039	T4ClapCloseTimer10	Integer	СилКорпус / Таймеры / Заслонки транспортера номер 4		Таймер алгоритма закрытия заслонки
1040	T4ClapCalTimer10	Integer	СилКорпус / Таймеры / Заслонки транспортера номер 4		Таймер алгоритма калибровки заслонки
1041	T5OpenTimer1	Integer	СилКорпус / Таймеры / Заслонки транспортера номер 5		Таймер алгоритма открытия заслонки
1042	T5CloseTimer1	Integer	СилКорпус / Таймеры / Заслонки транспортера номер 5		Таймер алгоритма закрытия заслонки
1043	T5CalTimer1	Integer	СилКорпус / Таймеры / Заслонки транспортера номер 5		Таймер алгоритма калибровки заслонки
1045	T5OpenTimer2	Integer	СилКорпус / Таймеры / Заслонки транспортера номер 5		Таймер алгоритма открытия заслонки
1046	T5CloseTimer2	Integer	СилКорпус / Таймеры / Заслонки транспортера номер 5		Таймер алгоритма закрытия заслонки
1047	T5CalTimer2	Integer	СилКорпус / Таймеры / Заслонки транспортера номер 5		Таймер алгоритма калибровки заслонки
1048	T5OpenTimer3	Integer	СилКорпус / Таймеры / Заслонки транспортера номер 5		Таймер алгоритма открытия заслонки
1049	T5CloseTimer3	Integer	СилКорпус / Таймеры / Заслонки транспортера номер 5		Таймер алгоритма закрытия заслонки
1050	T5CalTimer3	Integer	СилКорпус / Таймеры / Заслонки транспортера номер 5		Таймер алгоритма калибровки заслонки
1051	T5OpenTimer4	Integer	СилКорпус / Таймеры / Заслонки транспортера номер 5		Таймер алгоритма открытия заслонки
1052	T5CloseTimer4	Integer	СилКорпус / Таймеры / Заслонки транспортера номер 5		Таймер алгоритма закрытия заслонки
1053	T5CalTimer4	Integer	СилКорпус / Таймеры / Заслонки транспортера номер 5		Таймер алгоритма калибровки заслонки
1054	T5OpenTimer5	Integer	СилКорпус / Таймеры / Заслонки транспортера номер 5		Таймер алгоритма открытия заслонки
1055	T5CloseTimer5	Integer	СилКорпус / Таймеры / Заслонки транспортера номер 5		Таймер алгоритма закрытия заслонки
1056	T5CalTimer5	Integer	СилКорпус / Таймеры / Заслонки транспортера номер 5		Таймер алгоритма калибровки заслонки
1057	T5OpenTimer6	Integer	СилКорпус / Таймеры / Заслонки транспортера номер 5		Таймер алгоритма открытия заслонки
1058	T5CloseTimer6	Integer	СилКорпус / Таймеры / Заслонки транспортера номер 5		Таймер алгоритма закрытия заслонки
1059	T5CalTimer6	Integer	СилКорпус / Таймеры / Заслонки транспортера номер 5		Таймер алгоритма калибровки заслонки
1060	T5OpenTimer7	Integer	СилКорпус / Таймеры / Заслонки транспортера номер 5		Таймер алгоритма открытия заслонки
1061	T5CloseTimer7	Integer	СилКорпус / Таймеры / Заслонки транспортера номер 5		Таймер алгоритма закрытия заслонки
1062	T5CalTimer7	Integer	СилКорпус / Таймеры / Заслонки транспортера номер 5		Таймер алгоритма калибровки заслонки
1063	T5OpenTimer8	Integer	СилКорпус / Таймеры / Заслонки транспортера номер 5		Таймер алгоритма открытия заслонки
1064	T5CloseTimer8	Integer	СилКорпус / Таймеры / Заслонки транспортера номер 5		Таймер алгоритма закрытия заслонки
1065	T5CalTimer8	Integer	СилКорпус / Таймеры / Заслонки транспортера номер 5		Таймер алгоритма калибровки заслонки
1066	T5ClapOpenTimer1	Integer	СилКорпус / Таймеры / Заслонки транспортера номер 5		Таймер алгоритма открытия заслонки
1067	T5ClapCloseTimer1	Integer	СилКорпус / Таймеры / Заслонки транспортера номер 5		Таймер алгоритма закрытия заслонки
1068	T5ClapCalTimer1	Integer	СилКорпус / Таймеры / Заслонки транспортера номер 5		Таймер алгоритма калибровки заслонки
1069	T5ClapOpenTimer2	Integer	СилКорпус / Таймеры / Заслонки транспортера номер 5		Таймер алгоритма открытия заслонки
1070	T5ClapCloseTimer2	Integer	СилКорпус / Таймеры / Заслонки транспортера номер 5		Таймер алгоритма закрытия заслонки
1071	T5ClapCalTimer2	Integer	СилКорпус / Таймеры / Заслонки транспортера номер 5		Таймер алгоритма калибровки заслонки
1072	T5ClapOpenTimer3	Integer	СилКорпус / Таймеры / Заслонки транспортера номер 5		Таймер алгоритма открытия заслонки
1073	T5ClapCloseTimer3	Integer	СилКорпус / Таймеры / Заслонки транспортера номер 5		Таймер алгоритма закрытия заслонки
1074	T5ClapCalTimer3	Integer	СилКорпус / Таймеры / Заслонки транспортера номер 5		Таймер алгоритма калибровки заслонки
1075	T5ClapOpenTimer4	Integer	СилКорпус / Таймеры / Заслонки транспортера номер 5		Таймер алгоритма открытия заслонки
1076	T5ClapCloseTimer4	Integer	СилКорпус / Таймеры / Заслонки транспортера номер 5		Таймер алгоритма закрытия заслонки
1077	T5ClapCalTimer4	Integer	СилКорпус / Таймеры / Заслонки транспортера номер 5		Таймер алгоритма калибровки заслонки
1078	T5ClapOpenTimer5	Integer	СилКорпус / Таймеры / Заслонки транспортера номер 5		Таймер алгоритма открытия заслонки
1079	T5ClapCloseTimer5	Integer	СилКорпус / Таймеры / Заслонки транспортера номер 5		Таймер алгоритма закрытия заслонки
1080	T5ClapCalTimer5	Integer	СилКорпус / Таймеры / Заслонки транспортера номер 5		Таймер алгоритма калибровки заслонки
1081	T5ClapOpenTimer6	Integer	СилКорпус / Таймеры / Заслонки транспортера номер 5		Таймер алгоритма открытия заслонки
1082	T5ClapCloseTimer6	Integer	СилКорпус / Таймеры / Заслонки транспортера номер 5		Таймер алгоритма закрытия заслонки
1083	T5ClapCalTimer6	Integer	СилКорпус / Таймеры / Заслонки транспортера номер 5		Таймер алгоритма калибровки заслонки
1084	T5ClapOpenTimer7	Integer	СилКорпус / Таймеры / Заслонки транспортера номер 5		Таймер алгоритма открытия заслонки
1085	T5ClapCloseTimer7	Integer	СилКорпус / Таймеры / Заслонки транспортера номер 5		Таймер алгоритма закрытия заслонки
1086	T5ClapCalTimer7	Integer	СилКорпус / Таймеры / Заслонки транспортера номер 5		Таймер алгоритма калибровки заслонки
1087	T5ClapOpenTimer8	Integer	СилКорпус / Таймеры / Заслонки транспортера номер 5		Таймер алгоритма открытия заслонки
1088	T5ClapCloseTimer8	Integer	СилКорпус / Таймеры / Заслонки транспортера номер 5		Таймер алгоритма закрытия заслонки
1089	T5ClapCalTimer8	Integer	СилКорпус / Таймеры / Заслонки транспортера номер 5		Таймер алгоритма калибровки заслонки
1307	T1OpenTimer1	Integer	СилКорпус / Таймеры / Заслонки транспортера номер 1-3		Таймер алгоритма открытия заслонки
1308	T1CloseTimer1	Integer	СилКорпус / Таймеры / Заслонки транспортера номер 1-3		Таймер алгоритма закрытия заслонки
1309	T1CalTimer1	Integer	СилКорпус / Таймеры / Заслонки транспортера номер 1-3		Таймер алгоритма калибровки заслонки
1310	T1OpenTimer2	Integer	СилКорпус / Таймеры / Заслонки транспортера номер 1-3		Таймер алгоритма открытия заслонки
1311	T1CloseTimer2	Integer	СилКорпус / Таймеры / Заслонки транспортера номер 1-3		Таймер алгоритма закрытия заслонки
1312	T1CalTimer2	Integer	СилКорпус / Таймеры / Заслонки транспортера номер 1-3		Таймер алгоритма калибровки заслонки
1313	T1OpenTimer3	Integer	СилКорпус / Таймеры / Заслонки транспортера номер 1-3		Таймер алгоритма открытия заслонки
1314	T1CloseTimer3	Integer	СилКорпус / Таймеры / Заслонки транспортера номер 1-3		Таймер алгоритма закрытия заслонки
1315	T1CalTimer3	Integer	СилКорпус / Таймеры / Заслонки транспортера номер 1-3		Таймер алгоритма калибровки заслонки
1316	T1OpenTimer4	Integer	СилКорпус / Таймеры / Заслонки транспортера номер 1-3		Таймер алгоритма открытия заслонки
1317	T1CloseTimer4	Integer	СилКорпус / Таймеры / Заслонки транспортера номер 1-3		Таймер алгоритма закрытия заслонки
1318	T1CalTimer4	Integer	СилКорпус / Таймеры / Заслонки транспортера номер 1-3		Таймер алгоритма калибровки заслонки
1319	T1OpenTimer5	Integer	СилКорпус / Таймеры / Заслонки транспортера номер 1-3		Таймер алгоритма открытия заслонки
1320	T1CloseTimer5	Integer	СилКорпус / Таймеры / Заслонки транспортера номер 1-3		Таймер алгоритма закрытия заслонки
1321	T1CalTimer5	Integer	СилКорпус / Таймеры / Заслонки транспортера номер 1-3		Таймер алгоритма калибровки заслонки
1322	T1OpenTimer6	Integer	СилКорпус / Таймеры / Заслонки транспортера номер 1-3		Таймер алгоритма открытия заслонки
1323	T1CloseTimer6	Integer	СилКорпус / Таймеры / Заслонки транспортера номер 1-3		Таймер алгоритма закрытия заслонки
1324	T1CalTimer6	Integer	СилКорпус / Таймеры / Заслонки транспортера номер 1-3		Таймер алгоритма калибровки заслонки
1325	T1OpenTimer7	Integer	СилКорпус / Таймеры / Заслонки транспортера номер 1-3		Таймер алгоритма открытия заслонки
1326	T1CloseTimer7	Integer	СилКорпус / Таймеры / Заслонки транспортера номер 1-3		Таймер алгоритма закрытия заслонки
1327	T1CalTimer7	Integer	СилКорпус / Таймеры / Заслонки транспортера номер 1-3		Таймер алгоритма калибровки заслонки
1328	T1OpenTimer8	Integer	СилКорпус / Таймеры / Заслонки транспортера номер 1-3		Таймер алгоритма открытия заслонки
1329	T1CloseTimer8	Integer	СилКорпус / Таймеры / Заслонки транспортера номер 1-3		Таймер алгоритма закрытия заслонки
1330	T1CalTimer8	Integer	СилКорпус / Таймеры / Заслонки транспортера номер 1-3		Таймер алгоритма калибровки заслонки
1442	T1OpenTimer9	Integer	СилКорпус / Таймеры / Заслонки транспортера номер 1-3		Таймер алгоритма открытия заслонки
1443	T1CloseTimer9	Integer	СилКорпус / Таймеры / Заслонки транспортера номер 1-3		Таймер алгоритма закрытия заслонки
1444	T1CalTimer9	Integer	СилКорпус / Таймеры / Заслонки транспортера номер 1-3		Таймер алгоритма калибровки заслонки
491	T6LatchCalOpenTime1	Integer	СилКорпус / Калибровки хода заслонок / Заслонки транспортера номер 6		Время хода задвижки от закрытого состояния к открытому
492	T6LatchCalOpenTime2	Integer	СилКорпус / Калибровки хода заслонок / Заслонки транспортера номер 6		Время хода задвижки от закрытого состояния к открытому
493	T6LatchCalOpenTime3	Integer	СилКорпус / Калибровки хода заслонок / Заслонки транспортера номер 6		Время хода задвижки от закрытого состояния к открытому
494	T6LatchCalOpenTime4	Integer	СилКорпус / Калибровки хода заслонок / Заслонки транспортера номер 6		Время хода задвижки от закрытого состояния к открытому
495	T6LatchCalOpenTime5	Integer	СилКорпус / Калибровки хода заслонок / Заслонки транспортера номер 6		Время хода задвижки от закрытого состояния к открытому
496	T6LatchCalOpenTime6	Integer	СилКорпус / Калибровки хода заслонок / Заслонки транспортера номер 6		Время хода задвижки от закрытого состояния к открытому
497	T6LatchCalOpenTime7	Integer	СилКорпус / Калибровки хода заслонок / Заслонки транспортера номер 6		Время хода задвижки от закрытого состояния к открытому
498	T6LatchCalOpenTime8	Integer	СилКорпус / Калибровки хода заслонок / Заслонки транспортера номер 6		Время хода задвижки от закрытого состояния к открытому
499	T6LatchCalOpenTime9	Integer	СилКорпус / Калибровки хода заслонок / Заслонки транспортера номер 6		Время хода задвижки от закрытого состояния к открытому
500	T6LatchCalOpenTime10	Integer	СилКорпус / Калибровки хода заслонок / Заслонки транспортера номер 6		Время хода задвижки от закрытого состояния к открытому
501	T6LatchCalCloseTime1	Integer	СилКорпус / Калибровки хода заслонок / Заслонки транспортера номер 6		Время хода задвижки от открытого состояния к закрытому
502	T6LatchCalCloseTime2	Integer	СилКорпус / Калибровки хода заслонок / Заслонки транспортера номер 6		Время хода задвижки от открытого состояния к закрытому
503	T6LatchCalCloseTime3	Integer	СилКорпус / Калибровки хода заслонок / Заслонки транспортера номер 6		Время хода задвижки от открытого состояния к закрытому
504	T6LatchCalCloseTime4	Integer	СилКорпус / Калибровки хода заслонок / Заслонки транспортера номер 6		Время хода задвижки от открытого состояния к закрытому
505	T6LatchCalCloseTime5	Integer	СилКорпус / Калибровки хода заслонок / Заслонки транспортера номер 6		Время хода задвижки от открытого состояния к закрытому
506	T6LatchCalCloseTime6	Integer	СилКорпус / Калибровки хода заслонок / Заслонки транспортера номер 6		Время хода задвижки от открытого состояния к закрытому
507	T6LatchCalCloseTime7	Integer	СилКорпус / Калибровки хода заслонок / Заслонки транспортера номер 6		Время хода задвижки от открытого состояния к закрытому
508	T6LatchCalCloseTime8	Integer	СилКорпус / Калибровки хода заслонок / Заслонки транспортера номер 6		Время хода задвижки от открытого состояния к закрытому
509	T6LatchCalCloseTime9	Integer	СилКорпус / Калибровки хода заслонок / Заслонки транспортера номер 6		Время хода задвижки от открытого состояния к закрытому
510	T6LatchCalCloseTime10	Integer	СилКорпус / Калибровки хода заслонок / Заслонки транспортера номер 6		Время хода задвижки от открытого состояния к закрытому
511	T7LatchCalOpenTime1	Integer	СилКорпус / Калибровки хода заслонок / Заслонки транспортера номер 7		Время хода задвижки от закрытого состояния к открытому
512	T7LatchCalOpenTime2	Integer	СилКорпус / Калибровки хода заслонок / Заслонки транспортера номер 7		Время хода задвижки от закрытого состояния к открытому
513	T7LatchCalOpenTime3	Integer	СилКорпус / Калибровки хода заслонок / Заслонки транспортера номер 7		Время хода задвижки от закрытого состояния к открытому
514	T7LatchCalOpenTime4	Integer	СилКорпус / Калибровки хода заслонок / Заслонки транспортера номер 7		Время хода задвижки от закрытого состояния к открытому
515	T7LatchCalOpenTime5	Integer	СилКорпус / Калибровки хода заслонок / Заслонки транспортера номер 7		Время хода задвижки от закрытого состояния к открытому
516	T7LatchCalOpenTime6	Integer	СилКорпус / Калибровки хода заслонок / Заслонки транспортера номер 7		Время хода задвижки от закрытого состояния к открытому
517	T7LatchCalOpenTime7	Integer	СилКорпус / Калибровки хода заслонок / Заслонки транспортера номер 7		Время хода задвижки от закрытого состояния к открытому
518	T7LatchCalOpenTime8	Integer	СилКорпус / Калибровки хода заслонок / Заслонки транспортера номер 7		Время хода задвижки от закрытого состояния к открытому
519	T7LatchCalOpenTime9	Integer	СилКорпус / Калибровки хода заслонок / Заслонки транспортера номер 7		Время хода задвижки от закрытого состояния к открытому
520	T7LatchCalOpenTime10	Integer	СилКорпус / Калибровки хода заслонок / Заслонки транспортера номер 7		Время хода задвижки от закрытого состояния к открытому
521	T7LatchCalCloseTime1	Integer	СилКорпус / Калибровки хода заслонок / Заслонки транспортера номер 7		Время хода задвижки от открытого состояния к закрытому
522	T7LatchCalCloseTime2	Integer	СилКорпус / Калибровки хода заслонок / Заслонки транспортера номер 7		Время хода задвижки от открытого состояния к закрытому
523	T7LatchCalCloseTime3	Integer	СилКорпус / Калибровки хода заслонок / Заслонки транспортера номер 7		Время хода задвижки от открытого состояния к закрытому
524	T7LatchCalCloseTime4	Integer	СилКорпус / Калибровки хода заслонок / Заслонки транспортера номер 7		Время хода задвижки от открытого состояния к закрытому
525	T7LatchCalCloseTime5	Integer	СилКорпус / Калибровки хода заслонок / Заслонки транспортера номер 7		Время хода задвижки от открытого состояния к закрытому
526	T7LatchCalCloseTime6	Integer	СилКорпус / Калибровки хода заслонок / Заслонки транспортера номер 7		Время хода задвижки от открытого состояния к закрытому
527	T7LatchCalCloseTime7	Integer	СилКорпус / Калибровки хода заслонок / Заслонки транспортера номер 7		Время хода задвижки от открытого состояния к закрытому
528	T7LatchCalCloseTime8	Integer	СилКорпус / Калибровки хода заслонок / Заслонки транспортера номер 7		Время хода задвижки от открытого состояния к закрытому
529	T7LatchCalCloseTime9	Integer	СилКорпус / Калибровки хода заслонок / Заслонки транспортера номер 7		Время хода задвижки от открытого состояния к закрытому
530	T7LatchCalCloseTime10	Integer	СилКорпус / Калибровки хода заслонок / Заслонки транспортера номер 7		Время хода задвижки от открытого состояния к закрытому
909	T4LatchCalOpenTime1	Integer	СилКорпус / Калибровки хода заслонок / Заслонки транспортера номер 4		Время хода задвижки от закрытого состояния к открытому
910	T4LatchCalOpenTime2	Integer	СилКорпус / Калибровки хода заслонок / Заслонки транспортера номер 4		Время хода задвижки от закрытого состояния к открытому
911	T4LatchCalOpenTime3	Integer	СилКорпус / Калибровки хода заслонок / Заслонки транспортера номер 4		Время хода задвижки от закрытого состояния к открытому
912	T4LatchCalOpenTime4	Integer	СилКорпус / Калибровки хода заслонок / Заслонки транспортера номер 4		Время хода задвижки от закрытого состояния к открытому
913	T4LatchCalOpenTime5	Integer	СилКорпус / Калибровки хода заслонок / Заслонки транспортера номер 4		Время хода задвижки от закрытого состояния к открытому
914	T4LatchCalOpenTime6	Integer	СилКорпус / Калибровки хода заслонок / Заслонки транспортера номер 4		Время хода задвижки от закрытого состояния к открытому
915	T4LatchCalOpenTime7	Integer	СилКорпус / Калибровки хода заслонок / Заслонки транспортера номер 4		Время хода задвижки от закрытого состояния к открытому
916	T4LatchCalOpenTime8	Integer	СилКорпус / Калибровки хода заслонок / Заслонки транспортера номер 4		Время хода задвижки от закрытого состояния к открытому
917	T4LatchCalOpenTime9	Integer	СилКорпус / Калибровки хода заслонок / Заслонки транспортера номер 4		Время хода задвижки от закрытого состояния к открытому
918	T4LatchCalOpenTime10	Integer	СилКорпус / Калибровки хода заслонок / Заслонки транспортера номер 4		Время хода задвижки от закрытого состояния к открытому
919	T4LatchCalCloseTime1	Integer	СилКорпус / Калибровки хода заслонок / Заслонки транспортера номер 4		Время хода задвижки от открытого состояния к закрытому
920	T4LatchCalCloseTime2	Integer	СилКорпус / Калибровки хода заслонок / Заслонки транспортера номер 4		Время хода задвижки от открытого состояния к закрытому
921	T4LatchCalCloseTime3	Integer	СилКорпус / Калибровки хода заслонок / Заслонки транспортера номер 4		Время хода задвижки от открытого состояния к закрытому
922	T4LatchCalCloseTime4	Integer	СилКорпус / Калибровки хода заслонок / Заслонки транспортера номер 4		Время хода задвижки от открытого состояния к закрытому
923	T4LatchCalCloseTime5	Integer	СилКорпус / Калибровки хода заслонок / Заслонки транспортера номер 4		Время хода задвижки от открытого состояния к закрытому
924	T4LatchCalCloseTime6	Integer	СилКорпус / Калибровки хода заслонок / Заслонки транспортера номер 4		Время хода задвижки от открытого состояния к закрытому
925	T4LatchCalCloseTime7	Integer	СилКорпус / Калибровки хода заслонок / Заслонки транспортера номер 4		Время хода задвижки от открытого состояния к закрытому
926	T4LatchCalCloseTime8	Integer	СилКорпус / Калибровки хода заслонок / Заслонки транспортера номер 4		Время хода задвижки от открытого состояния к закрытому
927	T4LatchCalCloseTime9	Integer	СилКорпус / Калибровки хода заслонок / Заслонки транспортера номер 4		Время хода задвижки от открытого состояния к закрытому
928	T4LatchCalCloseTime10	Integer	СилКорпус / Калибровки хода заслонок / Заслонки транспортера номер 4		Время хода задвижки от открытого состояния к закрытому
929	T4ClapLatchCalOpenTime1	Integer	СилКорпус / Калибровки хода заслонок / Заслонки транспортера номер 4		Время хода задвижки от закрытого состояния к открытому
930	T4ClapLatchCalOpenTime2	Integer	СилКорпус / Калибровки хода заслонок / Заслонки транспортера номер 4		Время хода задвижки от закрытого состояния к открытому
931	T4ClapLatchCalOpenTime3	Integer	СилКорпус / Калибровки хода заслонок / Заслонки транспортера номер 4		Время хода задвижки от закрытого состояния к открытому
932	T4ClapLatchCalOpenTime4	Integer	СилКорпус / Калибровки хода заслонок / Заслонки транспортера номер 4		Время хода задвижки от закрытого состояния к открытому
933	T4ClapLatchCalOpenTime5	Integer	СилКорпус / Калибровки хода заслонок / Заслонки транспортера номер 4		Время хода задвижки от закрытого состояния к открытому
934	T4ClapLatchCalOpenTime6	Integer	СилКорпус / Калибровки хода заслонок / Заслонки транспортера номер 4		Время хода задвижки от закрытого состояния к открытому
935	T4ClapLatchCalOpenTime7	Integer	СилКорпус / Калибровки хода заслонок / Заслонки транспортера номер 4		Время хода задвижки от закрытого состояния к открытому
936	T4ClapLatchCalOpenTime8	Integer	СилКорпус / Калибровки хода заслонок / Заслонки транспортера номер 4		Время хода задвижки от закрытого состояния к открытому
937	T4ClapLatchCalOpenTime9	Integer	СилКорпус / Калибровки хода заслонок / Заслонки транспортера номер 4		Время хода задвижки от закрытого состояния к открытому
938	T4ClapLatchCalOpenTime10	Integer	СилКорпус / Калибровки хода заслонок / Заслонки транспортера номер 4		Время хода задвижки от закрытого состояния к открытому
939	T4ClapLatchCalCloseTime1	Integer	СилКорпус / Калибровки хода заслонок / Заслонки транспортера номер 4		Время хода задвижки от открытого состояния к закрытому
940	T4ClapLatchCalCloseTime2	Integer	СилКорпус / Калибровки хода заслонок / Заслонки транспортера номер 4		Время хода задвижки от открытого состояния к закрытому
941	T4ClapLatchCalCloseTime3	Integer	СилКорпус / Калибровки хода заслонок / Заслонки транспортера номер 4		Время хода задвижки от открытого состояния к закрытому
942	T4ClapLatchCalCloseTime4	Integer	СилКорпус / Калибровки хода заслонок / Заслонки транспортера номер 4		Время хода задвижки от открытого состояния к закрытому
943	T4ClapLatchCalCloseTime5	Integer	СилКорпус / Калибровки хода заслонок / Заслонки транспортера номер 4		Время хода задвижки от открытого состояния к закрытому
944	T4ClapLatchCalCloseTime6	Integer	СилКорпус / Калибровки хода заслонок / Заслонки транспортера номер 4		Время хода задвижки от открытого состояния к закрытому
945	T4ClapLatchCalCloseTime7	Integer	СилКорпус / Калибровки хода заслонок / Заслонки транспортера номер 4		Время хода задвижки от открытого состояния к закрытому
946	T4ClapLatchCalCloseTime8	Integer	СилКорпус / Калибровки хода заслонок / Заслонки транспортера номер 4		Время хода задвижки от открытого состояния к закрытому
947	T4ClapLatchCalCloseTime9	Integer	СилКорпус / Калибровки хода заслонок / Заслонки транспортера номер 4		Время хода задвижки от открытого состояния к закрытому
948	T4ClapLatchCalCloseTime10	Integer	СилКорпус / Калибровки хода заслонок / Заслонки транспортера номер 4		Время хода задвижки от открытого состояния к закрытому
949	T5LatchCalOpenTime1	Integer	СилКорпус / Калибровки хода заслонок / Заслонки транспортера номер 5		Время хода задвижки от закрытого состояния к открытому
950	T5LatchCalOpenTime2	Integer	СилКорпус / Калибровки хода заслонок / Заслонки транспортера номер 5		Время хода задвижки от закрытого состояния к открытому
951	T5LatchCalOpenTime3	Integer	СилКорпус / Калибровки хода заслонок / Заслонки транспортера номер 5		Время хода задвижки от закрытого состояния к открытому
952	T5LatchCalOpenTime4	Integer	СилКорпус / Калибровки хода заслонок / Заслонки транспортера номер 5		Время хода задвижки от закрытого состояния к открытому
953	T5LatchCalOpenTime5	Integer	СилКорпус / Калибровки хода заслонок / Заслонки транспортера номер 5		Время хода задвижки от закрытого состояния к открытому
954	T5LatchCalOpenTime6	Integer	СилКорпус / Калибровки хода заслонок / Заслонки транспортера номер 5		Время хода задвижки от закрытого состояния к открытому
955	T5LatchCalOpenTime7	Integer	СилКорпус / Калибровки хода заслонок / Заслонки транспортера номер 5		Время хода задвижки от закрытого состояния к открытому
956	T5LatchCalOpenTime8	Integer	СилКорпус / Калибровки хода заслонок / Заслонки транспортера номер 5		Время хода задвижки от закрытого состояния к открытому
957	T5LatchCalCloseTime1	Integer	СилКорпус / Калибровки хода заслонок / Заслонки транспортера номер 5		Время хода задвижки от открытого состояния к закрытому
958	T5LatchCalCloseTime2	Integer	СилКорпус / Калибровки хода заслонок / Заслонки транспортера номер 5		Время хода задвижки от открытого состояния к закрытому
959	T5LatchCalCloseTime3	Integer	СилКорпус / Калибровки хода заслонок / Заслонки транспортера номер 5		Время хода задвижки от открытого состояния к закрытому
960	T5LatchCalCloseTime4	Integer	СилКорпус / Калибровки хода заслонок / Заслонки транспортера номер 5		Время хода задвижки от открытого состояния к закрытому
961	T5LatchCalCloseTime5	Integer	СилКорпус / Калибровки хода заслонок / Заслонки транспортера номер 5		Время хода задвижки от открытого состояния к закрытому
962	T5LatchCalCloseTime6	Integer	СилКорпус / Калибровки хода заслонок / Заслонки транспортера номер 5		Время хода задвижки от открытого состояния к закрытому
963	T5LatchCalCloseTime7	Integer	СилКорпус / Калибровки хода заслонок / Заслонки транспортера номер 5		Время хода задвижки от открытого состояния к закрытому
964	T5LatchCalCloseTime8	Integer	СилКорпус / Калибровки хода заслонок / Заслонки транспортера номер 5		Время хода задвижки от открытого состояния к закрытому
965	T5ClapLatchCalOpenTime1	Integer	СилКорпус / Калибровки хода заслонок / Заслонки транспортера номер 5		Время хода задвижки от закрытого состояния к открытому
966	T5ClapLatchCalOpenTime2	Integer	СилКорпус / Калибровки хода заслонок / Заслонки транспортера номер 5		Время хода задвижки от закрытого состояния к открытому
967	T5ClapLatchCalOpenTime3	Integer	СилКорпус / Калибровки хода заслонок / Заслонки транспортера номер 5		Время хода задвижки от закрытого состояния к открытому
968	T5ClapLatchCalOpenTime4	Integer	СилКорпус / Калибровки хода заслонок / Заслонки транспортера номер 5		Время хода задвижки от закрытого состояния к открытому
969	T5ClapLatchCalOpenTime5	Integer	СилКорпус / Калибровки хода заслонок / Заслонки транспортера номер 5		Время хода задвижки от закрытого состояния к открытому
970	T5ClapLatchCalOpenTime6	Integer	СилКорпус / Калибровки хода заслонок / Заслонки транспортера номер 5		Время хода задвижки от закрытого состояния к открытому
971	T5ClapLatchCalOpenTime7	Integer	СилКорпус / Калибровки хода заслонок / Заслонки транспортера номер 5		Время хода задвижки от закрытого состояния к открытому
972	T5ClapLatchCalOpenTime8	Integer	СилКорпус / Калибровки хода заслонок / Заслонки транспортера номер 5		Время хода задвижки от закрытого состояния к открытому
973	T5ClapLatchCalCloseTime1	Integer	СилКорпус / Калибровки хода заслонок / Заслонки транспортера номер 5		Время хода задвижки от открытого состояния к закрытому
974	T5ClapLatchCalCloseTime2	Integer	СилКорпус / Калибровки хода заслонок / Заслонки транспортера номер 5		Время хода задвижки от открытого состояния к закрытому
975	T5ClapLatchCalCloseTime3	Integer	СилКорпус / Калибровки хода заслонок / Заслонки транспортера номер 5		Время хода задвижки от открытого состояния к закрытому
976	T5ClapLatchCalCloseTime4	Integer	СилКорпус / Калибровки хода заслонок / Заслонки транспортера номер 5		Время хода задвижки от открытого состояния к закрытому
977	T5ClapLatchCalCloseTime5	Integer	СилКорпус / Калибровки хода заслонок / Заслонки транспортера номер 5		Время хода задвижки от открытого состояния к закрытому
978	T5ClapLatchCalCloseTime6	Integer	СилКорпус / Калибровки хода заслонок / Заслонки транспортера номер 5		Время хода задвижки от открытого состояния к закрытому
979	T5ClapLatchCalCloseTime7	Integer	СилКорпус / Калибровки хода заслонок / Заслонки транспортера номер 5		Время хода задвижки от открытого состояния к закрытому
980	T5ClapLatchCalCloseTime8	Integer	СилКорпус / Калибровки хода заслонок / Заслонки транспортера номер 5		Время хода задвижки от открытого состояния к закрытому
1331	T1LatchCalOpenTime1	Integer	СилКорпус / Калибровки хода заслонок / Заслонки транспортера номер 1-3		Время хода задвижки от закрытого состояния к открытому
1332	T1LatchCalOpenTime2	Integer	СилКорпус / Калибровки хода заслонок / Заслонки транспортера номер 1-3		Время хода задвижки от закрытого состояния к открытому
1333	T1LatchCalOpenTime3	Integer	СилКорпус / Калибровки хода заслонок / Заслонки транспортера номер 1-3		Время хода задвижки от закрытого состояния к открытому
1334	T1LatchCalOpenTime4	Integer	СилКорпус / Калибровки хода заслонок / Заслонки транспортера номер 1-3		Время хода задвижки от закрытого состояния к открытому
1335	T1LatchCalOpenTime5	Integer	СилКорпус / Калибровки хода заслонок / Заслонки транспортера номер 1-3		Время хода задвижки от закрытого состояния к открытому
1336	T1LatchCalOpenTime6	Integer	СилКорпус / Калибровки хода заслонок / Заслонки транспортера номер 1-3		Время хода задвижки от закрытого состояния к открытому
1337	T1LatchCalOpenTime7	Integer	СилКорпус / Калибровки хода заслонок / Заслонки транспортера номер 1-3		Время хода задвижки от закрытого состояния к открытому
1338	T1LatchCalOpenTime8	Integer	СилКорпус / Калибровки хода заслонок / Заслонки транспортера номер 1-3		Время хода задвижки от закрытого состояния к открытому
1339	T1LatchCalCloseTime1	Integer	СилКорпус / Калибровки хода заслонок / Заслонки транспортера номер 1-3		Время хода задвижки от открытого состояния к закрытому
1340	T1LatchCalCloseTime2	Integer	СилКорпус / Калибровки хода заслонок / Заслонки транспортера номер 1-3		Время хода задвижки от открытого состояния к закрытому
1341	T1LatchCalCloseTime3	Integer	СилКорпус / Калибровки хода заслонок / Заслонки транспортера номер 1-3		Время хода задвижки от открытого состояния к закрытому
1342	T1LatchCalCloseTime4	Integer	СилКорпус / Калибровки хода заслонок / Заслонки транспортера номер 1-3		Время хода задвижки от открытого состояния к закрытому
1343	T1LatchCalCloseTime5	Integer	СилКорпус / Калибровки хода заслонок / Заслонки транспортера номер 1-3		Время хода задвижки от открытого состояния к закрытому
1344	T1LatchCalCloseTime6	Integer	СилКорпус / Калибровки хода заслонок / Заслонки транспортера номер 1-3		Время хода задвижки от открытого состояния к закрытому
1345	T1LatchCalCloseTime7	Integer	СилКорпус / Калибровки хода заслонок / Заслонки транспортера номер 1-3		Время хода задвижки от открытого состояния к закрытому
1346	T1LatchCalCloseTime8	Integer	СилКорпус / Калибровки хода заслонок / Заслонки транспортера номер 1-3		Время хода задвижки от открытого состояния к закрытому
1445	T1LatchCalOpenTime9	Integer	СилКорпус / Калибровки хода заслонок / Заслонки транспортера номер 1-3		Время хода задвижки от закрытого состояния к открытому
1446	T1LatchCalCloseTime9	Integer	СилКорпус / Калибровки хода заслонок / Заслонки транспортера номер 1-3		Время хода задвижки от открытого состояния к закрытому
531	T6BlockSelectStatus	Boolean	СилКорпус / Переменные управления заслонками / Заслонки транспортера номер 6		Переменная для блокировки управления заслонками транспортера
532	T6OpenStatus1	Boolean	СилКорпус / Переменные управления заслонками / Заслонки транспортера номер 6		Переменная для пуска алгоритма открытия заслонки
533	T6CloseStatus1	Boolean	СилКорпус / Переменные управления заслонками / Заслонки транспортера номер 6		Переменная для пуска алгоритма закрытия заслонки
534	T6CalStatus1	Boolean	СилКорпус / Переменные управления заслонками / Заслонки транспортера номер 6		Переменная для пуска алгоритма калибровки заслонки
536	T6OpenStatus2	Boolean	СилКорпус / Переменные управления заслонками / Заслонки транспортера номер 6		Переменная для пуска алгоритма открытия заслонки
537	T6CloseStatus2	Boolean	СилКорпус / Переменные управления заслонками / Заслонки транспортера номер 6		Переменная для пуска алгоритма закрытия заслонки
538	T6CalStatus2	Boolean	СилКорпус / Переменные управления заслонками / Заслонки транспортера номер 6		Переменная для пуска алгоритма калибровки заслонки
539	T6OpenStatus3	Boolean	СилКорпус / Переменные управления заслонками / Заслонки транспортера номер 6		Переменная для пуска алгоритма открытия заслонки
540	T6CloseStatus3	Boolean	СилКорпус / Переменные управления заслонками / Заслонки транспортера номер 6		Переменная для пуска алгоритма закрытия заслонки
541	T6CalStatus3	Boolean	СилКорпус / Переменные управления заслонками / Заслонки транспортера номер 6		Переменная для пуска алгоритма калибровки заслонки
542	T6OpenStatus4	Boolean	СилКорпус / Переменные управления заслонками / Заслонки транспортера номер 6		Переменная для пуска алгоритма открытия заслонки
543	T6CloseStatus4	Boolean	СилКорпус / Переменные управления заслонками / Заслонки транспортера номер 6		Переменная для пуска алгоритма закрытия заслонки
544	T6CalStatus4	Boolean	СилКорпус / Переменные управления заслонками / Заслонки транспортера номер 6		Переменная для пуска алгоритма калибровки заслонки
545	T6OpenStatus5	Boolean	СилКорпус / Переменные управления заслонками / Заслонки транспортера номер 6		Переменная для пуска алгоритма открытия заслонки
546	T6CloseStatus5	Boolean	СилКорпус / Переменные управления заслонками / Заслонки транспортера номер 6		Переменная для пуска алгоритма закрытия заслонки
547	T6CalStatus5	Boolean	СилКорпус / Переменные управления заслонками / Заслонки транспортера номер 6		Переменная для пуска алгоритма калибровки заслонки
548	T6OpenStatus6	Boolean	СилКорпус / Переменные управления заслонками / Заслонки транспортера номер 6		Переменная для пуска алгоритма открытия заслонки
549	T6CloseStatus6	Boolean	СилКорпус / Переменные управления заслонками / Заслонки транспортера номер 6		Переменная для пуска алгоритма закрытия заслонки
550	T6CalStatus6	Boolean	СилКорпус / Переменные управления заслонками / Заслонки транспортера номер 6		Переменная для пуска алгоритма калибровки заслонки
551	T6OpenStatus7	Boolean	СилКорпус / Переменные управления заслонками / Заслонки транспортера номер 6		Переменная для пуска алгоритма открытия заслонки
552	T6CloseStatus7	Boolean	СилКорпус / Переменные управления заслонками / Заслонки транспортера номер 6		Переменная для пуска алгоритма закрытия заслонки
553	T6CalStatus7	Boolean	СилКорпус / Переменные управления заслонками / Заслонки транспортера номер 6		Переменная для пуска алгоритма калибровки заслонки
554	T6OpenStatus8	Boolean	СилКорпус / Переменные управления заслонками / Заслонки транспортера номер 6		Переменная для пуска алгоритма открытия заслонки
555	T6CloseStatus8	Boolean	СилКорпус / Переменные управления заслонками / Заслонки транспортера номер 6		Переменная для пуска алгоритма закрытия заслонки
556	T6CalStatus8	Boolean	СилКорпус / Переменные управления заслонками / Заслонки транспортера номер 6		Переменная для пуска алгоритма калибровки заслонки
557	T6OpenStatus9	Boolean	СилКорпус / Переменные управления заслонками / Заслонки транспортера номер 6		Переменная для пуска алгоритма открытия заслонки
558	T6CloseStatus9	Boolean	СилКорпус / Переменные управления заслонками / Заслонки транспортера номер 6		Переменная для пуска алгоритма закрытия заслонки
559	T6CalStatus9	Boolean	СилКорпус / Переменные управления заслонками / Заслонки транспортера номер 6		Переменная для пуска алгоритма калибровки заслонки
560	T6OpenStatus10	Boolean	СилКорпус / Переменные управления заслонками / Заслонки транспортера номер 6		Переменная для пуска алгоритма открытия заслонки
561	T6CloseStatus10	Boolean	СилКорпус / Переменные управления заслонками / Заслонки транспортера номер 6		Переменная для пуска алгоритма закрытия заслонки
562	T6CalStatus10	Boolean	СилКорпус / Переменные управления заслонками / Заслонки транспортера номер 6		Переменная для пуска алгоритма калибровки заслонки
563	T7BlockSelectStatus	Boolean	СилКорпус / Переменные управления заслонками / Заслонки транспортера номер 7		Переменная для блокировки управления заслонками транспортера
564	T7OpenStatus1	Boolean	СилКорпус / Переменные управления заслонками / Заслонки транспортера номер 7		Переменная для пуска алгоритма открытия заслонки
565	T7CloseStatus1	Boolean	СилКорпус / Переменные управления заслонками / Заслонки транспортера номер 7		Переменная для пуска алгоритма закрытия заслонки
566	T7CalStatus1	Boolean	СилКорпус / Переменные управления заслонками / Заслонки транспортера номер 7		Переменная для пуска алгоритма калибровки заслонки
567	T7OpenStatus2	Boolean	СилКорпус / Переменные управления заслонками / Заслонки транспортера номер 7		Переменная для пуска алгоритма открытия заслонки
568	T7CloseStatus2	Boolean	СилКорпус / Переменные управления заслонками / Заслонки транспортера номер 7		Переменная для пуска алгоритма закрытия заслонки
569	T7CalStatus2	Boolean	СилКорпус / Переменные управления заслонками / Заслонки транспортера номер 7		Переменная для пуска алгоритма калибровки заслонки
570	T7OpenStatus3	Boolean	СилКорпус / Переменные управления заслонками / Заслонки транспортера номер 7		Переменная для пуска алгоритма открытия заслонки
571	T7CloseStatus3	Boolean	СилКорпус / Переменные управления заслонками / Заслонки транспортера номер 7		Переменная для пуска алгоритма закрытия заслонки
572	T7CalStatus3	Boolean	СилКорпус / Переменные управления заслонками / Заслонки транспортера номер 7		Переменная для пуска алгоритма калибровки заслонки
573	T7OpenStatus4	Boolean	СилКорпус / Переменные управления заслонками / Заслонки транспортера номер 7		Переменная для пуска алгоритма открытия заслонки
574	T7CloseStatus4	Boolean	СилКорпус / Переменные управления заслонками / Заслонки транспортера номер 7		Переменная для пуска алгоритма закрытия заслонки
575	T7CalStatus4	Boolean	СилКорпус / Переменные управления заслонками / Заслонки транспортера номер 7		Переменная для пуска алгоритма калибровки заслонки
576	T7OpenStatus5	Boolean	СилКорпус / Переменные управления заслонками / Заслонки транспортера номер 7		Переменная для пуска алгоритма открытия заслонки
577	T7CloseStatus5	Boolean	СилКорпус / Переменные управления заслонками / Заслонки транспортера номер 7		Переменная для пуска алгоритма закрытия заслонки
578	T7CalStatus5	Boolean	СилКорпус / Переменные управления заслонками / Заслонки транспортера номер 7		Переменная для пуска алгоритма калибровки заслонки
579	T7OpenStatus6	Boolean	СилКорпус / Переменные управления заслонками / Заслонки транспортера номер 7		Переменная для пуска алгоритма открытия заслонки
580	T7CloseStatus6	Boolean	СилКорпус / Переменные управления заслонками / Заслонки транспортера номер 7		Переменная для пуска алгоритма закрытия заслонки
581	T7CalStatus6	Boolean	СилКорпус / Переменные управления заслонками / Заслонки транспортера номер 7		Переменная для пуска алгоритма калибровки заслонки
582	T7OpenStatus7	Boolean	СилКорпус / Переменные управления заслонками / Заслонки транспортера номер 7		Переменная для пуска алгоритма открытия заслонки
583	T7CloseStatus7	Boolean	СилКорпус / Переменные управления заслонками / Заслонки транспортера номер 7		Переменная для пуска алгоритма закрытия заслонки
584	T7CalStatus7	Boolean	СилКорпус / Переменные управления заслонками / Заслонки транспортера номер 7		Переменная для пуска алгоритма калибровки заслонки
585	T7OpenStatus8	Boolean	СилКорпус / Переменные управления заслонками / Заслонки транспортера номер 7		Переменная для пуска алгоритма открытия заслонки
586	T7CloseStatus8	Boolean	СилКорпус / Переменные управления заслонками / Заслонки транспортера номер 7		Переменная для пуска алгоритма закрытия заслонки
587	T7CalStatus8	Boolean	СилКорпус / Переменные управления заслонками / Заслонки транспортера номер 7		Переменная для пуска алгоритма калибровки заслонки
588	T7OpenStatus9	Boolean	СилКорпус / Переменные управления заслонками / Заслонки транспортера номер 7		Переменная для пуска алгоритма открытия заслонки
589	T7CloseStatus9	Boolean	СилКорпус / Переменные управления заслонками / Заслонки транспортера номер 7		Переменная для пуска алгоритма закрытия заслонки
590	T7CalStatus9	Boolean	СилКорпус / Переменные управления заслонками / Заслонки транспортера номер 7		Переменная для пуска алгоритма калибровки заслонки
591	T7OpenStatus10	Boolean	СилКорпус / Переменные управления заслонками / Заслонки транспортера номер 7		Переменная для пуска алгоритма открытия заслонки
592	T7CloseStatus10	Boolean	СилКорпус / Переменные управления заслонками / Заслонки транспортера номер 7		Переменная для пуска алгоритма закрытия заслонки
593	T7CalStatus10	Boolean	СилКорпус / Переменные управления заслонками / Заслонки транспортера номер 7		Переменная для пуска алгоритма калибровки заслонки
777	T6AlarmStatus	Boolean	СилКорпус / Переменные управления заслонками / Служебные переменные заслонок		Включение оповещения движения задвижек
778	T7AlarmStatus	Boolean	СилКорпус / Переменные управления заслонками / Служебные переменные заслонок		Включение оповещения движения задвижек
797	T4BlockSelectStatus	Boolean	СилКорпус / Переменные управления заслонками / Заслонки транспортера номер 4		Переменная для блокировки управления заслонками транспортера
799	T4ClapBlockSelectStatus	Boolean	СилКорпус / Переменные управления заслонками / Заслонки транспортера номер 4		Переменная для блокировки управления заслонками транспортера
801	T4OpenStatus1	Boolean	СилКорпус / Переменные управления заслонками / Заслонки транспортера номер 4		Переменная для пуска алгоритма открытия заслонки
802	T4CloseStatus1	Boolean	СилКорпус / Переменные управления заслонками / Заслонки транспортера номер 4		Переменная для пуска алгоритма закрытия заслонки
803	T4CalStatus1	Boolean	СилКорпус / Переменные управления заслонками / Заслонки транспортера номер 4		Переменная для пуска алгоритма калибровки заслонки
804	T4OpenStatus2	Boolean	СилКорпус / Переменные управления заслонками / Заслонки транспортера номер 4		Переменная для пуска алгоритма открытия заслонки
805	T4CloseStatus2	Boolean	СилКорпус / Переменные управления заслонками / Заслонки транспортера номер 4		Переменная для пуска алгоритма закрытия заслонки
806	T4CalStatus2	Boolean	СилКорпус / Переменные управления заслонками / Заслонки транспортера номер 4		Переменная для пуска алгоритма калибровки заслонки
807	T4OpenStatus3	Boolean	СилКорпус / Переменные управления заслонками / Заслонки транспортера номер 4		Переменная для пуска алгоритма открытия заслонки
808	T4CloseStatus3	Boolean	СилКорпус / Переменные управления заслонками / Заслонки транспортера номер 4		Переменная для пуска алгоритма закрытия заслонки
809	T4CalStatus3	Boolean	СилКорпус / Переменные управления заслонками / Заслонки транспортера номер 4		Переменная для пуска алгоритма калибровки заслонки
810	T4OpenStatus4	Boolean	СилКорпус / Переменные управления заслонками / Заслонки транспортера номер 4		Переменная для пуска алгоритма открытия заслонки
811	T4CloseStatus4	Boolean	СилКорпус / Переменные управления заслонками / Заслонки транспортера номер 4		Переменная для пуска алгоритма закрытия заслонки
812	T4CalStatus4	Boolean	СилКорпус / Переменные управления заслонками / Заслонки транспортера номер 4		Переменная для пуска алгоритма калибровки заслонки
813	T4OpenStatus5	Boolean	СилКорпус / Переменные управления заслонками / Заслонки транспортера номер 4		Переменная для пуска алгоритма открытия заслонки
814	T4CloseStatus5	Boolean	СилКорпус / Переменные управления заслонками / Заслонки транспортера номер 4		Переменная для пуска алгоритма закрытия заслонки
815	T4CalStatus5	Boolean	СилКорпус / Переменные управления заслонками / Заслонки транспортера номер 4		Переменная для пуска алгоритма калибровки заслонки
816	T4OpenStatus6	Boolean	СилКорпус / Переменные управления заслонками / Заслонки транспортера номер 4		Переменная для пуска алгоритма открытия заслонки
817	T4CloseStatus6	Boolean	СилКорпус / Переменные управления заслонками / Заслонки транспортера номер 4		Переменная для пуска алгоритма закрытия заслонки
818	T4CalStatus6	Boolean	СилКорпус / Переменные управления заслонками / Заслонки транспортера номер 4		Переменная для пуска алгоритма калибровки заслонки
819	T4OpenStatus7	Boolean	СилКорпус / Переменные управления заслонками / Заслонки транспортера номер 4		Переменная для пуска алгоритма открытия заслонки
820	T4CloseStatus7	Boolean	СилКорпус / Переменные управления заслонками / Заслонки транспортера номер 4		Переменная для пуска алгоритма закрытия заслонки
821	T4CalStatus7	Boolean	СилКорпус / Переменные управления заслонками / Заслонки транспортера номер 4		Переменная для пуска алгоритма калибровки заслонки
822	T4OpenStatus8	Boolean	СилКорпус / Переменные управления заслонками / Заслонки транспортера номер 4		Переменная для пуска алгоритма открытия заслонки
823	T4CloseStatus8	Boolean	СилКорпус / Переменные управления заслонками / Заслонки транспортера номер 4		Переменная для пуска алгоритма закрытия заслонки
824	T4CalStatus8	Boolean	СилКорпус / Переменные управления заслонками / Заслонки транспортера номер 4		Переменная для пуска алгоритма калибровки заслонки
825	T4OpenStatus9	Boolean	СилКорпус / Переменные управления заслонками / Заслонки транспортера номер 4		Переменная для пуска алгоритма открытия заслонки
826	T4CloseStatus9	Boolean	СилКорпус / Переменные управления заслонками / Заслонки транспортера номер 4		Переменная для пуска алгоритма закрытия заслонки
827	T4CalStatus9	Boolean	СилКорпус / Переменные управления заслонками / Заслонки транспортера номер 4		Переменная для пуска алгоритма калибровки заслонки
828	T4OpenStatus10	Boolean	СилКорпус / Переменные управления заслонками / Заслонки транспортера номер 4		Переменная для пуска алгоритма открытия заслонки
829	T4CloseStatus10	Boolean	СилКорпус / Переменные управления заслонками / Заслонки транспортера номер 4		Переменная для пуска алгоритма закрытия заслонки
830	T4CalStatus10	Boolean	СилКорпус / Переменные управления заслонками / Заслонки транспортера номер 4		Переменная для пуска алгоритма калибровки заслонки
831	T4ClapOpenStatus1	Boolean	СилКорпус / Переменные управления заслонками / Заслонки транспортера номер 4		Переменная для пуска алгоритма открытия заслонки
832	T4ClapCloseStatus1	Boolean	СилКорпус / Переменные управления заслонками / Заслонки транспортера номер 4		Переменная для пуска алгоритма закрытия заслонки
833	T4ClapCalStatus1	Boolean	СилКорпус / Переменные управления заслонками / Заслонки транспортера номер 4		Переменная для пуска алгоритма калибровки заслонки
834	T4ClapOpenStatus2	Boolean	СилКорпус / Переменные управления заслонками / Заслонки транспортера номер 4		Переменная для пуска алгоритма открытия заслонки
835	T4ClapCloseStatus2	Boolean	СилКорпус / Переменные управления заслонками / Заслонки транспортера номер 4		Переменная для пуска алгоритма закрытия заслонки
836	T4ClapCalStatus2	Boolean	СилКорпус / Переменные управления заслонками / Заслонки транспортера номер 4		Переменная для пуска алгоритма калибровки заслонки
837	T4ClapOpenStatus3	Boolean	СилКорпус / Переменные управления заслонками / Заслонки транспортера номер 4		Переменная для пуска алгоритма открытия заслонки
838	T4ClapCloseStatus3	Boolean	СилКорпус / Переменные управления заслонками / Заслонки транспортера номер 4		Переменная для пуска алгоритма закрытия заслонки
839	T4ClapCalStatus3	Boolean	СилКорпус / Переменные управления заслонками / Заслонки транспортера номер 4		Переменная для пуска алгоритма калибровки заслонки
840	T4ClapOpenStatus4	Boolean	СилКорпус / Переменные управления заслонками / Заслонки транспортера номер 4		Переменная для пуска алгоритма открытия заслонки
841	T4ClapCloseStatus4	Boolean	СилКорпус / Переменные управления заслонками / Заслонки транспортера номер 4		Переменная для пуска алгоритма закрытия заслонки
842	T4ClapCalStatus4	Boolean	СилКорпус / Переменные управления заслонками / Заслонки транспортера номер 4		Переменная для пуска алгоритма калибровки заслонки
843	T4ClapOpenStatus5	Boolean	СилКорпус / Переменные управления заслонками / Заслонки транспортера номер 4		Переменная для пуска алгоритма открытия заслонки
844	T4ClapCloseStatus5	Boolean	СилКорпус / Переменные управления заслонками / Заслонки транспортера номер 4		Переменная для пуска алгоритма закрытия заслонки
845	T4ClapCalStatus5	Boolean	СилКорпус / Переменные управления заслонками / Заслонки транспортера номер 4		Переменная для пуска алгоритма калибровки заслонки
846	T4ClapOpenStatus6	Boolean	СилКорпус / Переменные управления заслонками / Заслонки транспортера номер 4		Переменная для пуска алгоритма открытия заслонки
847	T4ClapCloseStatus6	Boolean	СилКорпус / Переменные управления заслонками / Заслонки транспортера номер 4		Переменная для пуска алгоритма закрытия заслонки
848	T4ClapCalStatus6	Boolean	СилКорпус / Переменные управления заслонками / Заслонки транспортера номер 4		Переменная для пуска алгоритма калибровки заслонки
849	T4ClapOpenStatus7	Boolean	СилКорпус / Переменные управления заслонками / Заслонки транспортера номер 4		Переменная для пуска алгоритма открытия заслонки
850	T4ClapCloseStatus7	Boolean	СилКорпус / Переменные управления заслонками / Заслонки транспортера номер 4		Переменная для пуска алгоритма закрытия заслонки
851	T4ClapCalStatus7	Boolean	СилКорпус / Переменные управления заслонками / Заслонки транспортера номер 4		Переменная для пуска алгоритма калибровки заслонки
852	T4ClapOpenStatus8	Boolean	СилКорпус / Переменные управления заслонками / Заслонки транспортера номер 4		Переменная для пуска алгоритма открытия заслонки
853	T4ClapCloseStatus8	Boolean	СилКорпус / Переменные управления заслонками / Заслонки транспортера номер 4		Переменная для пуска алгоритма закрытия заслонки
854	T4ClapCalStatus8	Boolean	СилКорпус / Переменные управления заслонками / Заслонки транспортера номер 4		Переменная для пуска алгоритма калибровки заслонки
855	T4ClapOpenStatus9	Boolean	СилКорпус / Переменные управления заслонками / Заслонки транспортера номер 4		Переменная для пуска алгоритма открытия заслонки
856	T4ClapCloseStatus9	Boolean	СилКорпус / Переменные управления заслонками / Заслонки транспортера номер 4		Переменная для пуска алгоритма закрытия заслонки
857	T4ClapCalStatus9	Boolean	СилКорпус / Переменные управления заслонками / Заслонки транспортера номер 4		Переменная для пуска алгоритма калибровки заслонки
858	T4ClapOpenStatus10	Boolean	СилКорпус / Переменные управления заслонками / Заслонки транспортера номер 4		Переменная для пуска алгоритма открытия заслонки
859	T4ClapCloseStatus10	Boolean	СилКорпус / Переменные управления заслонками / Заслонки транспортера номер 4		Переменная для пуска алгоритма закрытия заслонки
860	T4ClapCalStatus10	Boolean	СилКорпус / Переменные управления заслонками / Заслонки транспортера номер 4		Переменная для пуска алгоритма калибровки заслонки
798	T5BlockSelectStatus	Boolean	СилКорпус / Переменные управления заслонками / Заслонки транспортера номер 5		Переменная для блокировки управления заслонками транспортера
800	T5ClapBlockSelectStatus	Boolean	СилКорпус / Переменные управления заслонками / Заслонки транспортера номер 5		Переменная для блокировки управления заслонками транспортера
861	T5OpenStatus1	Boolean	СилКорпус / Переменные управления заслонками / Заслонки транспортера номер 5		Переменная для пуска алгоритма открытия заслонки
862	T5CloseStatus1	Boolean	СилКорпус / Переменные управления заслонками / Заслонки транспортера номер 5		Переменная для пуска алгоритма закрытия заслонки
863	T5CalStatus1	Boolean	СилКорпус / Переменные управления заслонками / Заслонки транспортера номер 5		Переменная для пуска алгоритма калибровки заслонки
864	T5OpenStatus2	Boolean	СилКорпус / Переменные управления заслонками / Заслонки транспортера номер 5		Переменная для пуска алгоритма открытия заслонки
865	T5CloseStatus2	Boolean	СилКорпус / Переменные управления заслонками / Заслонки транспортера номер 5		Переменная для пуска алгоритма закрытия заслонки
866	T5CalStatus2	Boolean	СилКорпус / Переменные управления заслонками / Заслонки транспортера номер 5		Переменная для пуска алгоритма калибровки заслонки
867	T5OpenStatus3	Boolean	СилКорпус / Переменные управления заслонками / Заслонки транспортера номер 5		Переменная для пуска алгоритма открытия заслонки
868	T5CloseStatus3	Boolean	СилКорпус / Переменные управления заслонками / Заслонки транспортера номер 5		Переменная для пуска алгоритма закрытия заслонки
869	T5CalStatus3	Boolean	СилКорпус / Переменные управления заслонками / Заслонки транспортера номер 5		Переменная для пуска алгоритма калибровки заслонки
870	T5OpenStatus4	Boolean	СилКорпус / Переменные управления заслонками / Заслонки транспортера номер 5		Переменная для пуска алгоритма открытия заслонки
871	T5CloseStatus4	Boolean	СилКорпус / Переменные управления заслонками / Заслонки транспортера номер 5		Переменная для пуска алгоритма закрытия заслонки
872	T5CalStatus4	Boolean	СилКорпус / Переменные управления заслонками / Заслонки транспортера номер 5		Переменная для пуска алгоритма калибровки заслонки
873	T5OpenStatus5	Boolean	СилКорпус / Переменные управления заслонками / Заслонки транспортера номер 5		Переменная для пуска алгоритма открытия заслонки
874	T5CloseStatus5	Boolean	СилКорпус / Переменные управления заслонками / Заслонки транспортера номер 5		Переменная для пуска алгоритма закрытия заслонки
875	T5CalStatus5	Boolean	СилКорпус / Переменные управления заслонками / Заслонки транспортера номер 5		Переменная для пуска алгоритма калибровки заслонки
876	T5OpenStatus6	Boolean	СилКорпус / Переменные управления заслонками / Заслонки транспортера номер 5		Переменная для пуска алгоритма открытия заслонки
877	T5CloseStatus6	Boolean	СилКорпус / Переменные управления заслонками / Заслонки транспортера номер 5		Переменная для пуска алгоритма закрытия заслонки
878	T5CalStatus6	Boolean	СилКорпус / Переменные управления заслонками / Заслонки транспортера номер 5		Переменная для пуска алгоритма калибровки заслонки
879	T5OpenStatus7	Boolean	СилКорпус / Переменные управления заслонками / Заслонки транспортера номер 5		Переменная для пуска алгоритма открытия заслонки
880	T5CloseStatus7	Boolean	СилКорпус / Переменные управления заслонками / Заслонки транспортера номер 5		Переменная для пуска алгоритма закрытия заслонки
881	T5CalStatus7	Boolean	СилКорпус / Переменные управления заслонками / Заслонки транспортера номер 5		Переменная для пуска алгоритма калибровки заслонки
882	T5OpenStatus8	Boolean	СилКорпус / Переменные управления заслонками / Заслонки транспортера номер 5		Переменная для пуска алгоритма открытия заслонки
883	T5CloseStatus8	Boolean	СилКорпус / Переменные управления заслонками / Заслонки транспортера номер 5		Переменная для пуска алгоритма закрытия заслонки
884	T5CalStatus8	Boolean	СилКорпус / Переменные управления заслонками / Заслонки транспортера номер 5		Переменная для пуска алгоритма калибровки заслонки
885	T5ClapOpenStatus1	Boolean	СилКорпус / Переменные управления заслонками / Заслонки транспортера номер 5		Переменная для пуска алгоритма открытия заслонки
886	T5ClapCloseStatus1	Boolean	СилКорпус / Переменные управления заслонками / Заслонки транспортера номер 5		Переменная для пуска алгоритма закрытия заслонки
887	T5ClapCalStatus1	Boolean	СилКорпус / Переменные управления заслонками / Заслонки транспортера номер 5		Переменная для пуска алгоритма калибровки заслонки
888	T5ClapOpenStatus2	Boolean	СилКорпус / Переменные управления заслонками / Заслонки транспортера номер 5		Переменная для пуска алгоритма открытия заслонки
889	T5ClapCloseStatus2	Boolean	СилКорпус / Переменные управления заслонками / Заслонки транспортера номер 5		Переменная для пуска алгоритма закрытия заслонки
890	T5ClapCalStatus2	Boolean	СилКорпус / Переменные управления заслонками / Заслонки транспортера номер 5		Переменная для пуска алгоритма калибровки заслонки
891	T5ClapOpenStatus3	Boolean	СилКорпус / Переменные управления заслонками / Заслонки транспортера номер 5		Переменная для пуска алгоритма открытия заслонки
892	T5ClapCloseStatus3	Boolean	СилКорпус / Переменные управления заслонками / Заслонки транспортера номер 5		Переменная для пуска алгоритма закрытия заслонки
893	T5ClapCalStatus3	Boolean	СилКорпус / Переменные управления заслонками / Заслонки транспортера номер 5		Переменная для пуска алгоритма калибровки заслонки
894	T5ClapOpenStatus4	Boolean	СилКорпус / Переменные управления заслонками / Заслонки транспортера номер 5		Переменная для пуска алгоритма открытия заслонки
895	T5ClapCloseStatus4	Boolean	СилКорпус / Переменные управления заслонками / Заслонки транспортера номер 5		Переменная для пуска алгоритма закрытия заслонки
896	T5ClapCalStatus4	Boolean	СилКорпус / Переменные управления заслонками / Заслонки транспортера номер 5		Переменная для пуска алгоритма калибровки заслонки
897	T5ClapOpenStatus5	Boolean	СилКорпус / Переменные управления заслонками / Заслонки транспортера номер 5		Переменная для пуска алгоритма открытия заслонки
898	T5ClapCloseStatus5	Boolean	СилКорпус / Переменные управления заслонками / Заслонки транспортера номер 5		Переменная для пуска алгоритма закрытия заслонки
899	T5ClapCalStatus5	Boolean	СилКорпус / Переменные управления заслонками / Заслонки транспортера номер 5		Переменная для пуска алгоритма калибровки заслонки
900	T5ClapOpenStatus6	Boolean	СилКорпус / Переменные управления заслонками / Заслонки транспортера номер 5		Переменная для пуска алгоритма открытия заслонки
901	T5ClapCloseStatus6	Boolean	СилКорпус / Переменные управления заслонками / Заслонки транспортера номер 5		Переменная для пуска алгоритма закрытия заслонки
902	T5ClapCalStatus6	Boolean	СилКорпус / Переменные управления заслонками / Заслонки транспортера номер 5		Переменная для пуска алгоритма калибровки заслонки
903	T5ClapOpenStatus7	Boolean	СилКорпус / Переменные управления заслонками / Заслонки транспортера номер 5		Переменная для пуска алгоритма открытия заслонки
904	T5ClapCloseStatus7	Boolean	СилКорпус / Переменные управления заслонками / Заслонки транспортера номер 5		Переменная для пуска алгоритма закрытия заслонки
905	T5ClapCalStatus7	Boolean	СилКорпус / Переменные управления заслонками / Заслонки транспортера номер 5		Переменная для пуска алгоритма калибровки заслонки
906	T5ClapOpenStatus8	Boolean	СилКорпус / Переменные управления заслонками / Заслонки транспортера номер 5		Переменная для пуска алгоритма открытия заслонки
907	T5ClapCloseStatus8	Boolean	СилКорпус / Переменные управления заслонками / Заслонки транспортера номер 5		Переменная для пуска алгоритма закрытия заслонки
908	T5ClapCalStatus8	Boolean	СилКорпус / Переменные управления заслонками / Заслонки транспортера номер 5		Переменная для пуска алгоритма калибровки заслонки
1363	T1BlockSelectStatus	Boolean	СилКорпус / Переменные управления заслонками / Заслонки транспортера номер 1-3		Переменная для блокировки управления заслонками транспортера
1364	T1OpenStatus1	Boolean	СилКорпус / Переменные управления заслонками / Заслонки транспортера номер 1-3		Переменная для пуска алгоритма открытия заслонки
1365	T1CloseStatus1	Boolean	СилКорпус / Переменные управления заслонками / Заслонки транспортера номер 1-3		Переменная для пуска алгоритма закрытия заслонки
1366	T1CalStatus1	Boolean	СилКорпус / Переменные управления заслонками / Заслонки транспортера номер 1-3		Переменная для пуска алгоритма калибровки заслонки
1367	T1OpenStatus2	Boolean	СилКорпус / Переменные управления заслонками / Заслонки транспортера номер 1-3		Переменная для пуска алгоритма открытия заслонки
1368	T1CloseStatus2	Boolean	СилКорпус / Переменные управления заслонками / Заслонки транспортера номер 1-3		Переменная для пуска алгоритма закрытия заслонки
1369	T1CalStatus2	Boolean	СилКорпус / Переменные управления заслонками / Заслонки транспортера номер 1-3		Переменная для пуска алгоритма калибровки заслонки
1370	T1OpenStatus3	Boolean	СилКорпус / Переменные управления заслонками / Заслонки транспортера номер 1-3		Переменная для пуска алгоритма открытия заслонки
1371	T1CloseStatus3	Boolean	СилКорпус / Переменные управления заслонками / Заслонки транспортера номер 1-3		Переменная для пуска алгоритма закрытия заслонки
1372	T1CalStatus3	Boolean	СилКорпус / Переменные управления заслонками / Заслонки транспортера номер 1-3		Переменная для пуска алгоритма калибровки заслонки
1373	T1OpenStatus4	Boolean	СилКорпус / Переменные управления заслонками / Заслонки транспортера номер 1-3		Переменная для пуска алгоритма открытия заслонки
1374	T1CloseStatus4	Boolean	СилКорпус / Переменные управления заслонками / Заслонки транспортера номер 1-3		Переменная для пуска алгоритма закрытия заслонки
1375	T1CalStatus4	Boolean	СилКорпус / Переменные управления заслонками / Заслонки транспортера номер 1-3		Переменная для пуска алгоритма калибровки заслонки
1376	T1OpenStatus5	Boolean	СилКорпус / Переменные управления заслонками / Заслонки транспортера номер 1-3		Переменная для пуска алгоритма открытия заслонки
1377	T1CloseStatus5	Boolean	СилКорпус / Переменные управления заслонками / Заслонки транспортера номер 1-3		Переменная для пуска алгоритма закрытия заслонки
1378	T1CalStatus5	Boolean	СилКорпус / Переменные управления заслонками / Заслонки транспортера номер 1-3		Переменная для пуска алгоритма калибровки заслонки
1379	T1OpenStatus6	Boolean	СилКорпус / Переменные управления заслонками / Заслонки транспортера номер 1-3		Переменная для пуска алгоритма открытия заслонки
1380	T1CloseStatus6	Boolean	СилКорпус / Переменные управления заслонками / Заслонки транспортера номер 1-3		Переменная для пуска алгоритма закрытия заслонки
1381	T1CalStatus6	Boolean	СилКорпус / Переменные управления заслонками / Заслонки транспортера номер 1-3		Переменная для пуска алгоритма калибровки заслонки
1382	T1OpenStatus7	Boolean	СилКорпус / Переменные управления заслонками / Заслонки транспортера номер 1-3		Переменная для пуска алгоритма открытия заслонки
1383	T1CloseStatus7	Boolean	СилКорпус / Переменные управления заслонками / Заслонки транспортера номер 1-3		Переменная для пуска алгоритма закрытия заслонки
1384	T1CalStatus7	Boolean	СилКорпус / Переменные управления заслонками / Заслонки транспортера номер 1-3		Переменная для пуска алгоритма калибровки заслонки
1385	T1OpenStatus8	Boolean	СилКорпус / Переменные управления заслонками / Заслонки транспортера номер 1-3		Переменная для пуска алгоритма открытия заслонки
1386	T1CloseStatus8	Boolean	СилКорпус / Переменные управления заслонками / Заслонки транспортера номер 1-3		Переменная для пуска алгоритма закрытия заслонки
1387	T1CalStatus8	Boolean	СилКорпус / Переменные управления заслонками / Заслонки транспортера номер 1-3		Переменная для пуска алгоритма калибровки заслонки
1447	T1OpenStatus9	Boolean	СилКорпус / Переменные управления заслонками / Заслонки транспортера номер 1-3		Переменная для пуска алгоритма открытия заслонки
1448	T1CloseStatus9	Boolean	СилКорпус / Переменные управления заслонками / Заслонки транспортера номер 1-3		Переменная для пуска алгоритма закрытия заслонки
1449	T1CalStatus9	Boolean	СилКорпус / Переменные управления заслонками / Заслонки транспортера номер 1-3		Переменная для пуска алгоритма калибровки заслонки
653	ManualStartStatus	Boolean	СилКорпус / Служебные переменные		Статус запускающий алгоритм запуска оборудования
695	AlarmStatus	Boolean	СилКорпус / Служебные переменные		Статус запуска аварийного звукового оповещения
698	PingPLC16Flor	Boolean	СилКорпус / Служебные переменные		Переменная контроля состояни связи с контроллером
1507	BlockControl	Boolean	СилКорпус / Служебные переменные		Защитные блокировки механизмов
1395	L1_D1_Weight	Double	СилКорпус / Переменные весового терминала	L1_D1_Weight	
1396	L1_D1_S_Start	Word	СилКорпус / Переменные весового терминала	L1_D1_S_Start	
1397	L1_D1_S_Stop	Word	СилКорпус / Переменные весового терминала	L1_D1_S_Stop	
1398	L1_D1_S_Dose	Word	СилКорпус / Переменные весового терминала	L1_D1_S_Dose	
1399	L1_D1_S_Pause	Word	СилКорпус / Переменные весового терминала	L1_D1_S_Pause	
1400	L1_D1_S_Load	Word	СилКорпус / Переменные весового терминала	L1_D1_S_Load	
1401	L1_D1_S_UnLoad	Word	СилКорпус / Переменные весового терминала	L1_D1_S_UnLoad	
1402	L1_D1_S_Error	Word	СилКорпус / Переменные весового терминала	L1_D1_S_Error	
1403	L1_D1_D_In1	Word	СилКорпус / Переменные весового терминала	L1_D1_D_In1	
1404	L1_D1_D_In2	Word	СилКорпус / Переменные весового терминала	L1_D1_D_In2	
1405	L1_D1_C_C	Double	СилКорпус / Переменные весового терминала	L1_D1_C_C	
1406	L1_D1_C_n	Double	СилКорпус / Переменные весового терминала	L1_D1_C_n	
1407	L1_D1_C_E	Double	СилКорпус / Переменные весового терминала	L1_D1_C_E	
1408	L1_D1_C_d	Double	СилКорпус / Переменные весового терминала	L1_D1_C_d	
1409	L1_D1_C_P	Double	СилКорпус / Переменные весового терминала	L1_D1_C_P	
1410	L1_D1_C_t	Double	СилКорпус / Переменные весового терминала	L1_D1_C_t	
1411	L1_D1_Cmd	Word	СилКорпус / Переменные весового терминала	L1_D1_Cmd	
1412	L1_D1_Par_TDel	Double	СилКорпус / Переменные весового терминала	L1_D1_Par_TDel	
1413	L1_D1_Par_TDampers	Single	СилКорпус / Переменные весового терминала	L1_D1_Par_TDampers	
1414	L1_D1_Par_WLadel	Double	СилКорпус / Переменные весового терминала	L1_D1_Par_WLadel	
1415	L1_D1_Par_Capacity	Double	СилКорпус / Переменные весового терминала	L1_D1_Par_Capacity	
1416	L1_D1_Par_OSigma	Double	СилКорпус / Переменные весового терминала	L1_D1_Par_OSigma	
1417	L1_D1_D_Out1	Single	СилКорпус / Переменные весового терминала	L1_D1_D_Out1	
1418	L1_D1_D_Out2	Single	СилКорпус / Переменные весового терминала	L1_D1_D_Out2	
1419	Timer	Integer	СилКорпус / Переменные весового терминала		
1420	Count	Double	СилКорпус / Переменные весового терминала		
1421	Capacity	Double	СилКорпус / Переменные весового терминала		0.##
1422	LatchHighStatus	Boolean	СилКорпус / Переменные весового терминала		
1423	LatchBottomStatus	Boolean	СилКорпус / Переменные весового терминала		
1424	LocalCounter	Double	СилКорпус / Переменные весового терминала		
1425	LocalCounterTimer	Integer	СилКорпус / Переменные весового терминала		
1426	CalculateCount	Double	СилКорпус / Переменные весового терминала		
1427	ClearLocalCounter	Boolean	СилКорпус / Переменные весового терминала		
1428	L1_D1_Par_TankageLadel	Double	СилКорпус / Переменные весового терминала	L1_D1_Par_TankageLadel	
1505	VesRepFrom	DateTime	СилКорпус / Переменные весового терминала		
1506	VesRepTo	DateTime	СилКорпус / Переменные весового терминала		
